dEven,pOpening,pMax,pMin,pClosing,pDrCotVal,qTotTran5J,qTotCap,zTotTran,sma20,sma50,sma200,ema12,ema26,macd,macd_signal,rsi14,atr14,volume_sma20,signals
20200826,,,,100000.0,100000.0,0.0,0.0,0.0,,,,,,,,,,,
20200831,,,,100000.0,100000.0,0.0,0.0,0.0,,,,,,,,,,,
20200901,,,,100000.0,100000.0,0.0,0.0,0.0,,,,,,,,,,,
20200902,,,,100000.0,100000.0,0.0,0.0,0.0,,,,,,,,,,,
20200905,,,,100000.0,100000.0,0.0,0.0,0.0,,,,,,,,,,,
20200906,,,,100000.0,100000.0,0.0,0.0,0.0,,,,,,,,,,,
20200907,,,,100000.0,100000.0,0.0,0.0,0.0,,,,,,,,,,,
20200908,,,,100000.0,100000.0,0.0,0.0,0.0,,,,,,,,,,,
20200909,,,,100000.0,100000.0,0.0,0.0,0.0,,,,,,,,,,,
20200912,,,,100000.0,100000.0,0.0,0.0,0.0,,,,,,,,,,,
20200913,,,,100000.0,100000.0,0.0,0.0,0.0,,,,,,,,,,,
20200914,,,,100000.0,100000.0,0.0,0.0,0.0,,,,100000.0,,,,,,,
20200915,,,,100000.0,100000.0,0.0,0.0,0.0,,,,100000.0,,,,,,,
20200916,,,,100000.0,100000.0,0.0,0.0,0.0,,,,100000.0,,,,,,,
20200919,,,,100000.0,100000.0,0.0,0.0,0.0,,,,100000.0,,,,100,,,rsi_overbought
20200920,,,,100000.0,100000.0,0.0,0.0,0.0,,,,100000.0,,,,100,,,rsi_overbought
20200921,,,,100000.0,100000.0,0.0,0.0,0.0,,,,100000.0,,,,100,,,rsi_overbought
20200922,,,,100000.0,100000.0,0.0,0.0,0.0,,,,100000.0,,,,100,,,rsi_overbought
20200923,,,,100000.0,100000.0,0.0,0.0,0.0,,,,100000.0,,,,100,,,rsi_overbought
20200926,,,,100000.0,100000.0,0.0,0.0,0.0,100000.0,,,100000.0,,,,100,,0.0,rsi_overbought
20200927,,,,100000.0,100000.0,0.0,0.0,0.0,100000.0,,,100000.0,,,,100,,0.0,rsi_overbought
20200928,,,,100000.0,100000.0,0.0,0.0,0.0,100000.0,,,100000.0,,,,100,,0.0,rsi_overbought
20200929,,,,100000.0,100000.0,0.0,0.0,0.0,100000.0,,,100000.0,,,,100,,0.0,rsi_overbought
20200930,,,,100000.0,100000.0,0.0,0.0,0.0,100000.0,,,100000.0,,,,100,,0.0,rsi_overbought
20201003,,,,100000.0,100000.0,0.0,0.0,0.0,100000.0,,,100000.0,,,,100,,0.0,rsi_overbought
20201004,,,,100000.0,100000.0,0.0,0.0,0.0,100000.0,,,100000.0,100000.0,0.0,,100,,0.0,rsi_overbought
20201005,,,,100000.0,100000.0,0.0,0.0,0.0,100000.0,,,100000.0,100000.0,0.0,,100,,0.0,rsi_overbought
20201006,,,,100000.0,100000.0,0.0,0.0,0.0,100000.0,,,100000.0,100000.0,0.0,,100,,0.0,rsi_overbought
20201007,,,,100000.0,100000.0,0.0,0.0,0.0,100000.0,,,100000.0,100000.0,0.0,,100,,0.0,rsi_overbought
20201010,,,,100000.0,100000.0,0.0,0.0,0.0,100000.0,,,100000.0,100000.0,0.0,,100,,0.0,rsi_overbought
20201011,,,,100000.0,100000.0,0.0,0.0,0.0,100000.0,,,100000.0,100000.0,0.0,,100,,0.0,rsi_overbought
20201012,,,,100000.0,100000.0,0.0,0.0,0.0,100000.0,,,100000.0,100000.0,0.0,,100,,0.0,rsi_overbought
20201013,,,,100000.0,100000.0,0.0,0.0,0.0,100000.0,,,100000.0,100000.0,0.0,,100,,0.0,rsi_overbought
20201014,,,,100000.0,100000.0,0.0,0.0,0.0,100000.0,,,100000.0,100000.0,0.0,0.0,100,,0.0,rsi_overbought
20201018,,,,100000.0,100000.0,0.0,0.0,0.0,100000.0,,,100000.0,100000.0,0.0,0.0,100,,0.0,rsi_overbought
20201019,,,,100000.0,100000.0,0.0,0.0,0.0,100000.0,,,100000.0,100000.0,0.0,0.0,100,,0.0,rsi_overbought
20201020,,,,100000.0,100000.0,0.0,0.0,0.0,100000.0,,,100000.0,100000.0,0.0,0.0,100,,0.0,rsi_overbought
20201021,,,,100000.0,100000.0,0.0,0.0,0.0,100000.0,,,100000.0,100000.0,0.0,0.0,100,,0.0,rsi_overbought
20201024,,,,100000.0,100000.0,0.0,0.0,0.0,100000.0,,,100000.0,100000.0,0.0,0.0,100,,0.0,rsi_overbought
20201026,,,,100000.0,100000.0,0.0,0.0,0.0,100000.0,,,100000.0,100000.0,0.0,0.0,100,,0.0,rsi_overbought
20201027,,,,100000.0,100000.0,0.0,0.0,0.0,100000.0,,,100000.0,100000.0,0.0,0.0,100,,0.0,rsi_overbought
20201028,,,,100000.0,100000.0,0.0,0.0,0.0,100000.0,,,100000.0,100000.0,0.0,0.0,100,,0.0,rsi_overbought
20201031,,,,100000.0,100000.0,0.0,0.0,0.0,100000.0,,,100000.0,100000.0,0.0,0.0,100,,0.0,rsi_overbought
20201101,,,,100000.0,100000.0,0.0,0.0,0.0,100000.0,,,100000.0,100000.0,0.0,0.0,100,,0.0,rsi_overbought
20201102,,,,100000.0,100000.0,0.0,0.0,0.0,100000.0,,,100000.0,100000.0,0.0,0.0,100,,0.0,rsi_overbought
20201104,,,,100000.0,100000.0,0.0,0.0,0.0,100000.0,,,100000.0,100000.0,0.0,0.0,100,,0.0,rsi_overbought
20201107,,,,100000.0,100000.0,0.0,0.0,0.0,100000.0,,,100000.0,100000.0,0.0,0.0,100,,0.0,rsi_overbought
20201108,,,,100000.0,100000.0,0.0,0.0,0.0,100000.0,,,100000.0,100000.0,0.0,0.0,100,,0.0,rsi_overbought
20201109,,,,100000.0,100000.0,0.0,0.0,0.0,100000.0,,,100000.0,100000.0,0.0,0.0,100,,0.0,rsi_overbought
20201110,,,,100000.0,100000.0,0.0,0.0,0.0,100000.0,100000.0,,100000.0,100000.0,0.0,0.0,100,,0.0,rsi_overbought
20201111,,,,100000.0,100000.0,0.0,0.0,0.0,100000.0,100000.0,,100000.0,100000.0,0.0,0.0,100,,0.0,rsi_overbought
20201114,,,,100000.0,100000.0,0.0,0.0,0.0,100000.0,100000.0,,100000.0,100000.0,0.0,0.0,100,,0.0,rsi_overbought
20201115,,,,100000.0,100000.0,0.0,0.0,0.0,100000.0,100000.0,,100000.0,100000.0,0.0,0.0,100,,0.0,rsi_overbought
20201116,,,,100000.0,100000.0,0.0,0.0,0.0,100000.0,100000.0,,100000.0,100000.0,0.0,0.0,100,,0.0,rsi_overbought
20201117,,,,100000.0,100000.0,0.0,0.0,0.0,100000.0,100000.0,,100000.0,100000.0,0.0,0.0,100,,0.0,rsi_overbought
20201118,,,,100000.0,100000.0,0.0,0.0,0.0,100000.0,100000.0,,100000.0,100000.0,0.0,0.0,100,,0.0,rsi_overbought
20201121,,,,100000.0,100000.0,0.0,0.0,0.0,100000.0,100000.0,,100000.0,100000.0,0.0,0.0,100,,0.0,rsi_overbought
20201122,,,,100000.0,100000.0,0.0,0.0,0.0,100000.0,100000.0,,100000.0,100000.0,0.0,0.0,100,,0.0,rsi_overbought
20201123,,,,100000.0,100000.0,0.0,0.0,0.0,100000.0,100000.0,,100000.0,100000.0,0.0,0.0,100,,0.0,rsi_overbought
20201124,,,,100000.0,100000.0,0.0,0.0,0.0,100000.0,100000.0,,100000.0,100000.0,0.0,0.0,100,,0.0,rsi_overbought
20201125,,,,100000.0,100000.0,0.0,0.0,0.0,100000.0,100000.0,,100000.0,100000.0,0.0,0.0,100,,0.0,rsi_overbought
20201128,,,,100000.0,100000.0,0.0,0.0,0.0,100000.0,100000.0,,100000.0,100000.0,0.0,0.0,100,,0.0,rsi_overbought
20201129,,,,100000.0,100000.0,0.0,0.0,0.0,100000.0,100000.0,,100000.0,100000.0,0.0,0.0,100,,0.0,rsi_overbought
20201130,,,,100000.0,100000.0,0.0,0.0,0.0,100000.0,100000.0,,100000.0,100000.0,0.0,0.0,100,,0.0,rsi_overbought
20201201,,,,113740.0,113300.0,36892044.0,4196028936500.0,185583.0,100687.0,100274.8,,102113.84615384616,101017.77777777778,1096.068376068375,219.21367521367503,100,,1844602.2,"trend_up,rsi_overbought,macd_bullish,volume_spike"
20201202,,,,106170.0,103560.0,80278011.0,8522905676340.0,412852.0,100995.5,100398.2,,102737.86982248521,101399.42386831275,1338.4459541724646,443.06013100543294,62.761770906535496,,5858502.75,"trend_up,macd_bullish,volume_spike"
20201205,,,,105990.0,106440.0,63247256.0,6703556775890.0,161907.0,101295.0,100518.0,,103238.19754210286,101739.46654473402,1498.7309973688389,654.1943042781141,62.1689495271855,,9020865.55,"trend_up,macd_bullish,volume_spike"
20201206,,,,108270.0,107170.0,65859801.0,7130698380870.0,142333.0,101708.5,100683.4,,104012.32099716396,102223.20976364262,1789.1112335213402,881.1776901267594,66.48701132372334,,12313855.6,"trend_up,macd_bullish,volume_spike"
20201207,,,,104470.0,102150.0,61615363.0,6436675294860.0,158174.0,101932.0,100772.8,,104082.73315144642,102389.63867003945,1693.0944814069662,1043.561048382801,55.18199307038723,,15394623.75,"trend_up,macd_bullish,volume_spike"
20201208,,,,101150.0,100390.0,41744281.0,4222260072040.0,143232.0,101989.5,100795.8,,103631.54343583928,102297.81358336986,1333.7298524694197,1101.5948092001247,47.57138401085617,,17481837.8,"macd_bullish,volume_spike"
20201209,,,,100260.0,100190.0,39613764.0,3971587099610.0,133114.0,102002.5,100801.0,,103112.84444571017,102146.86442904617,965.9800166640052,1074.4718506929007,45.749805518091556,,19462526.0,"macd_bearish,volume_spike"
20201212,,,,100140.0,100010.0,50415527.0,5048480209350.0,119785.0,102009.5,100803.8,,102655.48376175476,101998.20780467238,657.2759570823837,991.0326719707973,45.4968411970587,,21983302.35,"macd_bearish,volume_spike"
20201213,,,,104170.0,105180.0,82845166.0,8629808131030.0,157053.0,102218.0,100887.2,,102888.48625994634,102159.08130062257,729.4049593237723,938.7071294413923,54.57980348877798,,26125560.65,"trend_up,macd_bearish,volume_spike"
20201214,,,,100750.0,100010.0,45260285.0,4559894871090.0,101354.0,102255.5,100902.2,,102559.48837380075,102054.70490798386,504.78346581688675,851.9223967164913,47.365798411196636,,28388574.9,macd_bearish
20201215,,,,96980.0,94300.0,41711266.0,4045280635170.0,101151.0,102104.5,100841.8,,101701.10554706216,101678.8008407258,22.30470633636287,685.9988586404656,40.941724422647916,,30474138.2,macd_bearish
20201216,,,,94750.0,94440.0,27493062.0,2605019969040.0,59901.0,101842.0,100736.8,,100631.70469366798,101165.55633400538,-533.8516403373942,442.02875884489373,37.685818689100145,,31848791.3,macd_bearish
20201219,,,,94760.0,94130.0,22964331.0,2176036863540.0,48180.0,101580.0,100632.0,,99728.36551002675,100691.0706796346,-962.7051696078561,161.08197315434376,37.709741138672506,,32997007.85,macd_bearish
20201220,,,,91210.0,89300.0,21667726.0,1976241518650.0,58183.0,101140.5,100456.2,,98417.8477392534,99988.76914780981,-1570.9214085564163,-185.31870318780827,32.88349215622773,,34080394.15,macd_bearish
20201221,,,,89510.0,87800.0,24842583.0,2223703142090.0,53582.0,100616.0,100246.4,,97047.40962552211,99212.56402574982,-2165.154400227708,-581.2858425957883,30.8474767093538,,35322523.3,macd_bearish
20201222,,,,89090.0,90460.0,33578022.0,2991453930920.0,59822.0,100070.5,100028.2,,95823.19276005717,98462.74446828687,-2639.551708229701,-992.9390157225708,30.347543789589636,,37001424.4,macd_bearish
20201223,,,,88620.0,87200.0,19784889.0,1753272944520.0,42295.0,99501.5,99800.6,,94715.0092585099,97733.6522854508,-3018.6430269408884,-1398.0798179662343,29.76617938718576,,37990668.85,"trend_down,rsi_oversold,macd_bearish"
20201226,,,,83280.0,81740.0,20295655.0,1690185065880.0,60335.0,98665.5,99466.2,,92955.77706489299,96663.01137541741,-3707.2343105244217,-1859.910716477872,24.113933668533264,,39005451.6,"trend_down,rsi_oversold,macd_bearish"
20201227,,,,82190.0,82190.0,29299805.0,2408122247340.0,50816.0,97775.0,99110.0,,91299.50367029407,95590.93645871982,-4291.432788425751,-2346.215130867448,23.14771379254691,,40470441.85,"trend_down,rsi_oversold,macd_bearish"
20201228,,,,87120.0,88280.0,43165973.0,3760809000120.0,64943.0,97131.0,98852.4,,90656.50310563344,94963.45968399983,-4306.956578366386,-2738.3634203672354,35.69760978046915,,42628740.5,"trend_down,macd_bearish"
20201229,,,,83710.0,82310.0,24572929.0,2056951183150.0,41901.0,95629.5,98526.6,,89587.81032015136,94129.87007777762,-4542.059757626266,-3099.102687819042,31.826270550959137,,42012784.75,"trend_down,macd_bearish"
20201230,,,,81080.0,80000.0,23335119.0,1891981951040.0,43569.0,94375.0,98148.2,,88278.91642474345,93163.21303497929,-4884.296610235833,-3456.1414723024004,29.196382909528495,,39165640.15,"trend_down,rsi_oversold,macd_bearish"
20210102,,,,76110.0,74740.0,20354463.0,1549250349320.0,41777.0,92881.0,97670.4,,86406.77543632138,91900.01206942527,-5493.236633103894,-3863.560504462699,24.993362858251004,,37021000.5,"trend_down,rsi_oversold,macd_bearish"
20210103,,,,75560.0,75500.0,29460602.0,2226041865830.0,42213.0,91245.5,97181.6,,84738.0407538104,90689.6408050234,-5951.600051212998,-4281.168413812759,24.5718018832452,,35201040.55,"trend_down,rsi_oversold,macd_bearish"
20210104,,,,77000.0,76600.0,30742892.0,2367125240570.0,40334.0,89872.0,96721.6,,83547.57294553188,89675.59333798464,-6128.02039245276,-4650.53880954076,27.99613496172492,,33657417.0,"trend_down,rsi_oversold,macd_bearish"
20210105,,,,73420.0,72030.0,19198695.0,1409561355220.0,37723.0,88485.5,96190.0,,81989.48480006543,88471.47531294875,-6481.99051288332,-5016.8291502092725,24.96205002031536,,32530137.7,"trend_down,rsi_oversold,macd_bearish"
20210106,,,,68960.0,67900.0,20683722.0,1426260815390.0,41702.0,86920.5,95569.2,,79984.94867697844,87026.18084532292,-7041.232168344475,-5421.709753836313,21.7932924209169,,31583635.6,"trend_down,rsi_oversold,macd_bearish"
20210109,,,,66810.0,66960.0,22933603.0,1532167451040.0,36857.0,85254.0,94905.4,,77958.03349590485,85528.6859678916,-7570.652471986745,-5851.4982974664,20.44587326260354,,30209539.4,"trend_down,rsi_oversold,macd_bearish"
20210110,,,,69590.0,70450.0,28740506.0,2000113474840.0,38042.0,83525.0,94297.2,,76670.6437273041,84348.0425628626,-7677.3988355585025,-6216.67840508482,26.75205304317312,,27504306.4,"trend_down,rsi_oversold,macd_bearish"
20210111,,,,68630.0,67090.0,23097304.0,1585229882200.0,31658.0,81919.0,93669.8,,75433.62161541116,83183.74311376167,-7750.121498350505,-6523.367023737957,25.986007971853,,26396157.35,"trend_down,rsi_oversold,macd_bearish"
20210112,,,,63370.0,62130.0,17278104.0,1094968702130.0,34080.0,80238.5,92937.2,,73577.67982842482,81716.0584386682,-8138.3786102433805,-6846.369341039042,22.22993076703547,,25174499.25,"trend_down,rsi_oversold,macd_bearish"
20210113,,,,60730.0,60280.0,26256437.0,1594657748990.0,33041.0,78537.5,92151.8,,71601.11370097485,80161.53559135945,-8560.421890384605,-7189.1798509081555,20.61903945636537,,25112668.0,"trend_down,rsi_oversold,macd_bearish"
20210116,,,,56460.0,55720.0,20652492.0,1166092954760.0,33529.0,76622.5,91281.0,,69271.71159313257,78405.86628829579,-9134.154695163219,-7578.174819759169,18.30814030885861,,24997076.05,"trend_down,rsi_oversold,macd_bearish"
20210118,,,,52750.0,51400.0,17764894.0,937022097640.0,27384.0,74699.5,90336.0,,66729.90980957371,76505.43174842202,-9775.52193884831,-8017.644243576998,16.57043115333032,,24801934.45,"trend_down,rsi_oversold,macd_bearish"
20210119,,,,55970.0,58020.0,29031399.0,1624791078950.0,28504.0,73022.5,89455.4,,65074.5390696393,74984.28865594632,-9909.749586307022,-8396.065312123003,23.368805829945146,,25011375.25,"trend_down,rsi_oversold,macd_bearish"
20210120,,,,61560.0,61560.0,1113046.0,68519111760.0,2084.0,71646.0,88686.6,,64533.84075123325,73989.89690365401,-9456.056152420759,-8608.063480182554,33.49973122096601,,23388126.45,"trend_down,macd_bearish"
20210123,,,,67710.0,67710.0,852279.0,57707811090.0,1573.0,70600.5,88040.8,,65022.4806356589,73524.7193552352,-8502.238719576293,-8586.898528061301,42.50544664610827,,22441495.95,"trend_down,macd_bullish"
20210124,,,,74360.0,74480.0,65808764.0,4893865930090.0,55948.0,70154.5,87528.0,,66459.02207632677,73586.59199558814,-7127.569919261368,-8295.032806301315,50.33717245214776,,24717151.4,"macd_bullish,volume_spike"
20210125,,,,79870.0,81790.0,50785311.0,4056380906770.0,40686.0,70038.5,87125.4,,68522.24944919957,74052.02962554457,-5529.780176344997,-7741.9822803100515,55.719365178304436,,25791426.7,macd_bullish
20210126,,,,86860.0,84990.0,125848780.0,10930725755420.0,139912.0,70025.5,86862.6,,71343.44184163041,75000.76817180053,-3657.3263301701227,-6925.051090282066,61.43003793930112,,29925567.05,"macd_bullish,volume_spike"
20210127,,,,90910.0,92750.0,134793270.0,12254536742610.0,137382.0,70385.5,86680.8,,74353.68155830266,76179.2297887042,-1825.5482304015313,-5905.15051830596,64.30261917511518,,35436584.1,"macd_bullish,volume_spike"
20210130,,,,97750.0,100000.0,86327019.0,8438874074990.0,141048.0,71219.0,86635.8,,77953.11516471763,77777.06461917056,176.05054554707021,-4688.910305535354,68.56128580866597,,38586179.1,"macd_bullish,volume_spike"
20210131,,,,96370.0,90750.0,174505196.0,16817325976120.0,212956.0,72232.0,86563.2,,80786.48206245337,79154.31909182458,1632.1629706287931,-3424.695650302525,66.82903741832456,,46293715.75,"macd_bullish,volume_spike"
20210201,,,,90550.0,86740.0,110479812.0,10003518688660.0,106262.0,72981.5,86374.2,,82288.56174515285,79998.44360354128,2290.1181416115724,-2281.7328919197057,59.94969719910636,,50344676.25,"macd_bullish,volume_spike"
20210202,,,,82860.0,81500.0,111824321.0,9265213838010.0,87889.0,73274.5,86031.4,,82376.47532282164,80210.41074401971,2166.064578801932,-1392.1733977753784,52.290359029261516,,54398747.7,"macd_bullish,volume_spike"
20210203,,,,79650.0,77010.0,76949176.0,6128713986700.0,67385.0,73586.0,85624.4,,81957.01758084909,80168.89883705528,1788.118743793806,-756.1149694615415,49.450243161626624,,57286271.75,macd_bullish
20210206,,,,73060.0,71690.0,65065063.0,4753957518550.0,56503.0,73791.0,85085.6,,80588.24564533384,79642.31373801416,945.9319073196821,-415.70559410529677,44.148753201362894,,59505338.8,"trend_down,macd_bullish"
20210207,,,,80100.0,80360.0,13519862.0,1082910493310.0,10844.0,74455.5,84687.6,,80513.13093066709,79676.21642408718,836.9145065799094,-165.18157396825558,50.28105278830131,,59034651.75,macd_bullish
20210208,,,,87280.0,88110.0,137814592.0,12028014271710.0,99235.0,75340.0,84433.2,,81554.18771056447,80239.45965193257,1314.7280586318957,130.80035255177467,55.63162777930614,,64488356.05,"macd_bullish,volume_spike"
20210209,,,,93530.0,95350.0,98558514.0,9218376151500.0,109624.0,76585.0,84303.8,,83396.62037047763,81223.94412215978,2172.6762483178463,539.175531704989,59.69747490128348,,68261416.55,macd_bullish
20210213,,,,100780.0,102880.0,128397674.0,12939461128090.0,236963.0,78455.5,84044.6,,86070.98646732722,82672.54085385165,3398.4456134755746,1111.0295480591062,63.837292106647915,,73817395.05,macd_bullish
20210214,,,,99360.0,96750.0,153863929.0,15287235773700.0,156971.0,80387.0,83908.4,,88115.45008773841,83908.64893875153,4206.80114898688,1730.1838682446612,62.483508237652686,,80197769.65,macd_bullish
20210215,,,,96050.0,95390.0,75859161.0,7286231141620.0,54825.0,82366.5,83709.6,,89336.1500742402,84808.0082766218,4528.141797618402,2289.7754541194095,59.32531110057791,,82958103.1,macd_bullish
20210216,,,,92210.0,92210.0,6275335.0,578671561320.0,7534.0,84339.5,83388.4,,89778.2808320494,85356.30395983499,4421.976872214407,2716.215737738409,55.80153817629614,,82383625.15,"trend_up,macd_bullish"
20210217,,,,90410.0,89260.0,105414163.0,9530168392020.0,94057.0,86061.5,83107.2,,89875.46839634948,85730.65181466202,4144.816581687453,3001.935906528218,54.17707668197208,,86202763.35,"trend_up,macd_bullish"
20210220,,,,87270.0,86800.0,18645194.0,1627076212110.0,19468.0,87347.0,82829.6,,89474.6271046034,85844.67760616854,3629.9494984348567,3127.538624909546,51.36779062307254,,87079370.75,macd_bullish
20210221,,,,83780.0,83780.0,1737548.0,145571771440.0,4206.0,88150.5,82500.0,,88598.5306269721,85691.73852423012,2906.7921027419798,3083.3893204760325,48.365865713385155,,87123634.2,macd_bearish
20210222,,,,80430.0,80430.0,1442123.0,115989952890.0,3659.0,88454.0,82105.8,,87341.83360743793,85301.9801150279,2039.8534924100386,2874.682154862834,45.61050846860339,,83905302.15,macd_bearish
20210223,,,,82830.0,86880.0,118431343.0,9809764724580.0,110693.0,88602.0,81679.0,,86647.7053601398,85118.87047687768,1528.8348832621123,2605.51270054269,47.90044821145112,,87287603.75,macd_bearish
20210224,,,,84590.0,81600.0,94968507.0,8033639221130.0,90305.0,88488.5,81355.8,,86331.13530473367,85079.69488599786,1251.440418735816,2334.6982441813147,49.5770256793839,,85743590.1,macd_bearish
20210227,,,,81990.0,81210.0,65061534.0,5334380819280.0,43036.0,88042.5,81056.0,,85663.26833477465,84850.82859814617,812.4397366284829,2030.2465426707486,47.162500046323856,,82257003.3,macd_bearish
20210228,,,,79190.0,78720.0,19178794.0,1518686786240.0,22079.0,87114.5,80744.8,,84667.38089865546,84431.50796124645,235.87293740901805,1671.3718216184027,44.6410238888562,,78899592.05,macd_bearish
20210301,,,,82020.0,83680.0,117073723.0,9602737378940.0,81456.0,86397.0,80490.0,,84260.09152963155,84252.87774189486,7.213787736691302,1338.5402148420605,47.68537176971702,,76028018.4,macd_bearish
20210302,,,,85500.0,84970.0,89297343.0,7635292689290.0,68935.0,86144.5,80375.8,,84450.846678919,84345.25716842116,105.58951049784082,1091.9500739732168,51.236593258180385,,74968894.95,macd_bearish
20210303,,,,82980.0,82080.0,25841939.0,2144440173030.0,24635.0,86150.5,80245.2,,84224.56257446992,84244.12700779737,-19.564433327454026,869.6471725130828,48.66063754912793,,70669775.85,macd_bearish
20210306,,,,80420.0,81410.0,45450767.0,3655130063950.0,43226.0,86189.0,80071.8,,83639.2452553207,83960.85834055312,-321.6130852324277,631.3951209639807,46.12371873693388,,69094855.4,macd_bearish
20210307,,,,83910.0,85220.0,111291299.0,9339008995940.0,83100.0,86731.5,79977.6,,83680.8998314252,83957.09105606771,-276.19122464251996,449.8778518426806,49.95430825362592,,71406167.2,macd_bearish
20210308,,,,88120.0,89490.0,109087669.0,9612771606070.0,87853.0,87132.5,80074.4,,84363.83831889824,84265.45468154417,98.38363735406892,379.5790089449583,54.18594240988376,,76184557.55,"trend_up,macd_bearish"
20210309,,,,88980.0,85200.0,131950354.0,11740823033560.0,107845.0,87217.5,80210.2,,85074.01703906774,84614.68026068904,459.3367783786962,395.5305628317059,55.022579285836436,,75891345.65,"trend_up,macd_bullish"
20210310,,,,85620.0,85430.0,55121904.0,4719394450580.0,39295.0,86822.0,80180.2,,85158.01441767269,84689.14838952689,468.86602814579965,410.19765589452464,51.09653490620696,,73719515.15,macd_bullish
20210313,,,,86820.0,86800.0,100116479.0,8692273210600.0,78978.0,86124.0,80242.4,,85413.7045072615,84846.98924956193,566.7152576995722,441.50117625553423,52.402773639089006,,72305455.4,"trend_up,macd_bullish"
20210314,,,,84910.0,83360.0,73804756.0,6266770009180.0,75091.0,85401.5,80319.0,,85336.21150614435,84851.65671255735,484.55479358699813,450.11189972182706,50.10857114064001,,68302496.75,macd_bullish
20210315,,,,84380.0,83360.0,60865411.0,5136127176110.0,57632.0,84818.0,80484.4,,85189.1020436606,84816.71917829383,372.38286536677333,434.5660928508163,49.46147071510864,,67552809.25,macd_bearish
20210316,,,,86360.0,86470.0,66618974.0,5753457915230.0,57364.0,84525.5,80700.4,,85369.24019078974,84931.03627619799,438.2039145917515,435.2936571990034,51.95755241114603,,70569991.2,"trend_up,macd_bullish"
20210317,,,,85740.0,84650.0,54374903.0,4662042552380.0,50519.0,84292.0,80875.2,,85426.28016143748,84990.95951499815,435.3206464393297,435.2990550470687,51.1063704379377,,68018028.2,"trend_up,macd_bullish"
20210327,,,,83520.0,83030.0,30709876.0,2564780945750.0,33885.0,84104.5,81077.2,,85133.0062904471,84881.99955092421,251.00673952288344,398.44059194223166,48.069743068029176,,68621262.3,macd_bearish
20210328,,,,81440.0,80800.0,24173543.0,1968746770830.0,32534.0,83987.5,81326.8,,84564.85147653216,84627.03662122613,-62.18514469396905,306.3154446149916,45.350821582291395,,69743062.05,macd_bearish
20210330,,,,81570.0,81300.0,31306160.0,2553721022480.0,32817.0,84044.5,81622.0,,84104.10509552721,84400.58946409826,-296.48436857105116,185.75548197778306,45.558085144733774,,71236263.9,macd_bearish
20210331,,,,80340.0,79920.0,19552220.0,1570851514230.0,28076.0,83920.0,81837.0,,83525.01200390764,84099.80505935024,-574.7930554425984,33.64577449370677,43.8630278915224,,66292307.75,macd_bearish
20210403,,,,77600.0,77130.0,18803491.0,1459103809670.0,29347.0,83570.5,82016.4,,82613.47169561416,83618.33801791689,-1004.8663223027252,-174.0566448655796,40.26870789388115,,62484056.95,macd_bearish
20210404,,,,74630.0,74500.0,13060998.0,974716511430.0,18132.0,83202.5,82241.6,,81385.2452809043,82952.5352017749,-1567.289920870593,-452.7033000665823,36.753083403494415,,59884030.15,macd_bearish
20210405,,,,75260.0,77290.0,44450739.0,3345177841950.0,43010.0,83006.0,82532.2,,80442.89985307286,82382.7177794212,-1939.817926348347,-750.1262253229354,37.98979026499871,,61147627.4,macd_bearish
20210406,,,,76520.0,75680.0,33219350.0,2541910355640.0,31164.0,82731.0,82933.4,,79839.37679875395,81948.44238835297,-2109.0655895990203,-1021.9140981781525,40.49583853109782,,56954908.75,"trend_down,macd_bearish"
20210407,,,,73800.0,73460.0,14562285.0,1074684818430.0,21735.0,82146.0,83354.4,,78910.24190663795,81344.8540632898,-2434.6121566518414,-1304.4537098728904,37.01790622917489,,53218155.85,"trend_down,macd_bearish"
20210410,,,,71090.0,70850.0,7060314.0,501913653430.0,11461.0,81551.5,83656.8,,77707.1277671552,80585.23524378685,-2878.1074766316597,-1619.1844632246443,33.89452266660946,,52279074.6,"trend_down,macd_bearish"
20210411,,,,70550.0,71210.0,34337089.0,2422446603660.0,34932.0,81058.0,83836.6,,76606.03118759286,79841.88448498782,-3235.8532973949623,-1942.518230058708,33.29174223496571,,51723390.7,"trend_down,macd_bearish"
20210412,,,,71940.0,73220.0,34494935.0,2481558931800.0,29921.0,80459.5,83921.2,,75888.1802356555,79256.55970832206,-3368.3794726665656,-2227.69047858028,36.425863642550404,,47883572.5,"trend_down,macd_bearish"
20210413,,,,75840.0,76540.0,47476451.0,3600850887120.0,40305.0,79845.5,83950.8,,75880.7678917085,79003.48121140932,-3122.7133197008225,-2406.6950468043883,44.329004065405755,,44803011.6,"trend_down,macd_bearish"
20210414,,,,74550.0,73100.0,40298141.0,3004268659330.0,35647.0,79124.0,83844.4,,75676.0343699072,78673.59371426789,-2997.559344360692,-2524.867906315649,42.44925826954745,,40220400.95,"trend_down,macd_bearish"
20210417,,,,71730.0,71570.0,9313123.0,668042247970.0,12324.0,78429.5,83541.8,,75068.95215915224,78159.25343913693,-3090.301279984691,-2637.954581049458,38.596246780750036,,37929961.9,"trend_down,macd_bearish"
20210418,,,,69090.0,68870.0,19810582.0,1368810221090.0,26601.0,77543.0,83105.4,,74149.11336543651,77487.45688808976,-3338.3435226532456,-2778.0323693702157,35.360407374603525,,33914667.05,"trend_down,macd_bearish"
20210419,,,,71120.0,72750.0,40171576.0,2857024587980.0,35245.0,76853.5,82572.8,,73683.09592460013,77015.79341489793,-3332.6974902977963,-2888.965393555732,39.55670976630552,,32233008.05,"trend_down,macd_bearish"
20210420,,,,72460.0,70890.0,53164342.0,3852142989100.0,40246.0,76257.5,82094.6,,73494.92732081549,76678.32723601659,-3183.3999152010947,-2947.852297884805,42.223053847886256,,31847954.6,"trend_down,macd_bearish"
20210421,,,,70310.0,69570.0,20131932.0,1415543955050.0,22557.0,75455.0,81689.8,,73004.9385022285,76206.59929260795,-3201.66079037945,-2998.6139963837345,39.23262286258124,,29523602.5,"trend_down,macd_bearish"
20210424,,,,69530.0,68980.0,18428735.0,1281358032740.0,20739.0,74644.5,81423.2,,72470.33257880874,75712.03638204439,-3241.7038032356504,-3047.231957754118,38.17624763538173,,27726294.1,"trend_down,macd_bearish"
20210425,,,,67910.0,67520.0,14329329.0,973131297000.0,18018.0,73864.0,81188.4,,71768.7429512997,75134.1077611522,-3365.364809852501,-3110.8585281737946,36.00768881483912,,26907266.75,"trend_down,macd_bearish"
20210426,,,,69470.0,70390.0,34590750.0,2403191799370.0,28845.0,73265.5,81116.6,,71415.09018956129,74714.54422328908,-3299.4540337277867,-3148.577629284593,39.567622554563734,,27428127.1,"trend_down,macd_bearish"
20210427,,,,72700.0,72000.0,61701784.0,4485766902390.0,46594.0,72822.0,80968.6,,71612.76862193648,74565.31872526766,-2952.550103331174,-3109.3721240939094,46.23665742354282,,28947908.3,"trend_down,macd_bullish,volume_spike"
20210428,,,,73760.0,74000.0,55845194.0,4119050550890.0,45196.0,72493.0,80698.2,,71943.11191086934,74505.66548635895,-2562.553575489612,-3000.00841437305,48.25479803019899,,30762557.0,macd_bullish
20210501,,,,73010.0,71050.0,32273190.0,2356285302870.0,29835.0,72263.5,80287.8,,72107.24853996636,74394.87545033236,-2287.6269103660015,-2857.532113571641,46.91296606782285,,31436041.95,macd_bullish
20210502,,,,70200.0,70090.0,19794092.0,1389609849280.0,15445.0,72042.0,79676.2,,71813.82568766383,74084.14393549293,-2270.3182478290983,-2740.0893404231324,42.18038649340409,,31772696.65,"trend_down,macd_bullish"
20210503,,,,68810.0,68750.0,17403862.0,1197591935380.0,20763.0,71719.5,79065.2,,71351.69865879248,73693.4666069379,-2341.767948145425,-2660.425061967591,40.02921389098597,,30420352.8,"trend_down,macd_bullish"
20210505,,,,70840.0,71030.0,31175738.0,2208528709560.0,28193.0,71435.5,78561.0,,71272.97578820902,73482.09871012768,-2209.1229219186644,-2570.164633957806,44.48230946267264,,30318172.2,"trend_down,macd_bullish"
20210508,,,,69470.0,68330.0,21943290.0,1524370204850.0,23864.0,71219.0,78106.2,,70995.59489771533,73184.9062130812,-2189.3113153658633,-2493.9939702394176,42.20463508405673,,30687222.45,"trend_down,macd_bullish"
20210509,,,,67220.0,66700.0,18342742.0,1233046499510.0,21089.0,71025.5,77642.4,,70414.73414422067,72743.0613084085,-2328.327164187838,-2460.860609029102,38.69985863209652,,31251343.85,"trend_down,macd_bullish"
20210510,,,,69100.0,71000.0,46776347.0,3232047753050.0,36256.0,70953.0,77279.0,,70212.46735280211,72473.20491519306,-2260.7375623909466,-2420.835999701471,42.96196918672654,,31873306.75,"trend_down,macd_bullish"
20210511,,,,72750.0,74100.0,66098673.0,4808535030590.0,46511.0,70993.5,77058.4,,70602.85699083256,72493.70825480839,-1890.8512639758264,-2314.8390525563423,50.20133661482004,,33453493.65,macd_bullish
20210512,,,,72610.0,70610.0,72402960.0,5257541013740.0,49690.0,70832.0,76902.0,,70911.64822301216,72502.32245815592,-1590.674235143757,-2170.006089073825,49.939518134288555,,34699819.1,"macd_bullish,volume_spike"
20210515,,,,73050.0,72340.0,77555081.0,5665744284570.0,48997.0,70757.0,76706.4,,71240.62541947182,72542.89116495919,-1302.2657454873697,-1996.458020356534,50.80785865914201,,36562666.1,"macd_bullish,volume_spike"
20210516,,,,72240.0,71180.0,46825262.0,3382634287000.0,34231.0,70782.5,76459.4,,71394.37535493769,72520.45478236962,-1126.0794274319342,-1822.3823017716143,49.11874327853577,,38438273.05,macd_bullish
20210517,,,,70300.0,69300.0,23004377.0,1617157962580.0,23974.0,70843.0,76225.6,,71226.0099157165,72355.97665034223,-1129.9667346257338,-1683.8991883424383,45.239495069131735,,38597962.8,"trend_down,macd_bullish"
20210518,,,,70540.0,70340.0,31006682.0,2187263941730.0,25809.0,70814.0,76052.6,,71120.46992868319,72221.45986142798,-1100.989932744793,-1567.3173372229094,45.80968064573006,,38139718.1,"trend_down,macd_bullish"
20210519,,,,69160.0,68870.0,20362621.0,1408283934370.0,22867.0,70649.0,75795.4,,70818.85917042423,71994.68505687776,-1175.825886453531,-1489.0190470690338,43.0349392970317,,36499632.05,"trend_down,macd_bullish"
20210522,,,,65930.0,65050.0,22977844.0,1515034539850.0,27042.0,70430.0,75404.0,,70066.72699035896,71545.44912673868,-1478.7221363797144,-1486.95966493117,37.33478039867818,,36641927.65,"trend_down,macd_bullish"
20210523,,,,64000.0,63300.0,29207003.0,1869262629260.0,25785.0,70153.5,75024.4,,69133.38437645759,70986.52696920249,-1853.1425927449018,-1560.1962504939163,34.40256380816268,,37180841.05,"trend_down,macd_bearish"
20210524,,,,65270.0,66200.0,52503522.0,3426678239500.0,35706.0,70021.5,74721.4,,68539.01754931027,70563.08052703935,-2024.0629777290742,-1652.969595940948,37.86098516460226,,39089550.7,"trend_down,macd_bearish"
20210525,,,,67360.0,67350.0,45392443.0,3057812126360.0,32784.0,69916.0,74390.4,,68357.63023403178,70325.81530281421,-1968.1850687824335,-1716.0126905092452,43.17091688196021,,39629635.35,"trend_down,macd_bearish"
20210526,,,,66700.0,66430.0,40851042.0,2724894215550.0,38949.0,69616.0,73962.0,,68102.61019802689,70057.23639149465,-1954.6261934677605,-1763.7353911009484,41.95176682933468,,38587098.25,"trend_down,macd_bearish"
20210529,,,,70970.0,73370.0,63626527.0,4515308290940.0,54477.0,69476.5,73601.8,,68543.74709063813,70124.84851064319,-1581.1014200050558,-1727.2085968817698,51.49546796965377,,38976164.9,macd_bullish
20210530,,,,74810.0,73300.0,102870527.0,7695506144490.0,70109.0,69566.5,73385.6,,69507.78599977073,70471.89676911406,-964.1107693433296,-1574.589031374082,58.15785420953943,,42506031.75,"macd_bullish,volume_spike"
20210531,,,,73070.0,71330.0,97400029.0,7117424584000.0,60532.0,69710.0,73110.6,,70055.81892288293,70664.34886029079,-608.5299374078604,-1381.3772125808377,54.50457273618559,,46386328.6,"macd_bullish,volume_spike"
20210601,,,,72350.0,71450.0,60926994.0,4408154731470.0,38783.0,69887.0,72859.4,,70408.76985782401,70789.21190767665,-380.44204985264514,-1181.1901800351993,53.02039587133952,,48562485.2,macd_bullish
20210602,,,,73720.0,74440.0,97316007.0,7174004994700.0,57925.0,70031.0,72646.2,,70918.18987969724,71006.30732192284,-88.11744222560083,-962.5756324732797,55.50326385640901,,51869498.65,macd_bullish
20210607,,,,74400.0,74130.0,61831173.0,4600094264340.0,41906.0,70277.5,72407.0,,71453.85297512844,71257.69196474337,196.16101038506895,-730.8283039016101,56.72575796370646,,53863892.8,macd_bullish
20210608,,,,73910.0,72330.0,56819455.0,4199683801380.0,43657.0,70612.0,72170.4,,71831.7217481856,71454.15922661424,377.56252157136623,-509.1501388070148,55.541602095663556,,55787728.45,macd_bullish
20210609,,,,71990.0,72030.0,25187224.0,1813269898850.0,22453.0,70756.5,71939.8,,71856.07224846474,71493.85113575394,362.2211127108021,-334.8758885034514,51.045122316317595,,54708272.3,macd_bullish
20210612,,,,72340.0,72050.0,37057352.0,2680753180890.0,27704.0,70736.0,71757.8,,71930.52267177786,71556.5288294018,373.99384237606137,-193.10194232754884,51.81099000103223,,53256206.25,macd_bullish
20210613,,,,72230.0,72460.0,26221141.0,1893920428770.0,20272.0,70717.0,71571.0,,71976.59610688896,71606.41558277943,370.18052410952805,-80.44544904013347,51.53809507437263,,50947115.3,macd_bullish
20210614,,,,73550.0,74030.0,52837706.0,3886168015540.0,34846.0,70742.0,71435.2,,72218.65824429065,71750.38479886984,468.2734454208112,29.29832985205546,54.626550235718106,,49711246.55,macd_bullish
20210615,,,,72820.0,71220.0,39069335.0,2844950451160.0,32930.0,70771.0,71339.6,,72311.17236055362,71829.61555450912,481.55680604450754,119.75002509054589,52.628991847877266,,49323450.2,macd_bullish
20210616,,,,72320.0,72010.0,38242575.0,2765694536290.0,28394.0,70872.0,71293.4,,72312.53045892999,71865.94032824918,446.5901306808082,185.11804620859837,51.24671954729226,,50085360.1,macd_bullish
20210619,,,,72890.0,72890.0,44040992.0,3210338106540.0,31186.0,70989.5,71246.0,,72401.37192678692,71941.79660023072,459.57532655619434,240.00950227811757,52.769647221479254,,50737075.6,macd_bullish
20210620,,,,71840.0,71000.0,30998897.0,2227011975650.0,27827.0,71123.5,71152.4,,72315.00701497354,71934.25611132474,380.7509036488045,268.15778255225496,49.690383331256,,51268889.4,macd_bullish
20210621,,,,71120.0,70960.0,25933374.0,1844343878620.0,24171.0,71383.0,71098.8,,72131.15978190069,71873.9408438192,257.2189380814816,265.9700136581003,47.63761196310092,,51416665.9,macd_bearish
20210622,,,,72220.0,71980.0,38229075.0,2760745687660.0,27928.0,71794.0,71121.4,,72144.82750776212,71899.57485538816,245.25265237396525,261.8265414012733,50.970139625628406,,51867769.5,"trend_up,macd_bearish"
20210623,,,,72220.0,72480.0,47869670.0,3457226778070.0,36423.0,72141.5,71154.8,85919.5,72156.39250656795,71923.31005128534,233.08245528260886,256.0777241775404,50.970139625628406,,51636076.9,"trend_up,macd_bearish"
20210626,,,,73280.0,72790.0,55654812.0,4078227374110.0,41906.0,72437.5,71181.6,85785.9,72329.25519786519,72023.80560304198,305.449594823207,265.95209830667375,54.22592971826553,,52149195.35,"trend_up,macd_bullish"
20210627,,,,72550.0,72120.0,31010611.0,2249752132690.0,29112.0,72730.0,71115.8,85648.65,72363.21593665516,72062.78296577961,300.432970875554,272.8482728204498,51.68070658532148,,51657173.8,macd_bullish
20210628,,,,72020.0,71800.0,24516561.0,1765695395550.0,24245.0,72782.5,71065.2,85508.75,72310.41348486206,72059.61385720335,250.79962765870732,268.4385437881013,49.85120736432852,,49701675.5,macd_bearish
20210629,,,,71740.0,72290.0,18568424.0,1332115957830.0,20442.0,72629.0,71065.4,85367.45,72222.65756411405,72035.93875666977,186.718807444282,252.09459651933747,48.86700066876137,,45486570.35,macd_bearish
20210630,,,,71960.0,71620.0,26410984.0,1900637935680.0,23215.0,72573.5,71122.8,85227.25,72182.24870809651,72030.31366358312,151.93504451338958,232.0626861181479,49.70716850975538,,41937118.1,macd_bearish
20210703,,,,70400.0,69050.0,22822648.0,1606726793670.0,29465.0,72476.0,71108.4,85079.25,71908.05659915858,71909.54968850288,-1.493089344308828,185.35153102565658,44.165568085420574,,40031900.8,macd_bearish
20210704,,,,69290.0,69230.0,21134739.0,1464335238120.0,22515.0,72254.5,71045.0,84925.7,71505.27866082649,71715.50897083602,-210.2303100095305,106.23516281861916,40.68954921668549,,36222837.4,macd_bearish
20210705,,,,70580.0,71100.0,26531650.0,1872505831220.0,24172.0,72063.5,71050.4,84778.6,71362.92809762241,71631.39719521854,-268.46909759612754,31.294310735669825,46.00793299645047,,34457861.25,macd_bearish
20210706,,,,71490.0,71050.0,29554012.0,2112851061680.0,25005.0,71942.5,71089.6,84636.05,71382.47762106512,71620.92332890606,-238.44570784094685,-22.65369297965351,49.451385300696714,,33094589.1,macd_bearish
20210707,,,,70290.0,69990.0,16774222.0,1179135317620.0,20541.0,71857.5,71137.2,84487.5,71214.40414090126,71522.33641565377,-307.9322747525148,-79.70940933422577,45.34449394313288,,32673939.0,macd_bearish
20210710,,,,69180.0,69020.0,12469702.0,862707740940.0,19959.0,71699.5,71131.4,84333.4,70901.41888845491,71348.83001449423,-447.4111260393256,-153.24975267524576,41.879793439200036,,31444556.5,macd_bearish
20210711,,,,69740.0,70010.0,19914470.0,1388818683910.0,21178.0,71575.0,71072.2,84182.1,70722.73905946185,71229.65742082799,-506.9183613661444,-223.98347441342548,44.196404130433,,31129222.95,macd_bearish
20210712,,,,69910.0,69300.0,20899602.0,1461017006000.0,22370.0,71393.0,70995.2,84031.65,70597.7022810831,71131.90501928519,-534.2027382020897,-286.02732717115833,44.914216627026626,,29532317.75,macd_bearish
20210713,,,,69570.0,69190.0,17592843.0,1224012379420.0,19534.0,71230.5,70926.4,83879.5,70439.59423783954,71016.20835118998,-576.6141133504425,-344.1446844070152,43.703399028719325,,28458493.15,macd_bearish
20210714,,,,69720.0,70330.0,19785053.0,1379345454630.0,22020.0,71100.5,70916.8,83728.1,70328.88743201808,70920.1929177685,-591.3054857504176,-393.57684467569567,44.415344673333905,,27535617.05,macd_bearish
20210717,,,,73880.0,73020.0,63680848.0,4704456235990.0,55213.0,71150.0,71018.2,83597.5,70875.21244247684,71139.43788682269,-264.22544434585143,-367.70656460972685,59.65413387306347,,28517609.85,"trend_up,macd_bullish,volume_spike"
20210718,,,,71580.0,71070.0,23321032.0,1669331249570.0,23459.0,71137.0,71033.0,83455.4,70983.6412974804,71172.07211742841,-188.4308199480147,-331.85141567738447,51.28293589069,,28133716.6,"trend_up,macd_bullish"
20210719,,,,71310.0,71200.0,15112900.0,1077721029770.0,18155.0,71146.5,71069.8,83311.95,71033.85032863726,71182.2889976189,-148.4386689816456,-295.1688663382367,50.389005974863025,,27592692.9,"trend_up,macd_bullish"
20210726,,,,71290.0,71110.0,12264718.0,874364349340.0,16149.0,71100.0,71151.2,83168.4,71073.25797038537,71190.26759038788,-117.00962000251457,-259.5370170710923,50.31903566202018,,26294475.05,macd_bullish
20210727,,,,70060.0,69610.0,14901047.0,1043913709900.0,19603.0,70992.0,71170.4,83018.7,70917.37212878763,71106.54406517398,-189.17193638635217,-245.46400093414428,46.08104368199346,,24646043.9,"trend_down,macd_bullish"
20210728,,,,69680.0,69400.0,12851570.0,895473716790.0,18243.0,70812.0,71109.0,82867.1,70727.00718589722,71000.87413442034,-273.8669485231221,-251.14459045193988,44.8249815881487,,22505881.8,"trend_down,macd_bearish"
20210731,,,,70320.0,70110.0,20655501.0,1452488913830.0,21269.0,70700.5,71063.2,82718.7,70664.39069575918,70950.43901335217,-286.04831759298395,-258.1253358801487,47.42427401620677,,21988126.3,"trend_down,macd_bearish"
20210801,,,,69600.0,69380.0,12195157.0,848746791430.0,18119.0,70579.5,70994.2,82566.7,70500.638281027,70850.40649384461,-349.7682128176093,-276.4539112676408,44.86365752915935,,21372056.1,"trend_down,macd_bearish"
20210802,,,,69400.0,69580.0,10990329.0,762721100530.0,14921.0,70462.5,70937.4,82413.7,70331.30931471515,70742.96897578205,-411.659661066893,-303.49506122749125,44.150538486669404,,20993151.35,"trend_down,macd_bearish"
20210803,,,,69580.0,69700.0,10846608.0,754697972030.0,14844.0,70343.5,70923.0,82261.6,70215.72326629744,70656.82312572411,-441.0998594266712,-331.01602086732726,44.997909773493625,,20214932.55,"trend_down,macd_bearish"
20210804,,,,70500.0,71070.0,25231841.0,1778960385950.0,26491.0,70348.5,70922.2,82114.1,70259.45814840552,70645.2065978927,-385.7484494871751,-341.9625065912968,49.23726467222266,,20335392.2,macd_bearish
20210807,,,,70730.0,70300.0,17653675.0,1248574174310.0,20654.0,70420.5,70953.6,81967.75,70331.84920249699,70651.4875906414,-319.6383881444053,-337.49768290191855,50.26924245581488,,20161339.0,macd_bullish
20210808,,,,70760.0,70420.0,24141425.0,1708285147820.0,21603.0,70429.5,71050.2,81821.55,70397.71855595899,70659.52554689017,-261.8069909311889,-322.3595445077727,50.41085120534395,,20041827.75,macd_bullish
20210809,,,,70440.0,70590.0,14623573.0,1030153315630.0,17454.0,70377.0,71179.0,81673.75,70404.22339350375,70643.26439526868,-239.04100176492648,-305.69583595920346,48.814148226674995,,19295305.8,macd_bullish
20210810,,,,70500.0,70500.0,17459127.0,1230829381160.0,18736.0,70387.5,71283.6,81526.25,70418.95825604163,70632.65221784137,-213.69396179974137,-287.29546112731106,49.139435622191954,,19329551.05,macd_bullish
20210811,,,,72520.0,73370.0,59552203.0,4319003762470.0,49179.0,70554.5,71386.8,81388.85,70742.19544741984,70772.45575726053,-30.260309840683476,-235.88843086998554,58.66374030379548,,21683676.1,"macd_bullish,volume_spike"
20210814,,,,72920.0,72570.0,39332859.0,2868016733200.0,32417.0,70713.5,71511.2,81253.45,71077.24230166295,70931.53310857456,145.70919308839075,-159.56890607831028,60.251083044049395,,22654595.55,macd_bullish
20210815,,,,75110.0,77050.0,73205184.0,5498307141290.0,51422.0,70973.5,71594.0,81129.0,71697.66656294557,71241.04917460607,456.61738833949494,-36.33164719474922,67.5893854657022,,25269874.65,"macd_bullish,volume_spike"
20210822,,,,81010.0,82620.0,72881338.0,5904137502620.0,64457.0,71545.5,71718.0,81034.05,73130.33324556933,71964.67516167229,1165.6580838970403,204.0662990236087,78.89422140295187,,28034299.4,"rsi_overbought,macd_bullish,volume_spike"
20210823,,,,83820.0,83440.0,71311557.0,5977023472780.0,59631.0,72250.5,71933.0,80953.15,74774.89736163558,72842.84737191879,1932.0499897167902,549.663037162245,82.09709310864199,,30610624.6,"trend_up,rsi_overbought,macd_bullish,volume_spike"
20210824,,,,86870.0,87580.0,53154751.0,4617325122120.0,45308.0,72900.0,72223.4,80887.5,76635.68238292242,73881.89571473963,2753.7866681827873,990.4877633663535,84.79434496828412,,30084319.75,"trend_up,rsi_overbought,macd_bullish"
20210825,,,,87390.0,88020.0,65483572.0,5722326761870.0,58459.0,73690.5,72496.8,80824.45,78290.19278554973,74882.49603216632,3407.6967533834104,1473.929561369765,85.20364417470236,,32192446.75,"trend_up,rsi_overbought,macd_bullish,volume_spike"
20210828,,,,92480.0,94550.0,73663397.0,6812582114450.0,63291.0,74749.0,72858.4,80786.85,80473.24004931132,76186.01484459844,4287.225204712886,2036.5886900383891,88.47410851191522,,35119971.6,"trend_up,rsi_overbought,macd_bullish,volume_spike"
20210829,,,,93890.0,89400.0,131055138.0,12304253990170.0,107228.0,75879.0,73258.0,80756.3,82537.35696480189,77497.42115240596,5039.935812395925,2637.2581145098966,89.18709769912259,,41059492.6,"trend_up,rsi_overbought,macd_bullish,volume_spike"
20210830,,,,87640.0,84510.0,95122710.0,8336937593690.0,68233.0,76758.0,73571.0,80694.5,83322.37897021697,78248.72328926479,5073.655680952186,3124.5376277983546,68.85473615479343,,45070575.75,"trend_up,macd_bullish,volume_spike"
20210831,,,,85290.0,84470.0,129650741.0,11057694624360.0,77316.0,77538.5,73830.0,80620.95,83625.0898978759,78770.29934191184,4854.790555964064,3470.5882134314966,63.035775501710695,,50910534.3,"trend_up,macd_bullish,volume_spike"
20210901,,,,86000.0,86710.0,82435173.0,7089585963990.0,51365.0,78322.5,74105.4,80550.95,83990.46068281808,79305.83272399244,4684.627958825644,3713.3961625103266,64.02498384254636,,53999517.9,"trend_up,macd_bullish"
20210904,,,,87110.0,85730.0,65153696.0,5675598506390.0,50966.0,79198.0,74376.6,80486.5,84470.38980853838,79883.91918888189,4586.470619656495,3888.0110539395605,65.57600169114083,,56647444.85,"trend_up,macd_bullish"
20210905,,,,84390.0,84200.0,39834612.0,3361623761800.0,37345.0,79947.5,74608.0,80408.45,84458.02214568632,80217.70295266842,4240.319193017902,3958.4726817552287,58.87724939227614,,58089659.0,"trend_up,macd_bullish"
20210906,,,,84910.0,82380.0,67396361.0,5722670889250.0,57149.0,80714.0,74859.8,80333.0,84527.55720019611,80565.28051173003,3962.2766884660814,3959.2334830973996,59.7243035295212,,60917146.65,"trend_up,macd_bullish"
20210907,,,,82420.0,81400.0,37287652.0,3073211138770.0,42531.0,81310.0,75050.4,80245.1,84203.31763093517,80702.66714049077,3500.650490444401,3867.5168845668004,53.98949450286967,,61519937.2,"trend_up,macd_bearish"
20210908,,,,83040.0,83130.0,36140398.0,3001065022410.0,53027.0,81925.5,75274.4,80160.3,84024.34568771436,80875.80290786183,3148.5427798525343,3723.7220636239476,55.14443918329913,,62444273.35,"trend_up,macd_bearish"
20210911,,,,83840.0,82470.0,37789524.0,3168241608050.0,33343.0,82579.5,75528.8,80079.5,83995.98481268139,81095.37306283502,2900.611749846372,3559.1000008684323,56.656304471776714,,63126678.3,"trend_up,macd_bearish"
20210912,,,,79130.0,79050.0,45434569.0,3595167248530.0,48145.0,83014.0,75667.0,79975.15,83247.37176457656,80949.78987299537,2297.5818915811833,3306.7963790109825,46.68050038785778,,64667228.1,macd_bearish
20210913,,,,78000.0,78410.0,40284137.0,3142084078100.0,36665.0,83389.0,75782.6,79865.15,82440.08380079555,80731.28691944017,1708.7968813553744,2987.196479479861,44.64928312803315,,65808478.6,macd_bearish
20210914,,,,80500.0,81370.0,50068481.0,4030760288520.0,48022.0,83788.0,75927.0,79767.65,82141.60936990393,80714.1545550372,1427.4548148667382,2675.2481465572364,49.8486422911646,,65334292.5,macd_bearish
20210915,,,,79780.0,78990.0,32607319.0,2601344084380.0,48419.0,84131.0,76071.6,79666.55,81778.28485145718,80644.95792133074,1133.3269301264372,2366.8639032710767,48.43745373805099,,64998015.5,macd_bearish
20210918,,,,76680.0,75760.0,29500877.0,2262018244050.0,30832.0,84209.5,76164.8,79549.95,80993.93333584839,80351.25733456551,642.6760012828745,2022.0263228734364,42.81710926016497,,62812800.15,macd_bearish
20210919,,,,75600.0,76620.0,40295368.0,3046512727470.0,32968.0,83939.0,76242.0,79427.95,80164.09743802556,79999.31234681992,164.78509120564559,1650.5780765398783,41.030872089527534,,61183501.65,macd_bearish
20210920,,,,76750.0,76050.0,29108801.0,2234011310390.0,25944.0,83585.5,76337.8,79311.7,79638.85167832933,79758.62254335177,-119.77086502243765,1296.5082882274153,43.7230934436849,,59073363.85,macd_bearish
20210921,,,,74010.0,73400.0,31910608.0,2361812499580.0,32840.0,82942.5,76410.0,79181.75,78772.87449704789,79332.79865125164,-559.9241542037489,925.2217997411826,39.13824661862675,,58011156.7,macd_bearish
20210922,,,,75340.0,77440.0,57009542.0,4295113591180.0,49910.0,82340.0,76531.0,79058.45,78244.73995904053,79037.03578819596,-792.2958291554387,581.7182739618585,42.30101842698782,,57587455.2,macd_bearish
20210925,,,,79850.0,81180.0,57617377.0,4600941232310.0,51663.0,81708.5,76716.4,78957.7,78491.70304226507,79097.2553594407,-605.5523171756358,344.26415573435963,51.50418434233659,,56785154.2,macd_bearish
20210926,,,,78890.0,79090.0,57716531.0,4553019468920.0,44904.0,80958.5,76864.4,78852.15,78552.97949730122,79081.90311059325,-528.9236132920341,169.6266019290809,49.68743481955063,,53118223.85,macd_bearish
20210928,,,,80020.0,78800.0,41504523.0,3321239914690.0,36857.0,80577.5,77059.0,78752.25,78778.67495925487,79151.39176906782,-372.71680981294776,61.157919580675156,51.840828536221196,,50437314.5,macd_bearish
20210929,,,,79260.0,79460.0,34472085.0,2732216501200.0,29870.0,80276.0,77260.6,78648.55,78852.72496552336,79159.43682321094,-306.71185768758005,-12.41603587297589,50.28206611206212,,45678381.7,macd_bearish
20211002,,,,81610.0,81840.0,55779059.0,4552035028550.0,48072.0,80056.5,77498.0,78556.6,79276.92112467361,79340.96002149161,-64.03889681800501,-22.740608061981717,54.80705569611573,,44345576.0,"trend_up,macd_bearish"
20211003,,,,79900.0,79330.0,43849960.0,3503436671110.0,38346.0,79696.0,77697.8,78456.1,79372.77941318536,79382.37039027002,-9.590977084662882,-20.11068186651795,51.158388136264406,,43280389.2,"trend_up,macd_bullish"
20211004,,,,79940.0,80030.0,37835316.0,3024520186700.0,32930.0,79473.5,77905.2,78355.8,79460.04411884915,79423.67628728705,36.36783156210731,-8.8149791807929,51.24016089539853,,43180424.4,"trend_up,macd_bullish"
20211006,,,,80760.0,80120.0,47192306.0,3811025049470.0,34035.0,79266.0,78126.0,78190.9,79660.03733133391,79522.66322896948,137.3741023644252,20.422837128250723,52.97818809228225,,42170221.65,"trend_up,macd_bullish"
20211009,,,,78030.0,76100.0,33972356.0,2650969152840.0,34566.0,79046.5,78209.0,78050.2,79409.26235728254,79412.09558237914,-2.8332250966050196,15.771624683279576,46.97484532008349,,42004456.85,macd_bearish
20211010,,,,77490.0,78140.0,34153958.0,2646563211910.0,26322.0,78769.0,78327.2,77907.7,79113.99122539292,79269.71813183255,-155.72690643962414,-18.52808154130117,45.86766472512636,,41905134.85,macd_bearish
20211011,,,,77190.0,76150.0,26070704.0,2012305277840.0,24894.0,78436.5,78444.8,77752.3,78817.99257533246,79115.66493688199,-297.67236154952843,-74.35693754294662,45.22985595063479,,41319193.85,"trend_down,macd_bearish"
20211012,,,,73500.0,72900.0,27243977.0,2002523700990.0,30830.0,78155.0,78489.0,77597.45,77999.83987143516,78699.68975637222,-699.8498849370517,-199.45552702176764,38.194658560617434,,40409664.25,"trend_down,macd_bearish"
20211013,,,,71140.0,72180.0,39676730.0,2822635050870.0,37309.0,77812.0,78510.6,77447.4,76944.47989121437,78139.71273738169,-1195.232846167317,-398.61099085087756,34.4987227561097,,40379293.9,"trend_down,macd_bearish"
20211016,,,,74330.0,74950.0,34166669.0,2539714866440.0,30165.0,77503.5,78603.6,77317.75,76542.25221564293,77857.51179387193,-1315.259578229001,-581.9407083265023,42.58601018576579,,39584203.3,"trend_down,macd_bearish"
20211017,,,,72480.0,71520.0,23886820.0,1731243011150.0,24070.0,77138.5,78646.8,77179.45,75917.29033631325,77459.17758691846,-1541.887250605214,-773.9300167822446,39.53723674828906,,39148178.35,"trend_down,macd_bearish"
20211018,,,,72090.0,73400.0,29624034.0,2135590513010.0,25551.0,76909.0,78696.6,77019.05,75328.4764384189,77061.46072862821,-1732.9842902093078,-965.7408714676574,38.90491197444501,,39154336.2,"trend_down,macd_bearish"
20211019,,,,72810.0,72090.0,23398604.0,1703699296590.0,21422.0,76769.5,78764.8,76879.35,74941.018524816,76746.53771169278,-1805.519186876787,-1133.6965345494834,40.78768722762188,,38309498.0,"trend_down,macd_bearish"
20211020,,,,71180.0,71250.0,17830827.0,1269258833390.0,19420.0,76491.0,78796.8,76750.35,74362.40029022892,76334.20158490073,-1971.8012946718081,-1301.3174865739484,37.93733337092014,,37745599.3,"trend_down,macd_bearish"
20211023,,,,68500.0,68200.0,20464980.0,1401807050050.0,28854.0,76215.5,78756.8,76619.1,73460.49255327063,75753.89035638956,-2293.3978031189326,-1499.7335498829452,33.759958280771556,,37173317.9,"trend_down,macd_bearish"
20211025,,,,68090.0,67940.0,19894033.0,1354491183180.0,22193.0,75853.0,78704.0,76485.75,72634.26292969052,75186.19477443479,-2551.931844744264,-1710.173208855209,33.158418672467306,,35317542.45,"trend_down,macd_bearish"
20211026,,,,68660.0,68800.0,20842473.0,1431137485840.0,20057.0,75293.5,78662.0,76373.0,72022.8378635843,74702.77293929146,-2679.935075707166,-1904.1255822256007,34.895222894249656,,33478797.25,"trend_down,macd_bearish"
20211027,,,,69460.0,69960.0,20389393.0,1416196086940.0,19134.0,74822.0,78642.4,76272.75,71628.55511534055,74314.41938823284,-2685.864272892286,-2060.4733203589376,37.35551573664331,,31612440.35,"trend_down,macd_bearish"
20211030,,,,68010.0,67000.0,20622597.0,1402546813780.0,24103.0,74221.5,78592.6,76167.35,71071.85432836508,73847.42535947486,-2775.571031109779,-2203.492862509106,34.789359586566874,,30568344.05,"trend_down,macd_bearish"
20211031,,,,65030.0,64870.0,21639553.0,1407237240870.0,25278.0,73510.0,78442.8,76049.4,70142.33827784738,73194.2827402545,-3051.9444624071184,-2373.1831824887086,30.1980168703316,,29926717.45,"trend_down,macd_bearish"
20211101,,,,69460.0,71110.0,37761356.0,2622821918940.0,35239.0,72902.5,78373.6,75980.3,70037.36315817854,72917.66920393934,-2880.3060457607935,-2474.607755143126,42.37353385218889,,29025832.3,"trend_down,macd_bearish"
20211102,,,,72060.0,71190.0,47481028.0,3421439226690.0,40290.0,72510.5,78312.6,75929.65,70348.53805692031,72854.13815179569,-2505.600094875379,-2480.8062230895766,48.09589972098276,,29207385.7,"trend_down,macd_bearish"
20211103,,,,72820.0,73370.0,61580352.0,4484316272090.0,48181.0,72154.5,78148.8,75858.15,70728.76297124027,72851.60939981083,-2122.846428570556,-2409.2142641857727,49.669202723167245,,30394637.5,"macd_bullish,volume_spike"
20211106,,,,77500.0,76790.0,91592318.0,7098832234780.0,73359.0,71991.5,78022.4,75827.1,71770.49174489561,73195.93462945447,-1425.4428845588554,-2212.4599882603893,58.09310196588546,,32614638.1,"macd_bullish,volume_spike"
20211107,,,,75760.0,73520.0,66848612.0,5064378915450.0,56506.0,71878.0,77800.2,75800.5,72384.2622456809,73385.86539764302,-1001.6031519621174,-1970.288621000735,54.444539696780616,,34258450.9,macd_bullish
20211108,,,,74520.0,74820.0,50877634.0,3791407099690.0,39655.0,71729.5,77542.8,75792.55,72712.83728480693,73469.87536818799,-757.0380833810632,-1727.6385134768009,51.94094423070516,,35094634.7,macd_bullish
20211109,,,,78040.0,78610.0,96800670.0,7554517384480.0,66386.0,71772.0,77254.0,75804.95,73532.40077945201,73808.40311869259,-276.002339240571,-1437.3112786295549,57.8642746832027,,38631133.0,"macd_bullish,volume_spike"
20211110,,,,77780.0,77190.0,66105700.0,5142006311750.0,48375.0,71986.0,76931.8,75808.85,74185.87758261325,74102.5954802709,83.28210234234575,-1133.1926024351749,57.302477579636204,,40574219.15,macd_bullish
20211113,,,,74310.0,73800.0,46346047.0,3444099648260.0,36999.0,72144.5,76665.2,75813.3,74204.97333913429,74117.95877802861,87.0145611056796,-889.151169727004,50.28546489114783,,40907685.0,macd_bullish
20211114,,,,74590.0,74080.0,38433707.0,2866867953920.0,32268.0,72157.5,76451.2,75841.45,74264.2082100367,74152.92479447094,111.28341556576197,-689.0642526684509,50.80891882733976,,41121036.9,macd_bullish
20211115,,,,71880.0,71100.0,30167151.0,2168274177770.0,29810.0,72127.5,76168.8,75866.8,73897.40694695413,73984.55999488049,-87.15304792636016,-568.6820117200327,45.78425321558327,,41435053.45,"trend_down,macd_bullish"
20211116,,,,71910.0,72560.0,30406841.0,2186575379970.0,25936.0,72118.5,75864.8,75878.4,73591.65203203811,73830.8888841486,-239.2368521104945,-502.7929797981251,45.84809684720709,,41474193.8,"trend_down,macd_bullish"
20211117,,,,72650.0,72130.0,23576260.0,1712839194710.0,21479.0,72110.5,75630.0,75898.5,73446.78248864763,73743.41563347093,-296.6331448232959,-461.56101280315926,47.4906664935367,,41483076.6,macd_bullish
20211120,,,,70230.0,69970.0,24244756.0,1702753979660.0,29033.0,72063.0,75336.4,75932.8,72951.89287500954,73483.16262358418,-531.2697485746467,-475.50275995745676,42.90706162191466,,41803773.05,"trend_down,macd_bearish"
20211121,,,,71290.0,72490.0,32399075.0,2309811505700.0,28059.0,72202.5,75113.8,75985.6,72696.21704808499,73320.70613294833,-624.4890848633368,-505.30002493863276,45.39317547061413,,42400477.8,"trend_down,macd_bearish"
20211122,,,,73350.0,72750.0,41574558.0,3049358618500.0,33576.0,72465.5,74920.0,76070.05,72796.7990406873,73322.87604902622,-526.0770083389216,-509.45542161869054,49.954102635925814,,43484504.05,macd_bearish
20211123,,,,72020.0,71260.0,25402132.0,1829369758600.0,25666.0,72633.5,74683.6,76166.4,72677.29149596617,73226.36671206132,-549.0752160951524,-517.3793805139829,47.21233408774733,,43712487.0,"trend_down,macd_bearish"
20211124,,,,71320.0,71800.0,20952329.0,1494336051670.0,18487.0,72726.5,74527.4,76243.15,72468.47741966369,73085.15436301974,-616.6769433560548,-537.2388930823973,45.787902931772535,,43740633.8,"trend_down,macd_bearish"
20211127,,,,69350.0,69100.0,24353379.0,1688830321410.0,27604.0,72793.5,74354.4,76282.1,71988.71166279235,72808.47626205532,-819.7645992629696,-593.7440343185118,41.9518063944612,,43927172.9,"trend_down,macd_bearish"
20211128,,,,70080.0,70100.0,18343719.0,1285437169620.0,18346.0,73046.0,74146.0,76293.95,71695.06371467045,72606.36690931048,-911.3031946400297,-657.2558663828154,43.82976632801785,,43762381.2,"trend_down,macd_bearish"
20211129,,,,70310.0,69900.0,19354348.0,1360739078470.0,17731.0,73088.5,73956.6,76273.7,71481.97698933654,72436.26565676897,-954.2886674324254,-716.6624265927375,44.43965727666798,,42842030.8,"trend_down,macd_bearish"
20211130,,,,70140.0,69890.0,18963343.0,1330095089670.0,18096.0,72992.5,73825.8,76225.05,71275.51899097707,72266.17190441572,-990.652913438651,-771.4605239619202,44.05886769479355,,41416146.55,"trend_down,macd_bearish"
20211201,,,,68940.0,69030.0,13934351.0,960621749710.0,16868.0,72798.5,73692.6,76135.45,70916.2083769806,72019.78880038494,-1103.5804234043317,-837.8845038504026,41.36448671189028,,39033846.5,"trend_down,macd_bearish"
20211204,,,,70030.0,71270.0,36564947.0,2560760422040.0,31475.0,72425.0,73558.2,76031.05,70779.86862667589,71872.39703739346,-1092.5284107175685,-888.8132852238358,44.67414921230942,,36282477.95,"trend_down,macd_bearish"
20211205,,,,70980.0,70430.0,32362399.0,2296933054010.0,24676.0,72186.0,73497.6,75897.2,70810.65806872575,71806.2935531421,-995.6354844163434,-910.1777250623373,47.45778947152645,,34558167.3,"trend_down,macd_bearish"
20211206,,,,69820.0,69300.0,21073909.0,1471323741040.0,21512.0,71951.0,73387.2,75764.45,70658.24913507563,71659.1606973538,-1000.9115622781683,-928.3244925055036,44.51276665704165,,33067981.05,"trend_down,macd_bearish"
20211207,,,,69930.0,71050.0,21811778.0,1525208507990.0,19449.0,71545.5,73188.8,75661.35,70546.21080660247,71531.07471977203,-984.8639131695672,-939.6323766383164,44.86218850939446,,29318536.45,"trend_down,macd_bearish"
20211208,,,,71340.0,70910.0,36445408.0,2600079045680.0,27866.0,71223.5,73037.8,75603.75,70668.33222097132,71516.92103682595,-848.5888158546295,-921.4236644815791,49.27196092323076,,27835521.85,macd_bullish
20211211,,,,70180.0,69940.0,15998143.0,1122686145960.0,17006.0,71017.0,72841.0,75556.4,70593.20418697574,71417.88984891292,-824.6856619371829,-902.0760639726999,46.011657006628916,,26318126.65,"trend_down,macd_bullish"
20211212,,,,68680.0,68400.0,14538196.0,998428148030.0,15223.0,70721.5,72629.4,75534.5,70298.86508128716,71215.08319343788,-916.2181121507165,-904.9044736083033,42.129586745691896,,25123351.1,"trend_down,macd_bearish"
20211213,,,,68100.0,67340.0,19785643.0,1347498127030.0,22144.0,70532.5,72359.2,75474.5,69960.57814570452,70984.33629022025,-1023.7581445157266,-928.6752077897879,40.69967931561061,,24604275.7,"trend_down,macd_bearish"
20211214,,,,68270.0,68520.0,21464674.0,1465485149400.0,19617.0,70350.5,72126.6,75379.45,69700.48920021152,70783.27434279653,-1082.7851425850095,-959.4971947488323,41.328251796767226,,24157167.35,"trend_down,macd_bearish"
20211215,,,,67990.0,67520.0,14992986.0,1019408446140.0,15399.0,70117.5,71887.6,75251.75,69437.3370155636,70576.36513221901,-1139.0281166554196,-995.4033791301498,40.56555911136893,,23728003.65,"trend_down,macd_bearish"
20211218,,,,68840.0,68640.0,17732509.0,1220705570040.0,17337.0,70048.0,71649.2,75092.05,69345.43901316919,70447.74549279538,-1102.3064796261897,-1016.7839992293577,43.94733181733183,,23402391.3,"trend_down,macd_bearish"
20211219,,,,67290.0,66930.0,15086579.0,1015187179540.0,17997.0,69848.0,71434.4,74931.7,69029.21762652778,70213.83841925499,-1184.6207927272044,-1050.3513579289272,39.53027007059,,22536766.5,"trend_down,macd_bearish"
20211220,,,,67560.0,67800.0,16770397.0,1133083624360.0,16346.0,69558.5,71235.8,74789.25,68803.18414552351,70017.25779560646,-1214.0736500829516,-1083.0958163597322,40.649304679073936,,21296558.45,"trend_down,macd_bearish"
20211221,,,,68400.0,68900.0,23286584.0,1592827602090.0,20209.0,69377.5,71060.0,74670.2,68741.15581544298,69897.46092185784,-1156.3051064148603,-1097.737674370758,44.114328075762096,,21190781.05,"trend_down,macd_bearish"
20211222,,,,72050.0,73310.0,67336998.0,4851795116700.0,51094.0,69414.0,71031.0,74578.4,69250.20876691329,70056.90826097949,-806.6994940661971,-1039.5300383098458,56.10608767904818,,23510014.5,"macd_bullish,volume_spike"
20211225,,,,73530.0,71850.0,70609050.0,5191855534260.0,49951.0,69623.0,71078.8,74509.7,69908.63818738816,70314.17431572174,-405.53612833358056,-912.7312563145928,59.86655969272243,,25822798.05,"macd_bullish,volume_spike"
20211226,,,,71890.0,72400.0,53055256.0,3814285520180.0,35207.0,69713.5,71030.0,74450.25,70213.46308163615,70430.9021441868,-217.4390625506494,-773.6728175618041,54.31372813881099,,27558374.9,macd_bullish
20211227,,,,72580.0,72020.0,44171994.0,3205791772930.0,31849.0,69827.0,71032.0,74411.0,70577.54568446135,70590.09457795073,-12.548893489380134,-621.4480327473194,56.156311753148124,,28799257.2,macd_bullish
20211228,,,,72060.0,72200.0,24359743.0,1755340254840.0,18720.0,69923.0,71031.4,74357.15,70805.61557915961,70698.9764610655,106.63911809411366,-475.8306025790328,54.37643015187942,,29069077.2,macd_bullish
20211229,,,,71390.0,70680.0,27488744.0,1962482837980.0,23416.0,70045.5,71003.0,74291.15,70895.52087467352,70750.16338987547,145.35748479804897,-351.59298510361646,52.08573408968184,,29746796.85,macd_bullish
20220101,,,,71050.0,71350.0,21593771.0,1534187148940.0,17945.0,70096.5,71000.4,74236.45,70919.28689395452,70772.37350914394,146.91338481057028,-251.8917111207791,50.913594502442066,,28998238.05,macd_bullish
20220102,,,,71750.0,72040.0,19595208.0,1405981815510.0,17569.0,70135.0,71065.4,74199.25,71047.0889102692,70844.79028624439,202.29862402481376,-161.05364409166054,53.246404489734864,,28359878.5,macd_bullish
20220103,,,,71860.0,71560.0,13526440.0,971996940980.0,14007.0,70237.0,71140.8,74148.45,71172.15215484316,70919.99100578185,252.16114906131406,-78.41068546106561,53.61942575014194,,27982505.05,macd_bullish
20220104,,,,71020.0,71100.0,11241913.0,798454463320.0,11646.0,70291.5,71188.0,74076.05,71148.74413102114,70927.39907942765,221.34505159349646,-18.4595380501532,50.31791660026702,,27454011.8,macd_bullish
20220105,,,,71290.0,71150.0,13464314.0,959896769510.0,12580.0,70289.0,71224.6,74017.6,71170.47580317174,70954.25840687746,216.2173962942761,28.475848818732665,51.354728889838334,,26304957.1,macd_bullish
20220108,,,,71580.0,71190.0,17512431.0,1253458533800.0,15826.0,70359.0,71296.0,73973.4,71233.4795257607,71000.60963599765,232.86988976305292,69.35465700759673,52.50129995530444,,26380671.5,macd_bullish
20220109,,,,70120.0,69980.0,16177865.0,1134388422760.0,16291.0,70431.0,71397.8,73904.45,71062.17498333598,70935.37929259041,126.79569074556639,80.84286375519066,46.55233560884938,,26462654.95,"trend_down,macd_bullish"
20220110,,,,70150.0,70690.0,13734834.0,963543057340.0,13423.0,70533.5,71411.6,73814.6,70921.84037051506,70877.20304869482,44.63732182023523,73.60175536819958,46.68601533102758,,26160114.5,"trend_down,macd_bearish"
20220111,,,,70620.0,70310.0,13645187.0,963630075980.0,12389.0,70651.0,71382.8,73722.8,70875.40339043582,70858.15097101372,17.25241942210414,62.33188817898049,48.84469770084503,,25769140.15,"trend_down,macd_bearish"
20220112,,,,70570.0,70350.0,11181039.0,789034634740.0,11068.0,70780.0,71337.8,73647.55,70828.4182534457,70836.80645464233,-8.388201196619775,48.18787030386044,48.61916375594689,,25578542.8,"trend_down,macd_bearish"
20220115,,,,69920.0,69640.0,9128688.0,638309422210.0,12657.0,70834.0,71186.2,73563.05,70688.66159906946,70768.89486540956,-80.233266340103,22.503642975067752,45.66709855279205,,25148351.75,"trend_down,macd_bearish"
20220116,,,,69440.0,69930.0,10787225.0,749050554290.0,11913.0,70941.5,71059.8,73485.7,70496.55981459723,70670.45820871256,-173.8983941153274,-16.776764443011277,43.563541924930135,,24933384.05,"trend_down,macd_bearish"
20220117,,,,69470.0,68840.0,12264335.0,851961181210.0,14714.0,71037.0,70958.8,73411.15,70338.62753542843,70581.53537843755,-242.90784300911764,-62.00298015623255,43.7379758052662,,24708080.95,macd_bearish
20220118,,,,67860.0,68130.0,12660225.0,859121626690.0,15190.0,71010.0,70755.2,73318.65,69957.30022228559,70379.94016521996,-422.6399429343728,-134.13037271186062,37.109087878823026,,24176763.0,macd_bearish
20220119,,,,69720.0,70040.0,25842734.0,1801743554520.0,22003.0,70893.5,70594.0,73238.55,69920.79249578012,70331.055708537,-410.2632127568795,-189.35694072086443,47.086544959044296,,22102049.8,macd_bearish
20220122,,,,71450.0,70030.0,34469633.0,2463013675040.0,26824.0,70789.5,70536.8,73178.2,70156.05518873702,70413.94047086759,-257.8852821305627,-203.0626090028041,54.34202948787716,,20295078.95,"trend_up,macd_bearish"
20220123,,,,69060.0,68690.0,19890658.0,1373631635860.0,19560.0,70648.0,70426.2,73116.3,69987.43131354671,70313.64858413665,-326.2172705899429,-227.69354132023187,45.13445952234867,,18636849.05,macd_bearish
20220124,,,,68610.0,68600.0,12812660.0,879102695380.0,13771.0,70449.5,70360.8,73051.5,69775.51880377029,70187.45239271912,-411.9335889488284,-264.5415508459512,43.6353047104724,,17068882.35,macd_bearish
20220125,,,,67550.0,68780.0,25977774.0,1754919856610.0,24655.0,70224.0,70273.6,72987.55,69433.13129549794,69992.085548814,-558.9542533160566,-323.4240913399723,40.244355763387404,,17149783.9,"trend_down,macd_bearish"
20220126,,,,70270.0,71300.0,48353856.0,3397911601550.0,35518.0,70168.0,70226.0,72950.9,69561.88032695978,70012.67180445741,-450.7914774976234,-348.8975685715025,50.80823375522161,,18193039.5,"macd_bearish,volume_spike"
20220129,,,,74520.0,76210.0,77792752.0,5796848377180.0,59803.0,70341.5,70311.8,72950.35,70324.66796896598,70346.54796709018,-21.879998124204576,-283.49405448204294,62.08651378453945,,21002988.55,"trend_up,macd_bullish,volume_spike"
20220130,,,,75770.0,74000.0,90779748.0,6878635172730.0,61119.0,70542.5,70401.4,72952.9,71162.41135835584,70748.28515471314,414.1262036426924,-143.97000285709586,64.65338485222169,,24562215.55,"trend_up,macd_bullish,volume_spike"
20220131,,,,75120.0,75850.0,80062537.0,6013917978400.0,54575.0,70705.5,70436.8,72945.9,71771.27114937801,71072.11588399365,699.1552653843537,24.655050791194043,62.29166541625655,,27889020.4,"trend_up,macd_bullish,volume_spike"
20220201,,,,74870.0,73510.0,42583874.0,3188394335190.0,35093.0,70898.0,70493.8,72951.25,72247.99866485831,71353.44063332745,894.5580315308616,198.63564693912758,61.36321971205857,,29456118.45,"trend_up,macd_bullish"
20220202,,,,73640.0,73980.0,33049446.0,2433733840530.0,25414.0,71015.5,70540.2,72964.0,72462.15271641857,71522.81540122912,939.3373151894484,346.7759805891918,56.87189883584349,,30435375.05,"trend_up,macd_bullish"
20220205,,,,74170.0,72980.0,34984303.0,2594910787500.0,27983.0,71145.0,70636.6,72982.1,72724.89845235417,71718.90314928623,1005.9953030679462,478.6198450849427,58.288593382166084,,31308968.65,"trend_up,macd_bullish"
20220206,,,,70990.0,70480.0,34609573.0,2457079710400.0,30361.0,71188.5,70654.8,72977.35,72457.99099814585,71664.91032341318,793.0806747326715,541.5120110144885,48.08290087006939,,32230554.05,macd_bullish
20220207,,,,71360.0,71690.0,32886032.0,2346651820500.0,25584.0,71249.0,70675.8,72954.95,72289.06930612342,71642.32437353072,646.7449325927009,562.5585953301311,49.197461266706554,,33188113.95,"trend_up,macd_bullish"
20220208,,,,72250.0,72120.0,27541643.0,1989977530390.0,24562.0,71330.5,70718.0,72943.45,72283.05864364289,71687.33738289881,595.7212607440742,569.1911284129197,51.8738388051287,,33882936.75,"trend_up,macd_bullish"
20220209,,,,73140.0,73830.0,41858371.0,3061381592390.0,38826.0,71459.0,70802.0,72950.5,72414.89577539013,71794.9420212026,619.9537541875325,579.3436535678424,54.457657348058525,,35416803.35,"trend_up,macd_bullish"
20220212,,,,69840.0,69170.0,46314629.0,3234523994660.0,42620.0,71455.0,70798.2,72954.25,72018.75796379165,71650.13150111352,368.626462678134,537.2002153899007,44.84390683525081,,37276100.4,macd_bearish
20220213,,,,69050.0,69120.0,17276508.0,1192945704890.0,17983.0,71435.5,70759.6,72943.9,71562.02596936216,71457.5291676977,104.49680166445614,450.65953264481175,42.89178960680936,,37600564.55,macd_bearish
20220214,,,,69350.0,69270.0,15189901.0,1053346328500.0,14028.0,71429.5,70750.2,72928.35,71221.71428176799,71301.41589601639,-79.70161424840626,344.5873032661682,43.890676539374226,,37746842.85,macd_bearish
20220216,,,,68680.0,68520.0,13874901.0,952996864430.0,20277.0,71470.5,70725.2,72920.2,70830.68131534214,71107.23694075592,-276.5556254137773,220.35871753017912,42.11880570193885,,37807576.65,macd_bearish
20220219,,,,68080.0,68060.0,16906754.0,1151088552440.0,22151.0,71388.5,70660.0,72912.95,70407.49957452028,70882.99716736659,-475.49759284631,81.18745545488132,40.54043391665755,,37360777.65,macd_bearish
20220220,,,,67970.0,68390.0,17317788.0,1177011279220.0,20236.0,71214.5,70615.8,72913.25,70032.49963997869,70667.21959941351,-634.7199594348203,-61.99402752305902,40.24268762813571,,36503185.4,macd_bearish
20220221,,,,68910.0,69130.0,25597372.0,1763832439110.0,22744.0,71207.0,70620.4,72910.45,69859.80738767429,70537.05518464214,-677.2477969678584,-185.0447814120189,44.0259343829791,,36788521.1,macd_bearish
20220222,,,,70330.0,71090.0,50766171.0,3570329077130.0,38563.0,71293.0,70665.0,72898.6,69932.14471264748,70521.71776355755,-589.5730509100686,-265.95043531162884,49.252685825702414,,38686196.65,macd_bearish
20220223,,,,70130.0,69400.0,36941964.0,2590610534360.0,30226.0,71422.0,70702.2,72880.45,69962.58398762479,70492.70163292365,-530.1176452988584,-318.7838773090748,48.564836585964244,,39234406.15,macd_bearish
20220226,,,,69280.0,68700.0,23653169.0,1638711839440.0,23546.0,71372.5,70728.0,72861.8,69857.57106645175,70402.87188233671,-545.3008158849552,-364.0872650242509,45.647074315951,,37999371.8,macd_bearish
20220227,,,,69020.0,69200.0,13811939.0,953235155340.0,13939.0,71097.5,70731.6,72855.9,69728.71397930532,70300.43692808955,-571.7229487842269,-405.6144017762461,44.76120662363302,,34800331.15,macd_bearish
20220228,,,,69160.0,69000.0,14817843.0,1024774042030.0,13760.0,70767.0,70769.0,72857.65,69641.21952095066,70215.96011860143,-574.7405976507725,-439.43964095115143,45.37592946033133,,31002235.9,"trend_down,macd_bearish"
20220302,,,,69710.0,69200.0,28365383.0,1977398730600.0,22380.0,70496.5,70812.0,72852.0,69651.8011331121,70178.48159129762,-526.6804581855249,-456.88780439802616,47.83209642352783,,28417378.2,"trend_down,macd_bearish"
20220305,,,,70340.0,70880.0,46217615.0,3250726487670.0,35792.0,70270.0,70850.8,72856.35,69757.67788186409,70190.44591786816,-432.76803600406856,-452.06385071923467,50.57363906316301,,28599065.25,macd_bullish
20220306,,,,72080.0,72140.0,59549506.0,4292509148680.0,39846.0,70192.0,70851.4,72880.65,70114.95820773115,70330.41288691496,-215.45467918380746,-404.74201641214927,57.25507171902787,,29924068.25,macd_bullish
20220307,,,,73310.0,72130.0,84632771.0,6204289333040.0,52863.0,70149.0,70847.0,72901.7,70606.50309884944,70551.12304343977,55.380055409666966,-312.71760204778604,61.24345227677907,,32406491.65,"macd_bullish,volume_spike"
20220308,,,,71730.0,71200.0,31722370.0,2275534295540.0,24564.0,70186.0,70843.8,72896.6,70779.34877594952,70638.44726244423,140.9015135052905,-221.99377893717073,54.242053999122334,,32262131.5,macd_bullish
20220309,,,,72650.0,72630.0,57928817.0,4208366497560.0,34750.0,70250.5,70845.2,72896.8,71067.14127195728,70787.45116892984,279.69010302744573,-121.65700254424743,57.302883179719046,,33514270.75,macd_bullish
20220312,,,,70240.0,69930.0,26277701.0,1845776056470.0,22369.0,70150.0,70808.8,72882.75,70939.88876857924,70746.8992304906,192.98953808864462,-58.72769441766902,48.20608900343477,,33451073.65,macd_bullish
20220313,,,,70300.0,70350.0,22293758.0,1567289813120.0,15499.0,70008.0,70787.0,72873.05,70841.44434264397,70713.79558378759,127.64875885637593,-21.45240376286003,48.42560437299433,,32472843.0,macd_bullish
20220314,,,,69940.0,69560.0,16203410.0,1133251993250.0,15877.0,70013.0,70764.8,72871.25,70702.76059762182,70656.47739239591,46.28320522590366,-7.905281965107292,47.13479015997248,,30967282.05,"trend_down,macd_bullish"
20220315,,,,69230.0,69000.0,15364342.0,1063641271380.0,13863.0,70022.0,70714.4,72864.7,70476.18204414153,70550.81240036659,-74.63035622505413,-21.25029681709666,44.60925075264966,,30871673.75,"trend_down,macd_bearish"
20220316,,,,70210.0,70170.0,19403819.0,1362394265920.0,15217.0,70065.0,70681.4,72869.95,70435.23096042745,70525.56703737647,-90.33607694902457,-35.06745284348224,48.69546154725295,,31082369.65,macd_bearish
20220319,,,,71640.0,71650.0,32025002.0,2294207443470.0,20791.0,70213.0,70693.8,72898.5,70620.58004343862,70608.11762720044,12.462416238180595,-25.561479027149677,54.0251133803623,,31989874.7,macd_bullish
20220326,,,,72910.0,72920.0,40560650.0,2957345666590.0,23634.0,70454.5,70726.2,72943.05,70972.79849829421,70778.627432593,194.1710657012154,18.385029918523344,58.18017642150852,,33172569.5,macd_bullish
20220327,,,,72890.0,73040.0,39452143.0,2875571806180.0,23829.0,70700.5,70752.4,72981.15,71267.75257547972,70935.02540054907,332.72717493065284,81.25345892094924,58.09113793024595,,34279287.25,macd_bullish
20220328,,,,73360.0,73470.0,37395730.0,2743227888920.0,22343.0,70923.0,70817.2,73011.15,71589.6367946367,71114.65314865655,474.9836459801445,159.9994963327883,59.65377530356322,,34869205.15,"trend_up,macd_bullish"
20220329,,,,72690.0,72510.0,24067129.0,1749422336280.0,18062.0,71041.0,70868.0,73041.1,71758.92344161567,71231.34550801532,527.577933600347,233.51518378630004,56.42396111609352,,33534253.05,"trend_up,macd_bullish"
20220330,,,,73120.0,73260.0,24035932.0,1757528943530.0,15633.0,71190.5,70918.0,73051.85,71968.31983521326,71371.24584075493,597.0739944583329,306.2269459207066,57.99580917443918,,32888951.45,"trend_up,macd_bullish"
20220403,,,,73690.0,73900.0,29285099.0,2158015687260.0,20582.0,71411.0,70980.4,73046.25,72233.19370671891,71543.0054081064,690.1882986125129,383.0192164590679,60.052835521669486,,33170547.95,"trend_up,macd_bullish"
20220404,,,,75170.0,74810.0,63855179.0,4799752442760.0,34582.0,71718.5,71085.4,73056.75,72685.01005953139,71811.6716741726,873.3383853587875,481.0830502390118,64.86420354148979,,35672709.95,"trend_up,macd_bullish"
20220405,,,,75700.0,75600.0,45338985.0,3432154242240.0,24517.0,72045.5,71210.6,73073.5,73148.85466575733,72099.69599460425,1049.1586711530836,594.6981744218261,66.42380260753785,,37198767.05,"trend_up,macd_bullish"
20220406,,,,74830.0,73580.0,27066244.0,2025375337950.0,22364.0,72301.5,71317.8,73079.05,73407.49240948698,72301.94073574468,1105.5516737423022,696.8688742859214,61.59090271169877,,37133810.1,"trend_up,macd_bullish"
20220409,,,,74030.0,74430.0,24458300.0,1810601988930.0,17019.0,72486.0,71441.2,73077.2,73503.26280802744,72429.94512568953,1073.317682337918,772.1586358963208,57.45147176812478,,36045844.35,"trend_up,macd_bullish"
20220410,,,,74790.0,74420.0,17427075.0,1303321291730.0,14081.0,72621.5,71542.6,73081.6,73701.22237602323,72604.76400526808,1096.45837075515,837.0185828680867,60.188863415167596,,33939722.8,"trend_up,macd_bullish"
20220411,,,,74880.0,74850.0,19388715.0,1451767334310.0,14095.0,72700.0,71611.2,73096.05,73882.57277971196,72773.30000487786,1109.2727748340985,891.4694212612891,60.51284612091382,,30677520.0,"trend_up,macd_bullish"
20220412,,,,72920.0,72500.0,17801773.0,1298070454540.0,15557.0,72759.5,71688.4,73098.95,73734.48465975627,72784.1666711832,950.3179885730788,903.2391347236471,50.81439735078212,,29981490.15,"trend_up,macd_bullish"
20220413,,,,74190.0,74510.0,27862206.0,2067080708460.0,15862.0,72836.5,71800.0,73108.75,73804.56394287069,72888.30247331777,916.2614695529192,905.8436016895016,55.76187397381052,,28478159.6,"trend_up,macd_bullish"
20220416,,,,75000.0,74680.0,18394244.0,1379523672180.0,14756.0,73074.5,71949.0,73116.0,73988.47718242905,73044.72451233128,943.752670097776,913.4254153711565,58.620744009850135,,28083986.75,"trend_up,macd_bullish"
20220417,,,,74620.0,74990.0,16598350.0,1238533701550.0,14339.0,73290.5,72036.0,73125.0,74085.63453897843,73161.41158549192,924.2229534865037,915.5849229942261,56.76730115769729,,27799216.35,"trend_up,macd_bullish"
20220418,,,,76610.0,75740.0,46931114.0,3595357731370.0,30180.0,73624.0,72077.8,73146.45,74473.99845605867,73416.86257915919,1057.1358768994833,943.8951137752775,63.30965248255013,,29335601.55,"trend_up,macd_bullish"
20220419,,,,77560.0,78000.0,39931403.0,3097005451920.0,25211.0,74040.5,72113.6,73169.8,74948.76792435734,73723.76164736963,1225.0062769877113,1000.1173464177643,65.9580951741157,,30563954.6,"trend_up,macd_bullish"
20220420,,,,82330.0,83000.0,69634843.0,5733292428700.0,52101.0,74646.5,72257.8,73222.25,76084.34208984082,74361.2607846015,1723.0813052393205,1144.7101381820758,75.51501676264742,,33075505.8,"trend_up,rsi_overbought,macd_bullish,volume_spike"
20220424,,,,82140.0,81750.0,30719062.0,2523342890180.0,24591.0,75171.5,72403.2,73277.35,77015.98176832685,74937.46368944582,2078.518078881025,1331.4717263218656,74.61643301593992,,33010208.8,"trend_up,rsi_overbought,macd_bullish"
20220425,,,,81750.0,82200.0,20237545.0,1654464315210.0,16095.0,75613.5,72565.4,73325.0,77744.29226550733,75442.09600874614,2302.1962567611918,1525.616632409731,72.70403004334423,,31994053.55,"trend_up,rsi_overbought,macd_bullish"
20220426,,,,82930.0,83010.0,38180504.0,3166249622480.0,23485.0,76115.5,72740.6,73378.55,78542.09345542928,75996.75556365383,2545.3378917754453,1729.560884282874,74.80786642025464,,31930471.6,"trend_up,rsi_overbought,macd_bullish"
20220427,,,,82800.0,82170.0,20524249.0,1699368327280.0,20326.0,76587.5,72976.8,73426.15,79197.15600074784,76500.69959597576,2696.456404772078,1922.939988380715,74.12998555905222,,31086897.55,"trend_up,rsi_overbought,macd_bullish"
20220430,,,,83030.0,82670.0,23567905.0,1956798954970.0,18704.0,77104.5,73210.2,73478.55,79786.8243083251,76984.35147775534,2802.4728305697645,2098.8465568185247,74.56905953021943,,31061936.35,"trend_up,rsi_overbought,macd_bullish"
20220501,,,,82590.0,82570.0,15133397.0,1249935302990.0,13778.0,77578.0,73417.0,73531.4,80218.0821070443,77399.58470162531,2818.497405418995,2242.7767265386187,72.04974162765734,,30616809.6,"trend_up,rsi_overbought,macd_bullish"
20220502,,,,83370.0,83950.0,30488652.0,2541916111820.0,21660.0,78062.0,73621.6,73589.55,80702.9925521144,77841.83768669011,2861.1548654242943,2366.452354315754,73.74326662244931,,30676987.25,"trend_up,rsi_overbought,macd_bullish"
20220507,,,,86740.0,87590.0,37649881.0,3265923229470.0,28739.0,78640.5,73959.6,73663.45,81631.7629287122,78500.96082100936,3130.802107702839,2519.322304993171,79.51764931536592,,29366722.35,"trend_up,rsi_overbought,macd_bullish"
20220508,,,,86320.0,86060.0,24250107.0,2093356665050.0,20469.0,79171.5,74305.0,73743.05,82353.03017044878,79080.148908342,3272.8812621067773,2670.0340964158927,77.23783725732099,,28312278.45,"trend_up,rsi_overbought,macd_bullish"
20220509,,,,84600.0,83500.0,23530511.0,1990577829340.0,20626.0,79660.0,74610.0,73819.6,82698.71783653357,79489.02676698334,3209.69106955023,2777.9654910427603,68.56782472744867,,28135491.8,"trend_up,macd_bullish"
20220510,,,,83570.0,83400.0,14187544.0,1185597403020.0,13502.0,80137.0,74907.8,73884.55,82832.76124629764,79791.32108054013,3041.440165757507,2830.66042598571,63.939216808689466,,27621954.0,"trend_up,macd_bullish"
20220511,,,,84550.0,84710.0,16400524.0,1386654564860.0,14751.0,80625.0,75237.2,73949.85,83096.95182379031,80143.81581531494,2953.1360084753687,2855.155542483642,66.27209931668415,,27570626.45,"trend_up,macd_bullish"
20220514,,,,85310.0,85150.0,20260787.0,1728443710570.0,17025.0,81146.5,75584.0,74024.95,83437.42077397642,80526.49612529161,2910.9246486848133,2866.3093637238762,68.00098592143712,,27614230.05,"trend_up,macd_bullish"
20220515,,,,83520.0,83510.0,18822745.0,1572005411940.0,17845.0,81676.5,75876.2,74096.65,83450.12527028774,80748.2371530478,2701.8881172399415,2833.4251144270893,60.17693951452654,,27665278.65,"trend_up,macd_bearish"
20220516,,,,83210.0,83180.0,13986510.0,1163873816970.0,19799.0,82127.5,76133.8,74164.0,83413.1829210127,80930.58995652574,2482.592964486961,2763.258684439064,58.912731002328314,,26971493.85,"trend_up,macd_bearish"
20220517,,,,83200.0,82150.0,20904199.0,1739284051970.0,18679.0,82537.5,76395.2,74230.45,83380.38554854921,81098.69440419051,2281.6911443587014,2666.9451764229916,58.86976708020675,,27096991.6,"trend_up,macd_bearish"
20220518,,,,80990.0,80700.0,16552265.0,1340517606270.0,18315.0,82856.0,76629.4,74287.55,83012.63392569548,81090.64296684306,1921.990958852417,2517.9543329088765,50.1630290903778,,27094687.35,macd_bearish
20220521,,,,79420.0,79410.0,18179221.0,1443734756820.0,16079.0,82996.5,76837.4,74336.05,82459.92101405002,80966.8916359658,1493.0293780842185,2312.969341943945,45.06402669920615,,25657092.7,macd_bearish
20220522,,,,79350.0,79100.0,12060257.0,956953521930.0,11366.0,83086.0,77041.2,74363.4,81981.4716272731,80847.12188515352,1134.3497421195789,2077.245421979072,44.84514975751254,,24263535.4,macd_bearish
20220523,,,,76930.0,76550.0,18473631.0,1421241722790.0,17292.0,82816.0,77185.6,74390.15,81204.32214615415,80556.96470847548,647.357437678671,1791.267825118992,37.97763044054776,,21705474.8,macd_bearish
20220524,,,,76710.0,76390.0,10908545.0,836838468160.0,10835.0,82544.5,77313.0,74417.15,80512.88796982275,80272.00435969952,240.88361012323003,1481.1909821198399,37.41665815546303,,20714948.95,macd_bearish
20220525,,,,77730.0,78500.0,19469131.0,1513389465850.0,16491.0,82343.5,77426.0,74449.35,80084.75135908078,80083.70774046253,1.043618618248729,1185.1615094195215,41.71529095821494,,20676528.25,macd_bearish
20220528,,,,78240.0,77450.0,16407226.0,1283694495940.0,13183.0,82109.0,77524.6,74490.25,79800.94345768374,79947.13679672458,-146.1933390408376,918.8905397274498,43.794070437092394,,19587864.35,macd_bearish
20220529,,,,76930.0,77600.0,10607646.0,816041145960.0,9453.0,81815.5,77628.6,74526.5,79359.2598488093,79723.6451821524,-364.38533334308886,662.2353651133421,39.86136220659523,,19092034.2,macd_bearish
20220530,,,,77140.0,76690.0,10058866.0,775915732700.0,9281.0,81521.0,77718.4,74560.6,79017.8352566848,79532.26405754851,-514.4288008637086,426.90253191793204,40.77944442169379,,18416582.25,macd_bearish
20220531,,,,77850.0,77640.0,12832409.0,999034162750.0,10778.0,81284.0,77870.6,74601.85,78838.16829411792,79407.65190513752,-569.4836110196047,227.62530333042469,43.89784069112231,,18301532.85,macd_bearish
20220601,,,,77220.0,77190.0,8023400.0,619569951180.0,7720.0,80976.5,78009.0,74640.95,78589.21932579209,79245.60361586808,-656.3842900759919,50.82338464914139,41.79479868850474,,17178270.25,macd_bearish
20220606,,,,74830.0,74180.0,15109450.0,1130679153250.0,13577.0,80381.0,78106.8,74667.2,78010.87789105484,78918.52186654451,-907.643975489671,-140.87008737862112,34.95351395221513,,16051248.7,macd_bearish
20220607,,,,74820.0,74360.0,9587473.0,717344128790.0,9558.0,79806.0,78218.6,74688.8,77519.97360012333,78614.92765420787,-1094.9540540845483,-331.6868807198066,34.927752351183315,,15318117.0,macd_bearish
20220608,,,,74860.0,74820.0,7116665.0,532726163590.0,7464.0,79319.0,78311.6,74709.45,77110.74689241205,78336.78486500728,-1226.037972595237,-510.5570990948927,35.13369478605546,,14497424.7,macd_bearish
20220611,,,,74310.0,74170.0,7190776.0,534372111860.0,7531.0,78856.0,78365.0,74727.2,76679.86275511788,78038.50450463637,-1358.641749518487,-680.1740291796116,33.560903615826746,,14147586.3,macd_bearish
20220612,,,,76340.0,77190.0,17916624.0,1367778133960.0,13812.0,78445.5,78433.6,74756.7,76627.57617740743,77912.6893561448,-1285.1131787373597,-801.1618590911612,43.597051999607,,14223391.3,macd_bearish
20220613,,,,78630.0,78140.0,17413857.0,1369315754280.0,14714.0,78111.5,78548.4,74797.35,76935.64138088321,77965.82347791184,-1030.1820970286208,-846.9659066786531,52.3427837949563,,14081044.8,macd_bearish
20220614,,,,77790.0,77220.0,11093365.0,862953261080.0,8829.0,77825.0,78637.0,74823.7,77067.08116843965,77952.79951658503,-885.7183481453831,-854.7163949719992,49.32171242786864,,13694575.8,"trend_down,macd_bearish"
20220615,,,,77060.0,77200.0,7817143.0,602375820040.0,6374.0,77517.5,78724.4,74844.4,77065.99175791047,77886.66621906021,-820.6744611497415,-847.9080082075477,46.794027980813574,,13386107.45,"trend_down,macd_bullish"
20220618,,,,77270.0,77100.0,9892514.0,764440541370.0,8269.0,77221.0,78807.4,74855.2,77097.37764130885,77840.98723987056,-743.6095985617139,-827.0483262783811,47.625571766559986,,12835523.2,macd_bullish
20220619,,,,76980.0,76770.0,7177369.0,552535978690.0,7027.0,77020.5,78873.2,74835.05,77079.31954264596,77777.21040728755,-697.8908646415948,-801.2168339510239,46.54376513449162,,12366778.4,"trend_down,macd_bullish"
20220620,,,,76890.0,76470.0,7438076.0,571878976540.0,7227.0,76894.0,78907.6,74800.4,77050.19345916196,77711.49111785885,-661.2976586968871,-773.2329989001965,46.19308144586713,,11829721.15,"trend_down,macd_bullish"
20220621,,,,76020.0,75610.0,7863858.0,597788116780.0,6374.0,76727.5,78914.0,74746.15,76891.70215775243,77586.19547949893,-694.4933217465004,-757.4850634694574,42.83340051594268,,11619901.2,"trend_down,macd_bullish"
20220622,,,,75570.0,75570.0,5869976.0,443608797120.0,5806.0,76659.5,78928.8,74687.05,76688.36336425206,77436.84766620271,-748.4843019506516,-755.6849111656963,41.165639156037756,,10989718.45,"trend_down,macd_bullish"
20220625,,,,75190.0,75000.0,7156292.0,538112849120.0,6823.0,76583.5,78952.0,74600.6,76457.8459235979,77270.41450574326,-812.5685821453662,-767.0616453616303,39.757873809143945,,10802105.8,"trend_down,macd_bearish"
20220626,,,,74580.0,74700.0,8413980.0,627555462290.0,5683.0,76426.0,78947.8,74504.05,76168.94655073668,77071.12454235487,-902.177991618184,-794.084914612941,37.538631297375254,,10249348.25,"trend_down,macd_bearish"
20220627,,,,74900.0,75130.0,9016802.0,675318541180.0,7124.0,76259.0,78948.2,74440.35,75973.7240044695,76910.30050218043,-936.5764977109211,-822.5832312325371,39.4481071158545,,9879827.05,"trend_down,macd_bearish"
20220628,,,,75290.0,75200.0,11470889.0,863598618560.0,7198.0,76177.0,78995.6,74390.35,75868.53569608959,76790.27824275965,-921.7425466700661,-842.415094320043,41.783955614611834,,9922989.2,"trend_down,macd_bearish"
20220629,,,,74970.0,75120.0,5561599.0,416943264420.0,4817.0,76068.5,79011.2,74335.2,75730.29943515273,76655.44281737004,-925.143382217313,-858.960751899497,40.40662077288468,,9698125.85,"trend_down,macd_bearish"
20220702,,,,74520.0,74600.0,7330194.0,546280590740.0,5507.0,75902.0,79001.6,74272.25,75544.09952205232,76497.26186793523,-953.1623458829126,-877.8010706961802,38.48541713964097,,9423015.1,"trend_down,macd_bearish"
20220703,,,,74970.0,75050.0,5343699.0,400591935750.0,5671.0,75789.5,79008.6,74225.15,75455.77651865965,76384.13135919928,-928.3548405396286,-887.91182466487,41.48179478657664,,9289030.05,"trend_down,macd_bearish"
20220704,,,,74990.0,74850.0,5705484.0,427863480310.0,4813.0,75797.5,78976.2,74175.55,75384.11859271201,76280.86236962897,-896.7437769169628,-889.6782151152886,41.617907998848736,,8818831.75,"trend_down,macd_bearish"
20220705,,,,75660.0,76340.0,14437767.0,1092313836910.0,8749.0,75839.5,78938.2,74141.75,75426.56188614093,76234.87256447127,-808.3106783303374,-873.4047077582984,46.137750134772226,,9061346.45,"trend_down,macd_bullish"
20220706,,,,75060.0,74930.0,9290072.0,697334399100.0,5920.0,75849.5,78792.8,74101.85,75370.16774981156,76147.84496710302,-777.6772172914643,-854.2592096649316,42.93230085975689,,9170016.8,"trend_down,macd_bullish"
20220709,,,,74970.0,74830.0,5558756.0,416719288140.0,5306.0,75882.5,78649.4,74057.5,75308.60348060977,76060.59719176206,-751.9937111522886,-833.8061099624031,42.4558197699124,,9088415.8,"trend_down,macd_bullish"
20220711,,,,73900.0,73620.0,10692787.0,790184595640.0,6732.0,75760.5,78492.4,74031.35,75091.89525282366,75900.55295533524,-808.6577025115839,-828.7764284722392,37.173540234064234,,8727223.95,"trend_down,macd_bullish"
20220712,,,,73850.0,74000.0,5710746.0,421747043620.0,5413.0,75521.5,78310.8,74010.6,74900.83444469694,75748.66014382892,-847.8256991319795,-832.5862826041873,36.942238829053444,,8142068.4,"trend_down,macd_bearish"
20220713,,,,75880.0,75760.0,13668140.0,1037081491880.0,9900.0,75426.0,78172.4,73987.5,75051.47529935895,75758.38902206383,-706.9137227048777,-807.4517706243254,50.428391593951055,,8270807.15,macd_bullish
20220716,,,,75330.0,75140.0,7139873.0,537814196940.0,6384.0,75339.5,78018.4,73965.25,75094.32525330373,75726.65650191095,-632.3312486072246,-772.4276662209053,47.46637858695473,,8236943.65,"trend_down,macd_bullish"
20220717,,,,74610.0,74620.0,6262489.0,467225758080.0,5384.0,75206.5,77858.8,73954.9,75019.81367587238,75643.94120547311,-624.1275296007225,-742.7676388968687,43.836421976625275,,8055442.4,"trend_down,macd_bullish"
20220719,,,,78880.0,80180.0,24513840.0,1933762922980.0,18898.0,75301.5,77769.0,73971.3,75613.68849496894,75883.64926432696,-269.9607693580183,-648.2062649890987,62.266366385629695,,8922265.95,"macd_bullish,volume_spike"
20220720,,,,80130.0,80150.0,18284118.0,1465029956210.0,16416.0,75463.5,77636.8,73988.2,76308.5056495891,76198.1937632657,110.31188632339763,-496.50263472659947,65.80398918853129,,9464568.05,macd_bullish
20220723,,,,82280.0,81980.0,19539279.0,1607692335990.0,15894.0,75776.5,77556.0,74029.55,77227.19708811385,76648.69792894972,578.4991591641301,-281.5022759484536,70.86374696747369,,10048339.1,"rsi_overbought,macd_bullish"
20220724,,,,79930.0,78060.0,30535105.0,2440540148780.0,21146.0,75994.5,77462.6,74052.5,77643.01292071171,76891.75734162012,751.255579091594,-74.9507049404441,60.352306415708995,,11281595.55,"macd_bullish,volume_spike"
20220725,,,,76040.0,75490.0,16323389.0,1241273083980.0,11586.0,76037.0,77312.0,74033.45,77396.39554829453,76828.66420520382,567.7313430907088,53.58570466578649,47.7309822697022,,11739950.4,macd_bullish
20220726,,,,76030.0,75530.0,8477474.0,644582068760.0,7501.0,76109.5,77141.6,74019.15,77186.18084855692,76769.50389370724,416.67695484968135,126.20395470256545,47.70336408447826,,11743125.1,"trend_down,macd_bullish"
20220727,,,,75940.0,75730.0,7022702.0,533289767870.0,5485.0,76161.5,76954.2,73998.75,76994.46071800971,76708.05916084003,286.40155716968,158.24347519598837,47.437327007010786,,11643420.1,"trend_down,macd_bullish"
20220730,,,,75230.0,74710.0,8491660.0,638862244150.0,7079.0,76158.5,76788.4,73978.6,76723.00522293129,76598.57329707411,124.4319258571777,151.48116532822624,45.291426023331894,,11494458.65,"trend_down,macd_bearish"
20220731,,,,73830.0,74550.0,7552858.0,557591132950.0,7477.0,76101.5,76600.8,73939.7,76277.92749632648,76393.49379358714,-115.56629726066603,98.0716728104478,41.32202117661088,,11594021.6,"trend_down,macd_bearish"
20220801,,,,74250.0,74080.0,4870985.0,361659557800.0,5291.0,76088.0,76421.8,73911.45,75965.9386507378,76234.71647554365,-268.7778248058603,24.701773287186178,42.93773465461792,,11471061.15,"trend_down,macd_bearish"
20220802,,,,73920.0,74120.0,4700945.0,347495741310.0,4757.0,76035.5,76280.4,73881.35,75651.17885831659,76063.25599587375,-412.07713755716395,-62.65400888168385,41.960103384756025,,11438923.45,"trend_down,macd_bearish"
20220803,,,,74260.0,74540.0,5143097.0,381924935870.0,4883.0,75999.0,76177.2,73848.85,75437.1513416525,75929.6814776609,-492.5301360083977,-148.62923430702662,43.39023808794567,,11410804.1,"trend_down,macd_bearish"
20220806,,,,74730.0,75020.0,9360579.0,699525832280.0,8292.0,75952.5,76084.8,73832.35,75328.35882755212,75840.81618301936,-512.4573554672388,-221.39485853906908,45.39332446229228,,11156944.7,"trend_down,macd_bearish"
20220809,,,,74520.0,74380.0,7014226.0,522707835970.0,5975.0,75925.5,76036.6,73817.5,75203.99593100564,75742.97794724014,-538.9820162344986,-284.912290078155,44.633393092700324,,11043152.4,"trend_down,macd_bearish"
20220810,,,,74520.0,74250.0,6166116.0,459479226530.0,5373.0,75903.0,75992.8,73804.15,75098.76578777401,75652.38698818532,-553.621200411304,-338.65407214478483,44.633393092700324,,11073520.4,"trend_down,macd_bearish"
20220813,,,,75500.0,75540.0,14282187.0,1078347381870.0,12007.0,75983.0,75948.2,73814.15,75160.49412811646,75641.09906313456,-480.60493501809833,-367.0442447194476,49.233187549616055,,11252990.4,macd_bearish
20220814,,,,75290.0,75850.0,13156944.0,990571055900.0,10802.0,76055.0,75889.2,73834.9,75180.41810840624,75615.0917251246,-434.67361671835533,-380.57011911922916,48.30704279547686,,11625300.3,macd_bearish
20220815,,,,75310.0,75100.0,10347655.0,779232239860.0,8826.0,76026.5,75856.8,73839.8,75200.35378403605,75592.49233807833,-392.138554042278,-382.883806103839,48.406585759772916,,11459276.05,macd_bearish
20220816,,,,74440.0,74000.0,15793302.0,1175602783810.0,11351.0,75982.0,75802.8,73849.6,75083.37627879974,75507.12253525772,-423.7462564579764,-391.0562961746665,44.401170472548706,,11891947.5,macd_bearish
20220817,,,,73530.0,73450.0,10555474.0,776137341100.0,9895.0,75928.0,75716.4,73856.8,74844.39531283054,75360.66901412752,-516.2737012969737,-416.09977719912797,40.61550862248674,,12106596.75,macd_bearish
20220820,,,,73770.0,73600.0,13048499.0,962590944470.0,10210.0,75672.5,75647.4,73861.6,74679.10372624123,75242.8416797477,-563.7379535064683,-445.6274124605961,42.01956138661708,,11533329.7,macd_bearish
20220821,,,,73900.0,73820.0,8160740.0,603114011680.0,6940.0,75361.0,75628.8,73875.2,74559.2416145118,75143.3719256923,-584.1303111805028,-473.3279922045774,42.80834852244566,,11027160.8,"trend_down,macd_bearish"
20220822,,,,74030.0,73980.0,7261068.0,537561810860.0,5675.0,74948.5,75613.0,73902.85,74477.81982766383,75060.89993119659,-583.0801035327604,-495.27841447021405,43.634156392524005,,10413250.25,"trend_down,macd_bearish"
20220823,,,,74690.0,75260.0,10694606.0,798788826820.0,8897.0,74686.5,75609.6,73935.85,74510.46293110016,75033.42586221907,-522.9629311189055,-500.81531779995237,47.75843350079811,,9421225.3,macd_bearish
20220824,,,,76470.0,76480.0,19021280.0,1454594799210.0,13457.0,74708.0,75652.8,73974.9,74811.93017246937,75139.83876131395,-327.9085888445843,-466.23397200887877,56.91475691244635,,9556119.85,macd_bullish
20220827,,,,80140.0,79530.0,41723211.0,3343524386090.0,29459.0,74913.5,75728.8,74028.3,75631.6332228587,75510.22107529068,121.41214756801492,-348.70474809350003,68.98482888682868,,11218406.7,"macd_bullish,volume_spike"
20220828,,,,79150.0,79050.0,13719565.0,1085856531650.0,11956.0,75074.0,75739.2,74084.0,76172.92041934197,75779.83432897285,393.08609036912094,-200.34658040097588,63.79313507045934,,11553249.85,macd_bullish
20220829,,,,79310.0,78880.0,11711285.0,928817727740.0,8848.0,75278.0,75769.6,74155.4,76655.54804713551,76041.32808238227,614.2199647532398,-37.43327137013276,64.26126257385638,,11714231.1,macd_bullish
20220830,,,,79050.0,79190.0,7595011.0,600389067120.0,6369.0,75539.0,75809.4,74203.35,77023.92527065313,76264.19266887248,759.7326017806481,121.99990326002343,62.8394458094652,,11716338.75,macd_bullish
20220831,,,,79060.0,78900.0,6042701.0,477727753590.0,5682.0,75779.5,75845.2,74238.35,77337.16753670649,76471.28950821525,865.8780284912355,270.77552830626587,62.873470177701684,,11774924.55,macd_bullish
20220903,,,,77110.0,76950.0,7851726.0,605477854300.0,7674.0,75939.0,75847.8,74259.8,77302.2186849055,76518.60139649561,783.6172884098924,373.3438803269912,52.73394839801485,,11932463.6,"trend_up,macd_bullish"
20220904,,,,77030.0,76850.0,4435607.0,341666269480.0,5075.0,76077.5,75850.6,74257.45,77260.33888722773,76556.48277453297,703.8561126947607,439.44632680054514,52.36087268592522,,11897089.1,"trend_up,macd_bullish"
20220905,,,,76790.0,76600.0,4944277.0,379663411210.0,4797.0,76180.5,75866.0,74262.6,77187.97905842346,76573.78034678979,614.1987116336677,474.3968037671697,51.190821861505235,,11676274.0,"trend_up,macd_bullish"
20220906,,,,75940.0,76000.0,4441060.0,337234732040.0,4956.0,76251.5,75873.4,74269.7,76995.98228020447,76526.83365443499,469.1486257694778,473.34716816763137,47.17050107202865,,11547615.7,macd_bearish
20220907,,,,75380.0,75350.0,3960919.0,298584333270.0,4668.0,76294.5,75877.2,74256.4,76747.36962171146,76441.88301336573,305.48660834573093,439.7750562032513,44.680821045242126,,11437355.85,macd_bearish
20220910,,,,74810.0,75130.0,7239674.0,541601317520.0,6659.0,76260.0,75881.8,74241.55,76449.31275683278,76321.00279015345,128.30996667932777,377.4820382984666,42.23716903820403,,11085230.2,macd_bearish
20220911,,,,75070.0,74910.0,4699544.0,352781408670.0,4757.0,76249.0,75885.2,74245.35,76237.11079424311,76228.33591680875,8.774877434363589,303.74060612564597,43.74841839129877,,10662360.2,macd_bearish
20220912,,,,77710.0,77800.0,17889801.0,1390291264440.0,11490.0,76369.0,75933.6,74260.95,76463.70913359032,76338.08881185995,125.62032173037005,268.1165492465908,56.26155664190673,,11039467.5,"trend_up,macd_bearish"
20220913,,,,79570.0,80640.0,20246137.0,1611046340410.0,15338.0,76625.5,76025.6,74299.4,76941.60003611489,76577.48964061106,364.110395503827,287.31531849803804,62.577746078255785,,11262109.25,"trend_up,macd_bullish"
20220914,,,,79640.0,79250.0,9886412.0,787343859600.0,8537.0,76931.0,76128.0,74338.05,77356.73849209721,76804.34225982506,552.3962322721491,340.3315012528602,62.79549555887023,,11228656.15,"trend_up,macd_bullish"
20220918,,,,77650.0,77220.0,5567071.0,432271458310.0,6055.0,77125.0,76181.6,74363.05,77401.85564715917,76866.98357391209,534.8720732470829,379.23961565170475,53.30043647087802,,10854584.75,"trend_up,macd_bullish"
20220919,,,,77430.0,76930.0,5007380.0,387729834510.0,5140.0,77301.5,76230.4,74399.05,77406.18554759622,76908.68849436306,497.4970532331645,402.89110316799673,52.35788396217648,,10696916.75,"trend_up,macd_bullish"
20220920,,,,76220.0,75940.0,4604325.0,350940063780.0,5021.0,77411.0,76241.6,74423.7,77223.69546335065,76857.67453181765,366.0209315329994,395.5170688409973,47.39375267364386,,10564079.6,macd_bearish
20220921,,,,75740.0,76270.0,4767613.0,361108312360.0,4551.0,77463.5,76255.2,74435.65,76995.43462283516,76774.88382575709,220.55079707807454,360.52381448841277,45.54882681262369,,10267729.95,macd_bearish
20220924,,,,74180.0,73990.0,8175757.0,606512213190.0,7814.0,77349.0,76239.4,74446.45,76562.29083470667,76582.67020903435,-20.379374327676487,284.34317672519495,40.08709412335706,,9725453.8,macd_bearish
20220926,,,,75020.0,75290.0,6233961.0,467647703990.0,5876.0,77093.0,76261.8,74464.95,76325.01532167487,76466.91686021698,-141.90153854210803,199.09423367173437,43.98219495196782,,7950991.3,macd_bearish
20220928,,,,76880.0,76300.0,11961704.0,919663739340.0,9446.0,76979.5,76322.4,74502.6,76410.39757987874,76497.51561131202,-87.11803143327415,141.85178065073268,51.5010093137216,,7863098.25,macd_bearish
20221001,,,,74900.0,74400.0,7158062.0,536139882460.0,7076.0,76759.0,76302.8,74526.7,76178.02872143587,76379.1811215852,-201.15240014933806,73.25094449071852,44.63319999377941,,7635437.1,macd_bearish
20221002,,,,74720.0,75040.0,5546235.0,414418180610.0,5330.0,76542.5,76290.6,74548.75,75953.71661044573,76256.2788162826,-302.56220583687536,-1.9116855748002521,44.05799948686726,,7532998.3,macd_bearish
20221003,,,,74920.0,74700.0,4586605.0,343643349230.0,4634.0,76335.5,76296.8,74572.65,75794.68328576177,76157.29520026168,-362.6119144999102,-74.05173135982226,44.90756211522823,,7460193.5,macd_bearish
20221004,,,,75340.0,75480.0,9339495.0,703626265130.0,6927.0,76247.0,76226.0,74604.65,75724.73201102919,76096.75481505711,-372.022804027918,-133.64594589344142,46.73687514278766,,7534581.95,macd_bearish
20221008,,,,77110.0,76300.0,14049316.0,1083369963860.0,10487.0,76251.0,76165.6,74640.05,75937.85016317855,76171.81001394177,-233.95985076321813,-153.70872686739676,53.71229487492227,,8015267.4,"trend_up,macd_bearish"
20221009,,,,75670.0,75900.0,6901147.0,522197663410.0,5650.0,76195.0,76033.4,74663.5,75896.64244576647,76134.63890179792,-237.99645603145473,-170.56627270020837,48.18366583381283,,8113110.9,macd_bearish
20221010,,,,76200.0,76500.0,6746094.0,514027027470.0,5884.0,76208.0,75958.8,74695.4,75943.31283872547,76139.4804646277,-196.16762590223516,-175.68654334061372,50.21481549371642,,8228362.6,macd_bearish
20221011,,,,76820.0,76410.0,11044195.0,848467053250.0,6969.0,76280.0,75974.4,74729.85,76078.18778661385,76189.88931909972,-111.70153248586576,-162.88954116966414,52.557651666203256,,8582526.4,"trend_up,macd_bullish"
20221012,,,,76450.0,76500.0,5423328.0,414622098130.0,4799.0,76362.0,75982.8,74755.4,76135.38966559633,76209.15677694419,-73.76711134785728,-145.06505520530277,51.01477057843731,,8491709.1,"trend_up,macd_bullish"
20221015,,,,76200.0,76310.0,6981326.0,531976280580.0,4834.0,76418.5,75988.0,74785.5,76145.32971704306,76208.47849717054,-63.14878012747795,-128.6818001897378,49.94783994964497,,8605798.2,macd_bullish
20221016,,,,75980.0,76000.0,5643385.0,428791771810.0,4224.0,76332.0,76003.0,74822.0,76119.89437595951,76191.55416404679,-71.65978808727232,-117.27739776924471,48.977104900972506,,7993477.4,macd_bullish
20221017,,,,76700.0,77120.0,6485989.0,497505443970.0,6193.0,76188.5,76060.4,74865.0,76209.14139504266,76229.21681856184,-20.075423519170727,-97.83700291922993,52.24802430121701,,7305470.0,"trend_up,macd_bullish"
20221018,,,,77580.0,77200.0,7435612.0,576878431500.0,5811.0,76085.5,76127.0,74911.55,76420.04271888225,76329.2748320017,90.7678868805524,-60.116024959273474,55.96379960387719,,7182930.0,macd_bullish
20221019,,,,77070.0,76700.0,5410806.0,417027150090.0,4537.0,76056.5,76190.0,74956.95,76520.03614674651,76384.14336296453,135.89278378197923,-20.914263211022934,53.37175898768355,,7175116.75,macd_bullish
20221022,,,,78340.0,77830.0,13075673.0,1024296775800.0,9337.0,76102.0,76271.6,75004.45,76800.03058570859,76529.02163237457,271.0089533340215,37.47038009798595,58.52350967661113,,7578531.4,macd_bullish
20221023,,,,77540.0,77430.0,5919464.0,458984362540.0,4680.0,76168.0,76327.8,75055.7,76913.87203406112,76603.90891886535,309.96311519577284,91.96892711754333,54.442961620569015,,7644288.35,macd_bullish
20221024,,,,76830.0,76530.0,8275844.0,635842493050.0,6088.0,76222.5,76374.0,75102.05,76900.96864420557,76620.6564063568,280.3122378487751,129.6375892637897,51.041507102651195,,7819699.9,macd_bullish
20221025,,,,76330.0,75930.0,6003878.0,458287456480.0,7265.0,76330.0,76410.2,75141.7,76813.1273143278,76599.12630218221,214.00101214558526,146.5102738401488,48.73243559443707,,7711105.95,macd_bullish
20221026,,,,75190.0,74800.0,9688626.0,728459654800.0,6590.0,76338.5,76404.0,75157.4,76563.41541981582,76494.74657609465,68.66884372117056,130.94198781635316,43.860444838336164,,7883839.2,"trend_down,macd_bearish"
20221029,,,,75950.0,75820.0,10746369.0,816159928070.0,6318.0,76292.0,76417.2,75169.5,76469.04381676724,76454.39497786542,14.648838901819545,107.68335803344644,47.62008719332693,,7823072.45,"trend_down,macd_bearish"
20221030,,,,76960.0,77900.0,14490388.0,1115187210480.0,8032.0,76395.0,76450.2,75194.85,76544.57553726458,76491.84720172724,52.728335537336534,96.69235353422447,52.201354391198514,,8189688.75,macd_bearish
20221031,,,,78320.0,79030.0,10292677.0,806166985350.0,8107.0,76575.0,76527.8,75223.55,76817.7177623008,76627.26592752522,190.4518347755802,115.44424978249563,57.581327909953366,,8427010.85,"trend_up,macd_bullish"
20221101,,,,79330.0,79500.0,11144951.0,884168109760.0,8396.0,76795.5,76643.8,75259.9,77204.22272194683,76827.46845141223,376.7542705345986,167.70625393291624,61.084447004010286,,8754928.15,"trend_up,macd_bullish"
20221102,,,,79580.0,79990.0,11975481.0,953050251480.0,9232.0,77007.5,76760.0,75300.85,77569.7269185704,77031.35967723356,538.3672413368477,241.83845141370253,61.92268523687961,,8886727.45,"trend_up,macd_bullish"
20221105,,,,84060.0,85010.0,33607713.0,2825023006790.0,22405.0,77355.0,76963.2,75365.9,78568.23046955957,77551.9997011422,1016.230768417372,396.71691481443645,73.10330478674422,,9864647.3,"trend_up,rsi_overbought,macd_bullish,volume_spike"
20221106,,,,84360.0,83990.0,21015719.0,1772989792900.0,14979.0,77789.5,77169.8,75428.95,79459.27193578117,78056.29601957611,1402.9759162050614,597.9687150925615,73.66103753188548,,10570375.9,"trend_up,rsi_overbought,macd_bullish"
20221107,,,,88460.0,90600.0,43021043.0,3805834668240.0,28859.0,78402.5,77445.2,75511.95,80843.99933027638,78826.94075886678,2017.0585714095942,881.7866863559682,79.81987082437256,,12384123.35,"trend_up,rsi_overbought,macd_bullish,volume_spike"
20221108,,,,91230.0,90050.0,31570097.0,2880080661510.0,25317.0,79123.0,77740.4,75613.0,82441.84558715695,79745.68588783962,2696.15969931733,1244.6612889482406,82.75393956625703,,13410418.45,"trend_up,rsi_overbought,macd_bullish,volume_spike"
20221109,,,,92840.0,94150.0,42179596.0,3915803326680.0,31533.0,79942.5,77994.4,75720.75,84041.56165067125,80715.63508133298,3325.9265693382767,1660.914345026248,84.1925370783567,,15248231.85,"trend_up,rsi_overbought,macd_bullish,volume_spike"
20221112,,,,94250.0,93990.0,22934595.0,2161506880930.0,18959.0,80845.0,78296.4,75834.1,85612.09062749107,81718.18063086386,3893.9099966272042,2107.513475346439,85.34545812542086,,16045895.3,"trend_up,rsi_overbought,macd_bullish"
20221113,,,,93250.0,91450.0,26618491.0,2482089844970.0,22893.0,81708.5,78575.2,75949.75,86787.15360787706,82572.38947302209,4214.764134854966,2528.9636072481444,80.84206004631318,,17094650.6,"trend_up,rsi_overbought,macd_bullish"
20221114,,,,90330.0,90570.0,24468818.0,2210258009970.0,17558.0,82390.0,78800.8,76050.65,87332.2068989729,83147.02728983527,4185.179609137631,2860.206807626042,69.33691782699145,,17993792.05,"trend_up,macd_bullish"
20221115,,,,95180.0,96100.0,46458229.0,4421975599670.0,32557.0,83270.0,79123.2,76173.45,88539.5596837463,84038.35860169932,4501.201082046973,3188.4056625102285,75.55878781147841,,19944922.9,"trend_up,rsi_overbought,macd_bullish,volume_spike"
20221116,,,,98030.0,98600.0,37000331.0,3627185808000.0,32611.0,84318.0,79541.6,76310.75,89999.62742470841,85074.77648305493,4924.85094165348,3535.6947183388793,78.34009794414114,,21524399.15,"trend_up,rsi_overbought,macd_bullish"
20221119,,,,94550.0,94800.0,29046151.0,2746299166760.0,21844.0,85128.5,79892.0,76433.9,90699.68474398403,85776.64489171753,4923.0398522665055,3813.163745124405,68.14319601021748,,22322923.05,"trend_up,macd_bullish"
20221120,,,,96420.0,96270.0,22281912.0,2148440508310.0,16116.0,86072.5,80284.6,76568.8,91579.73324490957,86565.04156640511,5014.69167850446,4053.469331800416,70.37468216566481,,23141045.45,"trend_up,rsi_overbought,macd_bullish"
20221121,,,,95940.0,95530.0,17453163.0,1674520837410.0,13030.0,87028.0,80684.6,76701.15,92250.54351492348,87259.48293185659,4991.060583066894,4240.987582053712,69.03789022501033,,23599911.4,"trend_up,macd_bullish"
20221122,,,,94830.0,94950.0,14506872.0,1375707993780.0,11378.0,87953.0,81073.6,76836.0,92647.38297416602,87820.26197394128,4827.121000224739,4358.214265687918,65.91951891526246,,24025061.1,"trend_up,macd_bullish"
20221123,,,,95940.0,95300.0,15934026.0,1528678299250.0,12093.0,88990.5,81496.2,76967.1,93153.93943967893,88421.72404994564,4732.21538973329,4433.014490496993,67.5004132293781,,24337331.1,"trend_up,macd_bullish"
20221126,,,,95460.0,94750.0,14770306.0,1409973599500.0,11246.0,89966.0,81904.0,77087.15,93508.71798742063,88943.07782402374,4565.640163396893,4459.539625076974,66.07308245120987,,24538527.95,"trend_up,macd_bullish"
20221127,,,,94210.0,94600.0,18696223.0,1761364011490.0,15158.0,90828.5,82234.0,77212.9,93616.60752781745,89333.2202074294,4283.38732038805,4424.309164139189,62.37415081881105,,24748819.7,"trend_up,macd_bearish"
20221128,,,,94250.0,94290.0,15924479.0,1500874398990.0,13391.0,91625.0,82527.6,77341.1,93714.05252353784,89697.42611799018,4016.626405547664,4342.772612420885,62.44660036290269,,25030409.8,"trend_up,macd_bearish"
20221129,,,,94920.0,95050.0,12520316.0,1188408274220.0,10787.0,92404.5,82833.2,77477.95,93899.58290453201,90084.2834425835,3815.2994619485107,4237.27798232641,63.70717794842306,,25099178.05,"trend_up,macd_bearish"
20221130,,,,95150.0,95000.0,9017833.0,858031917260.0,9999.0,93183.0,83183.2,77602.35,94091.95476537323,90459.52170609584,3632.4330592773913,4116.308997716606,64.15203709043286,,24951295.65,"trend_up,macd_bearish"
20221203,,,,94970.0,94960.0,10390207.0,986789017470.0,8804.0,93728.5,83534.0,77704.6,94227.0386476235,90793.63120934801,3433.4074382754916,3979.7286858283837,63.49607608818732,,23790420.35,"trend_up,macd_bearish"
20221204,,,,94910.0,94970.0,7365833.0,699118847470.0,7242.0,94256.0,83907.8,77800.3,94332.10962491219,91098.54741606297,3233.5622088492237,3830.4953904325516,63.26386299422294,,23107926.05,"trend_up,macd_bearish"
20221205,,,,94740.0,94690.0,7796213.0,738644774830.0,7089.0,94570.0,84287.8,77898.4,94394.86199031031,91368.28464450275,3026.5773458075564,3669.711781507553,62.565697370398546,,21346684.55,"trend_up,macd_bearish"
20221206,,,,94320.0,94680.0,8231390.0,776379616880.0,7162.0,94724.5,84690.6,77995.65,94383.3447610318,91586.93022639144,2796.414534640353,3495.0523321341134,60.7810356745509,,20179749.2,macd_bearish
20221207,,,,92580.0,91410.0,18183120.0,1683315294260.0,15347.0,94711.5,85041.8,78090.35,94105.90710548844,91660.49095036245,2445.4161551259895,3285.125096732489,53.919096551805055,,18979925.4,macd_bearish
20221210,,,,89100.0,89020.0,16501069.0,1470162961540.0,14215.0,94454.0,85286.2,78165.0,93335.76755079791,91470.8249540393,1864.942596758614,3001.0885967377144,43.37258660145423,,18658249.1,macd_bearish
20221211,,,,91080.0,91300.0,21985416.0,2002338811740.0,15146.0,94345.5,85609.8,78265.45,92988.72638913669,91441.8749574438,1546.8514316928922,2710.24116372875,49.433021544674745,,18426595.35,macd_bearish
20221212,,,,92030.0,92150.0,14518039.0,1336135684460.0,9089.0,94430.5,85956.0,78368.8,92841.23002157721,91485.43977541092,1355.7902461662889,2439.350980216258,52.082811767223355,,17929056.4,macd_bearish
20221213,,,,94630.0,95090.0,22040248.0,2085770258150.0,14052.0,94403.0,86350.2,78480.7,93116.42540287302,91718.37016241753,1398.055240455491,2231.0918322641046,58.49337689754942,,16708157.35,"trend_up,macd_bearish"
20221214,,,,95420.0,94580.0,12853027.0,1226419484130.0,17656.0,94272.5,86751.8,78592.1,93470.8214947387,91992.56496520141,1478.2565295372915,2080.524771718742,60.23419423995839,,15500792.15,"trend_up,macd_bearish"
20221217,,,,94020.0,93980.0,9466541.0,890001951370.0,8610.0,94246.0,87090.0,78713.0,93555.31049554814,92142.74533814944,1412.565157398698,1946.9328488547333,55.77019993089274,,14521811.65,macd_bearish
20221218,,,,95040.0,94400.0,13031410.0,1238457038220.0,12273.0,94177.0,87477.4,78842.95,93783.72426546381,92357.35679458281,1426.3674708809995,1842.8197732599865,58.20075668545207,,14059286.55,"trend_up,macd_bearish"
20221219,,,,93980.0,93880.0,11342787.0,1066033817340.0,9438.0,94079.0,87833.0,78966.1,93813.92053231553,92477.55258757668,1336.3679447388567,1741.5294075557608,54.82874206403829,,13753767.75,macd_bearish
20221220,,,,93420.0,93390.0,8292544.0,774730804670.0,7173.0,94008.5,88165.0,79089.8,93753.31737349775,92547.36350701544,1205.9538664823049,1634.4142993410696,53.07909219065502,,13443051.35,macd_bearish
20221221,,,,93770.0,93720.0,6939905.0,650759307560.0,6856.0,93900.0,88511.4,79218.25,93755.88393142117,92637.92917316245,1117.954758258711,1531.122391124598,54.06570027167993,,12993345.3,macd_bearish
20221224,,,,96800.0,97470.0,29147806.0,2821616261810.0,20258.0,93967.0,88923.4,79362.4,94224.20948043329,92946.23071589116,1277.978764542131,1480.4936658081047,61.59457549476176,,13712220.3,"trend_up,macd_bearish,volume_spike"
20221225,,,,96770.0,95960.0,18513670.0,1791566478200.0,14551.0,94095.0,89339.2,79501.7,94615.86956036663,93229.4728850844,1386.3966752822307,1461.67426770293,61.487117077360004,,13703092.65,"trend_up,macd_bearish"
20221226,,,,96020.0,96090.0,12302304.0,1181305564710.0,10315.0,94183.5,89725.6,79630.15,94831.88962800252,93436.17859730037,1395.7110307021503,1448.481620302774,58.72862040293883,,13521983.9,"trend_up,macd_bearish"
20221228,,,,99960.0,101110.0,43686907.0,4367144784580.0,36951.0,94435.5,90173.2,79779.3,95620.8296852329,93919.42462712996,1701.4050581029296,1499.0663078628052,67.0832150865319,,15080313.45,"trend_up,macd_bullish,volume_spike"
20221231,,,,95780.0,95350.0,25246743.0,2418155643480.0,17654.0,94467.0,90547.4,79911.8,95645.31742596629,94057.24502512034,1588.072400845951,1516.8675264594344,54.4824298307581,,15891758.95,"trend_up,macd_bullish"
20230101,,,,95260.0,95800.0,16458757.0,1567842378130.0,13998.0,94481.5,90885.8,80043.0,95586.03782197149,94146.33798622254,1439.6998357489501,1501.4339883173375,53.14503937388482,,16195186.45,"trend_up,macd_bearish"
20230102,,,,98540.0,100200.0,40121607.0,3953657889730.0,24602.0,94663.0,91305.8,80189.9,96040.49354166818,94471.79443168754,1568.6991099806473,1514.8870126499994,59.841355929218516,,17832975.15,"trend_up,macd_bullish,volume_spike"
20230103,,,,103750.0,102310.0,52500534.0,5446761064720.0,39703.0,95113.5,91844.2,80360.1,97226.57145833463,95159.0689182292,2067.50254010543,1625.4101181410856,67.73037316439297,,20068191.2,"trend_up,macd_bullish,volume_spike"
20230104,,,,102970.0,103000.0,19708703.0,2029346464030.0,19177.0,95546.0,92377.0,80523.25,98110.17584936008,95737.65640576778,2372.519443592304,1774.8319832313293,65.65102627802364,,20642056.85,"trend_up,macd_bullish"
20230107,,,,104510.0,104950.0,24267054.0,2536095079620.0,22121.0,96142.5,92963.4,80685.4,99094.76418022776,96387.45963497016,2707.3045452576043,1961.3264956365842,67.7558021512427,,20946253.55,"trend_up,macd_bullish"
20230108,,,,107760.0,107390.0,31161569.0,3358015502530.0,21225.0,97075.5,93599.6,80857.65,100427.87738326966,97229.87003237978,3198.0073508898786,2208.6626666872435,71.69734770805678,,21679278.55,"trend_up,rsi_overbought,macd_bullish"
20230109,,,,108570.0,110020.0,30179577.0,3276545829480.0,22680.0,97950.0,94231.8,81041.85,101680.5116319974,98069.8796596109,3610.6319723865017,2489.056527827095,72.59644806974318,,22088986.6,"trend_up,rsi_overbought,macd_bullish"
20230110,,,,112120.0,111800.0,24259586.0,2719941061780.0,19894.0,98954.5,94907.8,81239.2,103286.58676553627,99110.62931445453,4175.957451081733,2826.436712478023,76.16952060761912,,22576063.95,"trend_up,rsi_overbought,macd_bullish"
20230111,,,,111830.0,110900.0,29876364.0,3341064237840.0,24728.0,99814.5,95557.8,81447.15,104600.95803237685,100052.80492079124,4548.153111585605,3170.779992299539,75.30571259962939,,22967869.75,"trend_up,rsi_overbought,macd_bullish"
20230114,,,,112030.0,112550.0,19991197.0,2239612563310.0,10940.0,100645.0,96206.8,81655.8,105743.88756585732,100940.00455628819,4803.883009569137,3497.400595753459,75.51196858417207,,23324778.25,"trend_up,rsi_overbought,macd_bullish"
20230115,,,,112030.0,112550.0,0.0,0.0,0.0,101545.5,96766.2,81866.25,106710.98178649467,101761.48570026684,4949.496086227824,3787.8196938483325,75.51196858417207,,22851451.2,"trend_up,rsi_overbought,macd_bullish"
20230116,,,,114080.0,115530.0,40311027.0,4598731381110.0,27408.0,102497.5,97360.6,82090.5,107844.67689626472,102673.96824098782,5170.708655276903,4064.3974861340466,77.72376469031397,,24215432.05,"trend_up,rsi_overbought,macd_bullish"
20230117,,,,114520.0,114400.0,29375410.0,3364124630210.0,24047.0,103524.5,97881.8,82312.05,108871.64968145476,103551.45207498872,5320.197606466041,4315.557510200446,78.17932193350333,,25117063.2,"trend_up,rsi_overbought,macd_bullish"
20230118,,,,117230.0,120000.0,52030179.0,6099251316430.0,33244.0,104715.0,98401.8,82540.0,110157.54973046173,104564.67784721177,5592.871883249958,4571.020384810348,80.7856451047666,,27303944.95,"trend_up,rsi_overbought,macd_bullish"
20230121,,,,117510.0,116700.0,30057714.0,3531992910710.0,21500.0,105902.0,98895.2,82763.0,111288.6959257753,105523.59059927016,5765.105326505145,4809.837373149308,81.0376595223853,,28459835.4,"trend_up,rsi_overbought,macd_bullish"
20230122,,,,119180.0,119800.0,32000183.0,3813686992170.0,21026.0,107021.0,99393.8,82994.45,112502.74270642526,106535.1764808057,5967.56622561955,5041.3831436433575,82.51101426675821,,28602454.25,"trend_up,rsi_overbought,macd_bullish"
20230123,,,,118680.0,119000.0,19311469.0,2291875275550.0,17032.0,108116.5,99902.4,83221.05,113453.08998235984,107434.79303778306,6018.296944576781,5236.765903830043,80.49441615185741,,28642344.2,"trend_up,rsi_overbought,macd_bullish"
20230124,,,,117100.0,116440.0,13821930.0,1618539434060.0,12892.0,109170.5,100437.8,83443.1,114014.1530619968,108150.73429424358,5863.418767753217,5362.096476614678,74.31357803225647,,28718325.5,"trend_up,rsi_overbought,macd_bullish"
20230125,,,,113450.0,114990.0,21293080.0,2415708974970.0,16557.0,109845.0,100803.2,83644.75,113927.36028322806,108543.27249466999,5384.08778855807,5366.494739003357,62.39436816503476,,27598634.15,"trend_up,macd_bullish"
20230128,,,,112300.0,112380.0,12876866.0,1446009263820.0,14084.0,110671.0,101088.6,83837.8,113676.99716273144,108821.54860617593,4855.448556555508,5264.285502513787,59.17403968783569,,26980140.3,"trend_up,macd_bearish"
20230129,,,,107640.0,107700.0,30626081.0,3296655497210.0,18496.0,111290.0,101350.4,84000.15,112748.22836846506,108734.02648719992,4014.2018812651368,5014.268778264057,48.296243988771714,,27688506.5,macd_bearish
20230130,,,,106680.0,107510.0,19619801.0,2092948882410.0,15947.0,111697.0,101555.6,84155.05,111814.65477331658,108581.87637703697,3232.7783962796093,4657.970701867167,46.40375733291408,,26663416.2,macd_bearish
20230131,,,,108350.0,108480.0,16197051.0,1754915364550.0,13255.0,111927.0,101803.8,84322.65,111281.6309620371,108564.7003491083,2716.9306129288016,4269.762684079494,50.069133041826596,,24848242.05,macd_bearish
20230201,,,,109890.0,111210.0,18433929.0,2025697073990.0,13221.0,112273.0,102105.0,84501.95,111067.53389095447,108662.8706936188,2404.6631973356707,3896.7427867307297,53.24458126954329,,24784503.35,macd_bearish
20230205,,,,109350.0,108000.0,15362668.0,1679888474250.0,10573.0,112515.0,102373.2,84674.75,110803.2979077307,108713.76916075815,2089.5287469725445,3535.2999787790927,51.99586868037764,,24339284.05,macd_bearish
20230206,,,,109920.0,111220.0,15158080.0,1666137701250.0,11020.0,112623.0,102662.4,84849.95,110667.40592192598,108803.11959329458,1864.286328631395,3201.0972487495533,53.24240522790867,,23539109.6,macd_bearish
20230207,,,,113890.0,114500.0,12204380.0,1389917197850.0,9615.0,112889.0,103056.0,85054.8,111163.18962624506,109179.92554934684,1983.2640768982237,2957.5306143792877,60.86484194851573,,22640349.75,"trend_up,macd_bearish"
20230208,,,,116080.0,116000.0,19985303.0,2319886638470.0,13818.0,113087.0,103492.6,85264.25,111919.62199143812,109691.04217532114,2228.5798161169805,2811.7404547268266,64.32026754099843,,22426635.6,"trend_up,macd_bearish"
20230212,,,,116650.0,117300.0,13868444.0,1617732846980.0,11936.0,113328.0,103927.2,85472.5,112647.37245429379,110206.52053270476,2440.8519215890265,2737.5627480992666,65.18196368886882,,21626239.6,"trend_up,macd_bearish"
20230213,,,,118220.0,118250.0,12223928.0,1445052232100.0,10819.0,113637.5,104388.6,85690.5,113504.69976901783,110800.11160435627,2704.58816466156,2730.9678314117255,67.50950986314245,,21237876.15,"trend_up,macd_bearish"
20230214,,,,118040.0,116100.0,14318948.0,1690198576900.0,12539.0,113938.0,104850.0,85897.65,114202.43826609201,111336.39963366321,2866.0386324287974,2757.98199161514,66.95686431691048,,21953823.55,"trend_up,macd_bullish"
20230215,,,,114220.0,113480.0,12703893.0,1450980307490.0,10932.0,113945.0,105236.2,86080.95,114205.14007130862,111549.99966079928,2655.140410509339,2737.4136753939797,56.40406528969027,,20573466.85,"trend_up,macd_bearish"
20230219,,,,114560.0,113970.0,9581273.0,1097635781860.0,9167.0,113947.0,105632.6,86242.1,114259.7339064919,111772.96264888822,2486.7712576036865,2687.285191835921,57.052859625498925,,19583760.0,"trend_up,macd_bearish"
20230220,,,,122170.0,124970.0,29027989.0,3546415973810.0,23444.0,114194.0,106189.6,86442.25,115476.69792087778,112543.1135637854,2933.5843570923753,2736.545024887212,68.3913921032967,,18433650.5,"trend_up,macd_bullish"
20230221,,,,128830.0,127000.0,28874495.0,3719928890560.0,22641.0,114760.0,106914.6,86677.65,117531.05208689658,113749.5495960976,3781.5024907989864,2945.536518069567,74.68935461977168,,18374489.55,"trend_up,rsi_overbought,macd_bullish"
20230222,,,,128530.0,129200.0,17372856.0,2232918475870.0,15531.0,115227.5,107703.2,86905.65,119223.19791968173,114844.39777416445,4378.800145517278,3232.1892435591094,73.97435208512131,,17643123.2,"trend_up,rsi_overbought,macd_bullish"
20230225,,,,140430.0,141380.0,16245333.0,2281321167870.0,19339.0,116315.0,108690.2,87193.8,122485.7828551153,116739.62756867078,5746.155286444526,3734.9824521361934,81.5282030317907,,17489816.4,"trend_up,rsi_overbought,macd_bullish"
20230226,,,,148680.0,148000.0,30202822.0,4490569524490.0,28459.0,117894.0,109823.2,87522.05,126515.6624158668,119105.58108210257,7410.081333764232,4470.002228461802,84.81811469846394,,18308861.0,"trend_up,rsi_overbought,macd_bullish"
20230227,,,,146260.0,146500.0,25782820.0,3770868434220.0,24790.0,119534.5,110855.8,87840.4,129553.25281342576,121117.01952046534,8436.233292960416,5263.248441361525,80.30020204962305,,18533348.0,"trend_up,rsi_overbought,macd_bullish"
20230228,,,,147770.0,146030.0,22505599.0,3325609530310.0,20675.0,121308.0,111902.8,88162.4,132355.82930366794,123091.31437080125,9264.514932866688,6063.501739662557,80.98094690884305,,19014784.65,"trend_up,rsi_overbought,macd_bullish"
20230301,,,,142700.0,138760.0,16672527.0,2379175216930.0,15877.0,123061.0,112876.4,88442.2,133947.24018002674,124543.80960259374,9403.430577432999,6731.487507216646,71.98622587150638,,18317106.95,"trend_up,rsi_overbought,macd_bullish"
20230304,,,,136240.0,134460.0,13214901.0,1800353191010.0,14809.0,124539.0,113700.4,88691.8,134299.9724600226,125410.19407647569,8889.778383546916,7163.145682482701,62.46579960924443,,17996861.95,"trend_up,macd_bullish"
20230305,,,,137200.0,135420.0,13393753.0,1837604321630.0,12150.0,125981.5,114564.8,88954.8,134746.13054309605,126283.51303377378,8462.61750932227,7423.040047850615,63.243766981952696,,17856697.05,"trend_up,macd_bullish"
20230306,,,,133020.0,132620.0,13606170.0,1809890650650.0,12595.0,127138.0,115356.8,89202.05,134480.57199800434,126782.51206830905,7698.059929695286,7478.04402421955,57.641553854223375,,17615309.1,"trend_up,macd_bullish"
20230307,,,,137140.0,140210.0,28145218.0,3859733540620.0,18301.0,128527.5,116224.2,89465.0,134889.71476754214,127549.73339658245,7339.981370959693,7450.431493567579,61.28204458818401,,18254436.6,"trend_up,macd_bearish"
20230311,,,,143020.0,142500.0,24688638.0,3530887127810.0,20471.0,130182.5,117148.6,89753.55,136140.52788022798,128695.67907090968,7444.848809318297,7449.314956717723,65.7997139398656,,18730964.5,"trend_up,macd_bearish"
20230312,,,,139850.0,140100.0,10679469.0,1493533210810.0,11345.0,131480.5,118010.2,90035.2,136711.21589865445,129521.92506565711,7189.290832997343,7397.310131973648,61.62501029823985,,18654718.95,"trend_up,macd_bearish"
20230313,,,,143280.0,143520.0,17366590.0,2488299548430.0,19137.0,132840.5,118955.4,90335.55,137721.79806809223,130541.04172746028,7180.756340631953,7353.99937370531,64.26677085025685,,18523783.3,"trend_up,macd_bearish"
20230314,,,,145540.0,146960.0,21036537.0,3061557438540.0,26258.0,134285.0,119867.0,90647.25,138924.5983653088,131652.07567357432,7272.522691734484,7337.704037311145,65.93096508327258,,18882187.95,"trend_up,macd_bearish"
20230315,,,,150250.0,151810.0,20307938.0,3051245398550.0,16449.0,135886.5,120956.4,90993.55,140666.967847569,133029.699697754,7637.268149815005,7397.6168598119175,69.15509367720537,,19286388.45,"trend_up,macd_bullish"
20230318,,,,160950.0,165270.0,21012154.0,3381868278350.0,21233.0,138032.0,122270.2,91401.2,143787.4343325584,135097.87009051297,8689.564242045424,7656.00633625862,74.95391717684569,,19621048.75,"trend_up,rsi_overbought,macd_bullish"
20230319,,,,165760.0,167000.0,15902713.0,2636057964610.0,17342.0,140609.0,123614.6,91833.25,147167.82905062631,137369.1389726972,9798.690077929117,8084.543084592719,77.04327290502803,,19780989.75,"trend_up,rsi_overbought,macd_bullish"
20230325,,,,167610.0,167890.0,10065177.0,1687059490100.0,12625.0,143261.5,124891.8,92286.65,150312.77842745304,139609.2027524974,10703.575674955646,8608.349602665305,77.8100006868914,,19805184.95,"trend_up,rsi_overbought,macd_bullish"
20230326,,,,175230.0,173500.0,21853173.0,3829393816400.0,22640.0,145914.5,126337.0,92779.25,154146.1971309218,142247.78032638648,11898.416804535314,9266.363043039308,80.67324321542674,,19446444.15,"trend_up,rsi_overbought,macd_bullish"
20230327,,,,177970.0,177610.0,14552856.0,2589972122920.0,17016.0,148371.5,127806.2,93280.45,157811.39757231844,144893.87067258006,12917.526899738383,9996.595814379123,81.59298211801791,,18730362.2,"trend_up,rsi_overbought,macd_bullish"
20230328,,,,179490.0,179700.0,11767485.0,2112180650960.0,15822.0,150919.5,129240.8,93786.7,161146.56717657714,147456.5469190556,13690.020257521537,10735.280703007607,82.1018344900927,,18450093.65,"trend_up,rsi_overbought,macd_bullish"
20230329,,,,180440.0,180300.0,12220501.0,2205117652800.0,16551.0,152920.0,130678.2,94304.25,164114.7876109499,149899.76566579222,14215.02194515767,11431.22895143762,82.42877971090965,,18248852.05,"trend_up,rsi_overbought,macd_bullish"
20230403,,,,177830.0,178300.0,9973245.0,1773581294030.0,16945.0,154377.5,131992.4,94807.7,166224.82028618836,151968.67191277057,14256.14837341779,11996.212835833656,78.20221878072769,,17237373.2,"trend_up,rsi_overbought,macd_bullish"
20230404,,,,177110.0,172880.0,12727238.0,2254165129260.0,19352.0,155920.0,133298.0,95304.0,167899.46331908245,153830.99251182462,14068.470807257836,12410.664430118492,77.0288398306769,,16584594.1,"trend_up,rsi_overbought,macd_bullish"
20230405,,,,174400.0,174050.0,9308763.0,1623406580160.0,15821.0,157251.5,134545.4,95789.9,168899.54588537745,155354.6226961339,13544.923189243535,12637.516181943502,72.61259968655645,,15924752.3,"trend_up,rsi_overbought,macd_bullish"
20230408,,,,178300.0,176620.0,18879375.0,3366176336420.0,22799.0,159031.5,135870.8,96307.25,170345.76959531938,157054.28027419807,13291.489321121306,12768.310809779063,74.84751098918304,,16035094.7,"trend_up,rsi_overbought,macd_bullish"
20230409,,,,176930.0,176790.0,11190466.0,1979976625260.0,16016.0,161066.0,137127.8,96817.8,171358.7281191164,158526.55580944265,12832.17230967374,12781.083109758,72.60609129772632,,15933872.95,"trend_up,rsi_overbought,macd_bullish"
20230410,,,,177430.0,172480.0,18328820.0,3252151463710.0,19939.0,163077.5,138386.0,97330.65,172292.76994694467,159926.8109346691,12365.959012275562,12698.058290261513,72.924769314981,,16180626.3,"trend_up,rsi_overbought,macd_bearish"
20230411,,,,174320.0,175020.0,9511583.0,1658094617060.0,13030.0,165142.5,139527.8,97830.7,172604.65149356856,160992.97308765657,11611.678405911982,12480.782313391608,67.65295684427144,,15975896.95,"trend_up,macd_bearish"
20230415,,,,180740.0,181000.0,17116728.0,3093658039570.0,18612.0,167322.5,140792.4,98352.7,173856.24357148109,162455.71582190425,11400.527749576839,12264.731400628656,72.13168694889067,,15424472.45,"trend_up,rsi_overbought,macd_bearish"
20230416,,,,181060.0,180500.0,12661372.0,2292473787970.0,15571.0,169224.5,142030.0,98864.85,174964.51379125324,163833.81094620764,11130.702845045598,12037.925689512045,72.33728300117951,,14823109.15,"trend_up,rsi_overbought,macd_bearish"
20230417,,,,181630.0,182100.0,12229299.0,2221207806000.0,15318.0,171313.5,143289.0,99384.05,175989.9732079835,165152.0471724145,10837.92603556902,11797.925758723442,72.72329916650513,,14900600.65,"trend_up,rsi_overbought,macd_bearish"
20230418,,,,185560.0,186000.0,14772733.0,2741236591290.0,16836.0,173427.5,144658.2,99926.55,177462.2850221399,166663.74738186528,10798.537640274619,11598.048135033678,75.28417300283203,,14770907.8,"trend_up,rsi_overbought,macd_bearish"
20230419,,,,185320.0,184950.0,7940607.0,1471539033630.0,11712.0,175416.5,146095.6,100466.8,178671.164249503,168045.69202024565,10625.472229257342,11403.53295387841,74.82218562776703,,14116111.3,"trend_up,rsi_overbought,macd_bearish"
20230424,,,,185000.0,186500.0,6868027.0,1270551679370.0,9649.0,177154.0,147549.6,101006.9,179644.831288041,169301.56668541266,10343.264602628333,11191.479283628394,74.16864858386535,,13444115.75,"trend_up,rsi_overbought,macd_bearish"
20230425,,,,186550.0,186280.0,7498469.0,1398807283790.0,10833.0,178434.0,149127.8,101555.2,180707.16493603468,170579.22841241912,10127.936523615557,10978.770731625827,75.29429867086458,,12768431.5,"trend_up,rsi_overbought,macd_bearish"
20230426,,,,186280.0,187400.0,7389139.0,1376428402600.0,9532.0,179460.0,150719.8,102106.5,181564.5241766447,171742.2485300177,9822.275646627008,10747.471714626063,74.68377948158168,,12342752.8,"trend_up,rsi_overbought,macd_bearish"
20230429,,,,191220.0,195100.0,11562678.0,2211020446140.0,13962.0,180640.5,152377.2,102684.75,183049.98199562245,173185.0449352016,9864.937060420867,10570.964783785024,78.17127365674068,,12417627.85,"trend_up,rsi_overbought,macd_bearish"
20230430,,,,197470.0,198200.0,7474137.0,1475946262670.0,11306.0,181752.5,154128.8,103296.15,185268.44630398822,174983.93049555703,10284.515808431199,10513.67498871426,81.62093048177482,,11698676.05,"trend_up,rsi_overbought,macd_bearish"
20230501,,,,196540.0,197140.0,10390841.0,2042243649890.0,12426.0,182681.0,155872.6,103905.95,187002.53148799005,176580.67638477503,10421.855103215028,10495.311011614414,79.60500042328482,,11490575.3,"trend_up,rsi_overbought,macd_bearish"
20230502,,,,199520.0,199310.0,10279191.0,2050955096650.0,12464.0,183682.5,157664.6,104529.05,188928.29587445312,178279.88554145838,10648.41033299474,10525.93087589048,81.20674725083263,,11416160.6,"trend_up,rsi_overbought,macd_bullish"
20230503,,,,197700.0,198000.0,7682322.0,1518786373860.0,11826.0,184545.5,159340.8,105141.1,190277.78881684496,179718.41253838738,10559.376278457581,10532.619956403902,77.21806977709443,,11189251.65,"trend_up,rsi_overbought,macd_bullish"
20230506,,,,207010.0,216010.0,24793978.0,5132594684060.0,30531.0,186004.5,161159.4,105801.3,192851.97515271496,181740.01160961794,11111.963543097023,10648.488673742528,82.0696968782963,,11930288.3,"trend_up,rsi_overbought,macd_bullish,volume_spike"
20230507,,,,200590.0,193500.0,16296740.0,3268885509240.0,21370.0,187178.5,162838.2,106431.65,194042.44051383573,183136.30704594252,10906.133467893203,10700.017632572664,70.86280313433195,,12108763.4,"trend_up,rsi_overbought,macd_bullish"
20230508,,,,183840.0,180540.0,9538960.0,1753682540320.0,13872.0,187650.5,164150.6,106976.0,192472.83428093794,183188.4324499468,9284.401830991148,10416.894472256361,51.21336279531168,,12120273.25,macd_bearish
20230509,,,,190790.0,195300.0,17784864.0,3393124586370.0,21934.0,188275.0,165605.6,107555.0,192213.93669925517,183751.5115277285,8462.425171526673,10026.000612110423,56.5918243402646,,12065547.7,"trend_up,macd_bearish"
20230510,,,,188050.0,187320.0,11695023.0,2199220630200.0,15488.0,188831.0,167082.2,108116.95,191573.3310532159,184069.9180812301,7503.412971985788,9521.483084085497,54.06139133151085,,12090775.55,macd_bearish
20230513,,,,179430.0,183280.0,11948506.0,2143874833800.0,16633.0,188931.0,168379.6,108638.8,189705.12627579804,183726.22044558346,5978.905830214586,8812.967633311317,46.94909616350041,,11771759.85,macd_bearish
20230514,,,,193690.0,197370.0,15195788.0,2943241231040.0,15895.0,189899.5,169810.0,109232.4,190318.1837718291,184464.27819035505,5853.905581474042,8221.155222943862,57.02220688179265,,12055970.1,"trend_up,macd_bearish"
20230515,,,,194090.0,193460.0,18596300.0,3609307329060.0,20172.0,190567.0,171115.2,109833.35,190898.4631915477,185177.29462069913,5721.16857084856,7721.157892524801,57.2673141330013,,12129948.7,"trend_up,macd_bearish"
20230517,,,,196800.0,196730.0,14824237.0,2917450196040.0,17268.0,191354.0,172480.6,110448.1,191806.3919313096,186038.23575990662,5768.156171402981,7330.557548300438,58.97442115530613,,12238091.95,"trend_up,macd_bearish"
20230520,,,,194100.0,192890.0,10410478.0,2020689146970.0,16413.0,191977.5,173554.0,111039.2,192159.25471110814,186635.403481395,5523.851229713124,6969.216284582975,56.5505124416017,,12147150.9,"trend_up,macd_bearish"
20230521,,,,194550.0,196490.0,11871582.0,2309608546490.0,14519.0,192427.0,174471.4,111635.3,192527.06167862995,187221.66989018058,5305.391788449371,6636.451385356255,56.868696625499695,,12002093.35,"trend_up,macd_bearish"
20230522,,,,197200.0,196930.0,9729553.0,1918685579950.0,12855.0,193021.0,175490.2,112248.25,193245.97526653303,187960.8054538709,5285.1698126621195,6366.195070817428,58.78290559104022,,12091540.65,"trend_up,macd_bearish"
20230523,,,,197110.0,197250.0,9486780.0,1869908364670.0,14123.0,193626.5,176477.0,112839.4,193840.44061014333,188638.523568399,5201.917041744338,6133.339465002811,58.68764248298938,,12222478.3,"trend_up,macd_bearish"
20230524,,,,207060.0,203770.0,19857260.0,4111665568700.0,23193.0,194652.0,177764.2,113474.05,195874.21897781358,190003.07737814722,5871.141599666356,6080.899891935521,65.36950649633022,,12840417.85,"trend_up,macd_bearish"
20230527,,,,199250.0,198700.0,6939393.0,1382678751570.0,14612.0,195300.5,179024.4,114058.9,196393.5699043038,190688.0346093956,5705.535294908186,6005.826972530054,57.507159500986816,,12817930.55,"trend_up,macd_bearish"
20230528,,,,190450.0,190640.0,6000456.0,1142762395020.0,11760.0,195262.0,180089.4,114611.5,195479.1745344109,190670.40241610704,4808.772118303867,5766.416001684817,50.183115536488216,,12539819.45,macd_bearish
20230529,,,,191900.0,191370.0,3746304.0,718911494090.0,7738.0,194983.5,181267.0,115190.8,194928.5322983477,190761.48371861762,4167.0485797300935,5446.542517293873,51.28407168731712,,12353427.8,macd_bearish
20230530,,,,190930.0,189750.0,5864139.0,1119641059030.0,10650.0,194703.0,182342.8,115765.3,194313.3734832173,190773.9664061274,3539.4070770898834,5065.1154292530755,50.48035265191336,,12127092.7,macd_bearish
20230531,,,,185690.0,185270.0,5240281.0,973081945430.0,8640.0,194011.5,183196.2,116314.05,192986.7006396454,190397.3763019698,2589.3243376755854,4569.957210937578,46.26246719190224,,11875147.2,macd_bearish
20230603,,,,184370.0,184290.0,3345923.0,616900620750.0,7893.0,193345.0,184086.6,116859.75,191661.05438739224,189950.90398330538,1710.1504040868604,3997.995849567434,45.23706521273364,,11658327.25,macd_bearish
20230606,,,,184680.0,186360.0,5539355.0,1023024947410.0,9622.0,192228.5,184914.6,117414.0,190587.04602010112,189560.4666512087,1026.5793688924168,3403.712553432431,45.54234408646973,,10695596.1,macd_bearish
20230607,,,,181580.0,178640.0,6252669.0,1135335541450.0,10610.0,191278.0,185635.4,117950.65,189201.34663239325,188969.32097334138,232.0256590518693,2769.3751745563186,42.96311183977541,,10193392.55,macd_bearish
20230610,,,,170580.0,171220.0,6398700.0,1091482140130.0,11114.0,190615.0,186042.0,118433.95,186336.52407356355,187607.14904939017,-1270.6249758266204,1961.3751444797308,35.31940353892966,,10036379.55,macd_bearish
20230611,,,,169430.0,167800.0,7596569.0,1287063797410.0,13006.0,189547.0,186211.6,118909.8,183735.52036993837,186260.69356425016,-2525.173194311792,1064.0654767214264,34.62582077743474,,9526964.8,macd_bearish
20230612,,,,161440.0,161060.0,7611299.0,1228750437380.0,13370.0,188216.5,186125.2,119343.35,180305.4403130248,184422.12367060198,-4116.683357577189,27.915709861703363,30.18993165705085,,9322778.6,macd_bearish
20230613,,,,164590.0,166930.0,9779330.0,1609547219320.0,12356.0,187474.5,186064.8,119793.7,177887.68026486714,182953.0774727796,-5065.397207912465,-990.7468736931303,33.791115821775165,,9214319.8,macd_bearish
20230614,,,,167110.0,164940.0,6008187.0,1004012860410.0,10102.0,186145.5,185902.4,120256.65,176229.57560873375,181779.51617849965,-5549.940569765895,-1902.5856129076833,36.60841860918276,,8754939.75,macd_bearish
20230617,,,,164000.0,161000.0,4759779.0,780610083510.0,9578.0,184641.0,185623.0,120699.15,174348.10243815932,180462.51498009227,-6114.41254193295,-2744.9509987127367,34.648892111741844,,8063113.7,"trend_down,macd_bearish"
20230618,,,,160580.0,162830.0,6000705.0,963601821260.0,8956.0,182830.0,185244.8,121125.6,172229.93283228864,178989.736092678,-6759.803260389366,-3547.921451048063,32.58342937807281,,7621937.1,"trend_down,macd_bearish"
20230619,,,,162310.0,160500.0,4713080.0,764974856920.0,7038.0,181240.5,184882.2,121560.6,170703.78931962885,177754.20008581295,-7050.410766184097,-4248.41931407527,34.70384171092461,,7337067.2,"trend_down,macd_bearish"
20230620,,,,163910.0,166000.0,8607618.0,1410870388040.0,10535.0,179708.5,184603.8,122007.95,169658.5909627629,176728.70378316013,-7070.112820397248,-4812.758015339667,36.68721139164721,,7173869.0,"trend_down,macd_bearish"
20230621,,,,164070.0,162400.0,5331022.0,874643966970.0,9292.0,178052.0,184343.0,122460.65,168798.80773772244,175791.02202144457,-6992.214283722133,-5248.649269016159,36.89364188039592,,6953942.45,"trend_down,macd_bearish"
20230624,,,,167900.0,174500.0,11293414.0,1896108847170.0,15673.0,176591.5,184213.0,122931.3,168660.52962422668,175206.50187170797,-6545.972247481288,-5508.113864709185,41.7865723539622,,7044274.15,"trend_down,macd_bearish"
20230625,,,,173080.0,170210.0,11515330.0,1993034689590.0,15644.0,174892.5,184108.6,123427.2,169340.44814357642,175048.9832145444,-5708.535070967977,-5548.198105960943,47.69356850989482,,6627177.65,"trend_down,macd_bearish"
20230626,,,,168060.0,166630.0,6043598.0,1015700082800.0,11920.0,173333.0,183931.2,123897.35,169143.45612148775,174531.28075420775,-5387.824632720003,-5516.123411312756,43.12641589464153,,6582387.9,"trend_down,macd_bullish"
20230627,,,,162550.0,161240.0,4371839.0,710664111820.0,9293.0,171938.0,183633.6,124336.65,168129.0782566435,173643.77847611828,-5514.700219474791,-5515.838772945162,38.74119673310347,,6500957.05,"trend_down,macd_bullish"
20230628,,,,160740.0,161520.0,3557449.0,571817142990.0,7546.0,170380.0,183362.0,124758.0,166992.29698639066,172687.94303344286,-5695.6460470522,-5551.80022776657,37.39600316048716,,6491514.3,"trend_down,macd_bearish"
20230701,,,,159740.0,159030.0,2870131.0,458467610330.0,6416.0,168820.5,182942.0,125156.0,165876.5589884844,171728.8361420767,-5852.277153592295,-5611.895612931715,36.63906185489223,,6341813.9,"trend_down,macd_bearish"
20230702,,,,160790.0,160950.0,4167968.0,670170199870.0,7230.0,167575.5,182536.6,125564.2,165094.01145179447,170918.55198340435,-5824.540531609877,-5654.424596667348,38.05682748617371,,6288198.25,"trend_down,macd_bearish"
20230703,,,,164410.0,165900.0,7788409.0,1280487950150.0,10840.0,166577.5,182192.2,125989.7,164988.77892074917,170436.4370216707,-5447.658100921515,-5613.071297518182,42.808214994442956,,6510322.55,"trend_down,macd_bullish"
20230704,,,,164360.0,163170.0,5517238.0,906838663620.0,8751.0,165561.5,181768.2,126416.25,164892.04370217238,169986.330575621,-5094.286873448611,-5509.314412704269,42.759427893725594,,6509216.7,"trend_down,macd_bullish"
20230705,,,,162130.0,161370.0,4005620.0,649422027280.0,7610.0,164589.0,181304.4,126831.6,164467.11390183817,169404.38016261204,-4937.266260773875,-5394.904782318191,40.54029002654035,,6396864.25,"trend_down,macd_bullish"
20230708,,,,162460.0,161340.0,3503394.0,569144880930.0,6658.0,164183.0,180853.6,127258.35,164158.3271477092,168889.98163204818,-4731.654484338971,-5262.254722722348,41.028033836351845,,6252098.95,"trend_down,macd_bullish"
20230709,,,,160560.0,160200.0,3112348.0,499727633120.0,5546.0,163739.5,180333.8,127676.0,163604.73835575394,168272.94595560018,-4668.207599846239,-5143.445298147126,39.04226657385195,,6027887.9,"trend_down,macd_bullish"
20230710,,,,158950.0,157550.0,3306044.0,525482431180.0,5959.0,163615.0,179787.2,128086.8,162888.62476256103,167582.35736629646,-4693.732603735436,-5053.5027592647875,37.39080156803226,,5812625.15,"trend_down,macd_bullish"
20230711,,,,153260.0,150000.0,5032309.0,771261369930.0,10317.0,163048.5,179028.0,128473.4,161407.29787601318,166521.44200583006,-5114.144129816879,-5065.631033375206,32.205896391258946,,5575274.1,"trend_down,macd_bearish"
20230712,,,,147190.0,148000.0,6218079.0,915229280390.0,9557.0,162052.5,178022.4,128832.45,159220.02127970345,165089.48333873152,-5869.462059028068,-5226.397238505779,27.780279976826847,,5585768.7,"trend_down,rsi_oversold,macd_bearish"
20230715,,,,147960.0,145020.0,4585208.0,678449043670.0,7767.0,161250.5,177050.8,129198.2,157487.71031359525,163820.6327210477,-6332.922407452454,-5447.702272295113,29.111051893359175,,5577040.15,"trend_down,rsi_oversold,macd_bearish"
20230716,,,,141320.0,138000.0,5216742.0,737207730410.0,8289.0,160287.5,175886.8,129529.45,155000.37026534983,162153.91918615528,-7153.54892080545,-5788.871601997181,24.857369726833653,,5537842.0,"trend_down,rsi_oversold,macd_bearish"
20230717,,,,136120.0,139500.0,9610232.0,1308105473090.0,12063.0,158978.0,174655.2,129821.5,152095.69791683447,160225.48072792153,-8129.782811087061,-6257.053843815157,22.130198562180112,,5782699.6,"trend_down,rsi_oversold,macd_bearish"
20230718,,,,142090.0,144430.0,13352335.0,1897266488240.0,13517.0,157887.0,173356.8,130134.1,150556.35977578303,158882.11178511253,-8325.752009329502,-6670.7934769180265,31.43138354401448,,6019935.45,"trend_down,macd_bearish,volume_spike"
20230719,,,,142030.0,137580.0,12361379.0,1755731822230.0,14390.0,156785.0,172185.6,130446.05,149244.61211797025,157633.80720843753,-8389.195090467285,-7014.473799627878,31.390801564938187,,6371453.3,"trend_down,macd_bearish"
20230722,,,,128940.0,127830.0,10466067.0,1349531549580.0,15188.0,154837.0,171087.6,130702.5,146120.82563828252,155508.34000781254,-9387.514369530021,-7489.081913608307,24.084721428196445,,6330085.95,"trend_down,rsi_oversold,macd_bearish"
20230723,,,,126910.0,128770.0,11956897.0,1517410885860.0,13210.0,152528.5,169810.0,130949.9,143165.31400162366,153389.94445167828,-10224.630450054625,-8036.191620897571,23.18355873818355,,6352164.3,"trend_down,rsi_oversold,macd_bearish"
20230724,,,,130500.0,130830.0,9887586.0,1290341692530.0,11360.0,150650.5,168659.0,131221.3,141216.80415522002,151694.39301081322,-10477.588855593203,-8524.471067836697,28.293360363075507,,6544363.7,"trend_down,rsi_oversold,macd_bearish"
20230725,,,,131230.0,129550.0,6944767.0,911381131930.0,9444.0,149084.5,167695.0,131498.75,139680.37274672464,150178.51204704927,-10498.139300324634,-8919.204714334286,29.32289673235647,,6673010.1,"trend_down,rsi_oversold,macd_bearish"
20230726,,,,129570.0,129650.0,4496207.0,582561313900.0,6617.0,147526.0,166412.6,131775.7,138124.93078569009,148651.9555991197,-10527.024813429627,-9240.768734153355,28.326914689866882,,6719948.0,"trend_down,rsi_oversold,macd_bearish"
20230729,,,,129040.0,126920.0,4171398.0,538267575190.0,6624.0,145991.0,165111.6,132045.8,136727.24912635316,147199.21814733307,-10471.969020979916,-9487.008791518667,27.99991018138155,,6785011.35,"trend_down,rsi_oversold,macd_bearish"
20230730,,,,123930.0,123000.0,5627766.0,697426562900.0,8126.0,144148.0,163654.2,132281.05,134758.44156845266,145475.57235864174,-10717.130790189083,-9733.03319125275,25.002984142390034,,6858001.25,"trend_down,rsi_oversold,macd_bearish"
20230731,,,,125590.0,127200.0,6006548.0,754381322290.0,8418.0,142207.0,162284.0,132534.5,133347.91209638302,144002.56699874235,-10654.654902359325,-9917.357533474067,27.70987192779006,,6768908.2,"trend_down,rsi_oversold,macd_bearish"
20230801,,,,131650.0,134490.0,14080363.0,1853665080800.0,14829.0,140571.5,161026.0,132819.15,133086.69485078563,143087.56203587254,-10000.867185086914,-9934.059463796637,36.69299331477745,,7197064.45,"trend_down,macd_bearish"
20230805,,,,137590.0,138610.0,15056057.0,2071502292960.0,16568.0,139344.5,159833.8,133132.5,133779.51102758784,142680.33521840052,-8900.82419081268,-9727.412409199846,44.03423052958525,,7749586.3,"trend_down,macd_bullish"
20230806,,,,136920.0,137420.0,10926675.0,1496033808040.0,12086.0,138067.5,158630.0,133440.4,134262.6631771897,142253.6437207412,-7990.980543551501,-9380.126036070178,43.422576129369546,,8120750.35,"trend_down,macd_bullish"
20230807,,,,137100.0,135780.0,8208469.0,1125373340140.0,9463.0,136894.5,157230.8,133740.35,134699.17653454514,141871.89233401965,-7172.715799474507,-8938.643988751044,43.64904024499618,,8375556.4,macd_bullish
20230808,,,,134680.0,133000.0,5099230.0,686757084930.0,7595.0,135681.0,155939.4,134035.4,134696.22629846126,141339.1595685367,-6642.933270075446,-8479.501845015926,41.257973686023156,,8465215.7,"trend_down,macd_bullish"
20230809,,,,136880.0,136130.0,6914718.0,946516729120.0,8627.0,134862.0,154868.0,134338.8,135032.19148331336,141008.8514523488,-5976.659969035449,-7978.933469819831,44.24796344700382,,8559336.15,macd_bullish
20230812,,,,130210.0,128900.0,4663961.0,607279645400.0,7552.0,134013.0,153634.2,134605.75,134290.31587049592,140208.9365299526,-5918.620659456676,-7566.870907747199,37.94228157011277,,8481630.25,"trend_down,macd_bullish"
20230813,,,,134370.0,136940.0,9818541.0,1319274492980.0,10811.0,133333.5,152503.0,134895.35,134302.5749673427,139776.42271291907,-5473.847745576379,-7148.266275313035,43.36339121740517,,8743296.9,macd_bullish
20230814,,,,135740.0,133900.0,6286630.0,853359653130.0,7561.0,133054.5,151504.0,135193.05,134523.7172800592,139477.428437888,-4953.711157828802,-6709.355251816189,45.06535619706157,,8796791.3,macd_bullish
20230815,,,,133260.0,133100.0,4676213.0,623171009730.0,5924.0,132911.5,150481.8,135479.45,134329.29923697317,139016.87818322965,-4687.578946256486,-6304.999990704248,42.571409295189746,,8550090.35,macd_bullish
20230816,,,,133200.0,132610.0,2981032.0,397058608270.0,5492.0,132467.0,149452.2,135761.95,134155.56089282344,138585.99831780524,-4430.437424981792,-5930.087477559758,42.51011487712129,,8031525.2,macd_bullish
20230819,,,,130880.0,129750.0,3225989.0,422204541690.0,5297.0,131909.5,148438.2,136028.45,133651.6284477737,138015.18362759743,-4363.555179823743,-5616.781018012555,40.105590252135954,,7574755.7,"trend_down,macd_bullish"
20230820,,,,130590.0,131400.0,3928835.0,513067704760.0,5056.0,131992.0,147638.4,136296.05,133180.60868657773,137465.17002555318,-4284.5613389754435,-5350.337082205134,39.80252075777676,,7247894.1,"trend_down,macd_bullish"
20230821,,,,131120.0,129970.0,3162100.0,414617452620.0,4498.0,132202.5,146872.2,136559.95,132863.59196556578,136995.15743106775,-4131.565465501975,-5106.5827588645025,40.6847195426121,,6808154.25,"trend_down,macd_bullish"
20230822,,,,129510.0,130710.0,3772016.0,488509854290.0,5015.0,132153.0,146233.6,136819.8,132347.65474009412,136440.70132506275,-4093.0465849686298,-4903.875524085328,38.82341853173887,,6502375.75,"trend_down,macd_bullish"
20230823,,,,135190.0,138310.0,9391989.0,1269660405280.0,11151.0,132351.0,145645.6,137111.6,132784.9386262335,136348.05678246552,-3563.118156232027,-4635.724050514668,47.88235498505794,,6624736.85,macd_bullish
20230826,,,,144640.0,146990.0,15242281.0,2204599789650.0,16320.0,133104.5,145196.2,137453.15,134608.79422219758,136962.27479857916,-2353.480576381582,-4179.275355688051,58.81050467265741,,7162040.55,"macd_bullish,volume_spike"
20230827,,,,156170.0,159090.0,15939719.0,2489372520260.0,17628.0,134461.0,145039.6,137858.05,137925.90280339797,138385.0692579437,-459.166454545717,-3435.2535754595838,67.70753757568305,,7750456.6,"macd_bullish,volume_spike"
20230828,,,,161120.0,156860.0,17060954.0,2748896997980.0,19893.0,136320.5,145050.4,138283.9,141494.22544902904,140069.1382017997,1425.0872472293267,-2463.185410921802,70.63964945436986,,8322116.0,"rsi_overbought,macd_bullish,volume_spike"
20230829,,,,161510.0,159970.0,14703826.0,2374856036260.0,16926.0,138116.5,145034.4,138706.65,144573.57537994764,141657.35018685157,2916.225193096063,-1387.3032901182291,70.86411602162633,,8756979.9,"rsi_overbought,macd_bullish"
20230830,,,,161240.0,161370.0,9612346.0,1549877847960.0,13242.0,139596.0,144981.0,139121.25,147137.64070610955,143107.91683967737,4029.7238664321776,-303.89785880814793,70.46248042575587,,8533579.05,"rsi_overbought,macd_bullish"
20230902,,,,161910.0,162790.0,13699807.0,2218170814620.0,15463.0,140812.0,144937.8,139534.15,149410.31136670808,144500.66374044202,4909.647626266058,738.8112382066932,70.90318443885688,,8465766.55,"rsi_overbought,macd_bullish"
20230903,,,,165520.0,165070.0,18206330.0,3013564922130.0,17254.0,142242.0,144890.2,139963.85,151888.72500259915,146057.65161152038,5831.073391078768,1757.2636687811082,73.2215184790075,,8829749.3,"rsi_overbought,macd_bullish,volume_spike"
20230904,,,,171870.0,175800.0,25083923.0,4311145746260.0,23407.0,143980.5,144866.0,140402.9,154962.76730989158,147969.67741807445,6993.08989181713,2804.428913388313,76.73322312842795,,9673522.0,"rsi_overbought,macd_bullish,volume_spike"
20230905,,,,175780.0,173750.0,15504350.0,2725294899110.0,16329.0,146035.5,145020.4,140860.0,158165.4184929852,150029.7013130319,8135.717179953295,3870.68656670131,78.5946346442968,,10193778.0,"trend_up,rsi_overbought,macd_bullish"
20230909,,,,170730.0,166700.0,10423045.0,1779577112750.0,14643.0,147728.0,145184.0,141271.35,160098.43103252593,151563.05677132582,8535.374261200108,4803.6241056010695,70.72461090518465,,10369194.35,"trend_up,rsi_overbought,macd_bullish"
20230910,,,,168720.0,167430.0,8155076.0,1375930031780.0,11745.0,149653.5,145343.6,141658.8,161424.82625829114,152833.9414549313,8590.884803359833,5561.076245152823,67.81395041974787,,10543750.1,"trend_up,macd_bullish"
20230911,,,,167030.0,166000.0,6564663.0,1096487457400.0,9319.0,151286.5,145489.4,142029.75,162287.16068009252,153885.5013471586,8401.659332933923,6129.192862709043,65.37767823349401,,10381056.2,"trend_up,macd_bullish"
20230912,,,,166440.0,165640.0,5946716.0,989774443020.0,7854.0,152821.5,145602.4,142390.7,162926.05903700137,154815.46421033202,8110.594826669345,6525.473255501103,64.50639466759162,,10364060.5,"trend_up,macd_bullish"
20230913,,,,166780.0,166990.0,5469963.0,912282081800.0,7703.0,154497.5,145649.8,142758.35,163518.97303130885,155701.7261206778,7817.2469106310455,6783.827986527092,64.79754319121474,,10403748.0,"trend_up,macd_bullish"
20230917,,,,172130.0,173300.0,11058985.0,1903545968490.0,13173.0,156444.0,145805.2,143167.35,164843.74641110748,156918.6352969239,7925.111114183586,7012.084612058392,69.09362110512461,,10807645.65,"trend_up,macd_bullish"
20230918,,,,170720.0,168700.0,5783465.0,987365498960.0,9295.0,158436.0,145977.0,143545.05,165747.78542478324,157940.95860826288,7806.826816520363,7171.033052950786,66.78049750808935,,10935519.45,"trend_up,macd_bullish"
20230919,,,,167600.0,165680.0,4181775.0,700853191490.0,7592.0,160286.5,146079.8,143892.9,166032.74151327813,158656.44315579894,7376.298357479187,7212.086113856467,61.84652892306837,,10948166.45,"trend_up,macd_bullish"
20230920,,,,165770.0,165000.0,3304766.0,547824358590.0,5733.0,162019.0,146184.0,144249.0,165992.3197420046,159183.37329240644,6808.946449598152,7131.458181004804,59.088912202078085,,10955299.75,"trend_up,macd_bearish"
20230923,,,,163580.0,162800.0,3151805.0,515586064490.0,6200.0,163722.5,146276.6,144584.8,165621.19362785004,159509.04934482079,6112.144283029251,6927.595401409694,55.87793913891685,,10924289.2,macd_bearish
20230925,,,,158880.0,156050.0,4184779.0,664859394780.0,8344.0,164907.0,146389.0,144899.5,164584.0869158731,159462.45309705628,5121.63381881683,6566.403084891122,49.64306512488409,,10663928.7,macd_bearish
20230926,,,,158420.0,158050.0,4182627.0,662592229280.0,7191.0,165596.0,146613.6,145217.45,163635.76585189262,159385.23434912617,4250.531502766447,6103.228768466187,49.0660160414366,,10110946.0,macd_bearish
20230927,,,,158850.0,159270.0,2481190.0,394127496680.0,5703.0,165730.0,146831.4,145532.0,162899.49418237066,159345.58736030202,3553.906822068646,5593.364379186679,49.655137220322466,,9438019.55,macd_bearish
20230930,,,,155950.0,154000.0,3741166.0,583453316170.0,7405.0,165471.5,147124.0,145834.45,161830.3412312367,159094.06237065,2736.2788605866954,5021.947275466682,45.80706118914152,,8772030.15,macd_bearish
20231001,,,,151330.0,150690.0,3580109.0,541777009080.0,7297.0,164962.5,147428.2,146120.05,160214.90411873875,158518.94663949075,1695.957479247998,4356.749316222946,40.43145451715807,,8215844.3,macd_bearish
20231002,,,,152100.0,152800.0,3316087.0,504371227880.0,5922.0,164505.5,147628.4,146409.3,158966.45733124047,158043.46911063956,922.9882206009061,3669.997097098538,41.66028725685684,,7901031.35,macd_bearish
20231004,,,,152640.0,151450.0,2581287.0,394006926930.0,5368.0,164042.0,147840.6,146697.9,157993.15620335733,157643.21213948107,349.94406387626077,3005.9864904540823,42.55526802564108,,7345105.35,macd_bearish
20231007,,,,146550.0,145190.0,5288916.0,775102425490.0,9695.0,163093.5,148192.8,146954.9,156232.67063361005,156821.49272174173,-588.8220881316811,2287.02477473693,35.871684182073935,,6699234.65,macd_bearish
20231008,,,,139270.0,139950.0,6940009.0,966515175320.0,9889.0,161463.5,148440.0,147176.4,153623.02899767004,155521.38214976084,-1898.3531520908,1449.949189371384,29.838670513391122,,5792038.95,"rsi_oversold,macd_bearish"
20231009,,,,142130.0,142900.0,7723479.0,1097700826480.0,10056.0,159781.0,148672.6,147412.5,151854.8706903362,154529.42791644522,-2674.5572261090274,625.0479062753018,34.49933247922981,,5402995.4,macd_bearish
20231010,,,,145490.0,148050.0,8190778.0,1191685873220.0,9537.0,158519.0,148957.8,147666.25,150875.65981489985,153859.84066337522,-2984.180848475371,-96.79784467483273,39.57749341710264,,5291382.05,macd_bearish
20231011,,,,145920.0,143760.0,4119875.0,601157292550.0,7126.0,157379.0,149284.8,147924.25,150113.25061260758,153271.70431794,-3158.4537053324166,-709.1290168063496,40.216282540548725,,5089622.0,macd_bearish
20231014,,,,141750.0,140310.0,4503963.0,638423599550.0,6258.0,156115.0,149539.0,148170.1,148826.59667220642,152418.24473883334,-3591.64806662692,-1285.6328267704637,36.21748557597215,,4986587.0,macd_bearish
20231015,,,,142060.0,143400.0,4641729.0,659397876030.0,6978.0,154896.0,149901.6,148434.9,147785.58179955927,151650.9673507716,-3865.3855512123264,-1801.5833716588363,36.7212133483148,,4921337.65,macd_bearish
20231016,,,,147800.0,151850.0,7491803.0,1107315202430.0,10036.0,153947.0,150345.8,148718.5,147787.79998424245,151365.7105099737,-3577.9105257312476,-2156.8488024733188,45.33062117950256,,5022429.65,macd_bearish
20231017,,,,151530.0,149380.0,8971569.0,1359435222760.0,10646.0,152917.0,150743.4,149016.0,148363.52306358976,151377.8801018275,-3014.3570382377366,-2328.350449626202,50.083341574820686,,4918058.85,macd_bearish
20231018,,,,146880.0,147000.0,5767156.0,847099595700.0,6981.0,151725.0,150929.2,149277.25,148135.2887461144,151044.70379798842,-2909.415051874006,-2444.563370075763,44.848809667382206,,4917243.4,macd_bearish
20231021,,,,150450.0,153110.0,9568312.0,1439546860160.0,10479.0,150867.5,151199.8,149552.4,148491.3981697891,151000.65166480409,-2509.253495014971,-2457.501395063605,49.23557099518929,,5186570.25,"trend_down,macd_bearish"
20231022,,,,152260.0,150240.0,9144638.0,1392405075190.0,10238.0,150192.0,151503.0,149843.6,149071.18306674462,151093.93672667045,-2022.753659925831,-2370.55184803605,51.348478961955784,,5478563.85,macd_bullish
20231023,,,,147870.0,147110.0,6480157.0,958222944180.0,8049.0,149406.5,151766.8,150107.75,148886.38567186083,150855.12659876895,-1968.7409269081254,-2290.1896638104654,46.313482786201014,,5644981.45,"trend_down,macd_bullish"
20231024,,,,145760.0,144920.0,4988643.0,727157762280.0,6996.0,148750.5,151944.4,150366.65,148405.40326080532,150477.70981367497,-2072.306552869646,-2246.6130416223014,44.076408629866755,,5685174.65,"trend_down,macd_bullish"
20231025,,,,145820.0,145570.0,3082745.0,449539989070.0,5456.0,148120.5,152256.6,150628.65,148007.64891298913,150132.69427192127,-2125.0453589321405,-2222.299505084269,44.15900853309512,,5630180.55,"trend_down,macd_bullish"
20231028,,,,137040.0,135950.0,8227780.0,1127534816980.0,10726.0,147030.0,152310.0,150845.0,146320.3183109908,149162.86506659377,-2842.5467556029616,-2346.3489551880075,35.82118993453858,,5917510.05,"trend_down,macd_bearish"
20231029,,,,140640.0,142420.0,7411747.0,1042360516720.0,9411.0,146264.5,152408.0,151064.2,145446.423186223,148531.54172832757,-3085.118542104581,-2494.102872571322,40.76019442428672,,6101039.1,"trend_down,macd_bearish"
20231030,,,,144430.0,143290.0,6798908.0,981965351170.0,8292.0,145919.5,152631.4,151302.5,145290.05038834253,148227.72382252553,-2937.6734341830015,-2582.816984893658,45.51412749111599,,6261979.05,"trend_down,macd_bearish"
20231031,,,,141180.0,139030.0,5679287.0,801776260070.0,8617.0,145373.5,152791.0,151528.3,144657.73494398216,147705.67020604215,-3047.9352620599966,-2675.8406403269264,42.37386231074761,,6380139.05,"trend_down,macd_bearish"
20231101,,,,138560.0,139700.0,6217531.0,861475943990.0,9248.0,144669.5,152944.6,151721.3,143719.6218756772,147028.21315374275,-3308.591278065549,-2802.390767874651,39.97913478179407,,6561951.25,"trend_down,macd_bearish"
20231104,,,,144670.0,145590.0,8331526.0,1205288986600.0,10606.0,144575.5,153226.2,151965.75,143865.83389480377,146853.53069790994,-2987.6968031061697,-2839.451974920955,47.439230092418,,6714081.75,macd_bearish
20231105,,,,145680.0,146130.0,8843873.0,1288331306370.0,10773.0,144896.0,153517.4,152217.85,144144.93637252628,146766.60249806478,-2621.666125538497,-2795.8948050444633,48.577025472148094,,6809274.95,macd_bullish
20231106,,,,148000.0,148500.0,9082694.0,1344254702430.0,9834.0,145189.5,153887.2,152465.15,144738.0230844453,146857.9652759859,-2119.9421915405837,-2660.7042823436873,51.1907275113911,,6877235.7,macd_bullish
20231107,,,,149980.0,150010.0,10629455.0,1594233468980.0,11548.0,145414.0,154183.0,152696.3,145544.48107145372,147089.22710739434,-1544.746035940625,-2437.512633063075,53.36911162099151,,6999169.55,macd_bullish
20231108,,,,148080.0,146800.0,7375039.0,1092070343630.0,9759.0,145522.0,154251.8,152921.85,145934.56090661467,147162.61769203178,-1228.0567854171095,-2195.621463533882,51.01616006088537,,7161927.75,macd_bullish
20231111,,,,147530.0,146490.0,5026483.0,741567100810.0,7472.0,145811.0,154079.0,153136.95,146180.0130748278,147189.83119632571,-1009.8181214979268,-1958.4607951266912,50.32449441522796,,7188053.75,macd_bullish
20231112,,,,146770.0,146700.0,4228957.0,620684944240.0,5907.0,146046.5,153792.0,153332.0,146270.78029408504,147158.73258919048,-887.9522951054387,-1744.3590951224407,49.32925272226826,,7167415.15,macd_bullish
20231113,,,,147190.0,146190.0,5604347.0,824898277360.0,7280.0,146016.0,153505.6,153525.1,146412.19871037966,147161.04869369487,-748.8499833152164,-1545.2572727609959,49.91870020084274,,7073042.35,macd_bullish
20231114,,,,144660.0,143800.0,3625145.0,524408537490.0,6334.0,145672.5,153174.0,153687.8,146142.62967801356,146975.78582749527,-833.1561494817142,-1402.8370481051395,46.41593652917031,,6805721.15,"trend_down,macd_bullish"
20231115,,,,143560.0,143100.0,3101448.0,445230583030.0,6172.0,145506.5,152807.0,153846.45,145745.30203524226,146722.76465508822,-977.4626198459591,-1317.7621624533035,44.93944117984361,,6672435.75,"trend_down,macd_bullish"
20231118,,,,142050.0,141440.0,2553692.0,362752912210.0,5455.0,145086.5,152337.6,153996.55,145176.79402982036,146376.6339398965,-1199.8399100761453,-1294.177711977872,42.92105484101433,,6321704.75,"trend_down,macd_bullish"
20231119,,,,142360.0,141690.0,2934756.0,417806384060.0,5482.0,144591.5,151747.4,154148.2,144743.4411021557,146079.1054999042,-1335.6643977485073,-1302.4750491319992,43.48227176243718,,6011210.65,"trend_down,macd_bearish"
20231120,,,,140640.0,140410.0,2827969.0,397722515370.0,5766.0,144230.0,151044.6,154281.0,144112.1424710548,145676.2087962076,-1564.0663251527876,-1354.7933043361568,41.06945052224918,,5828601.25,"trend_down,macd_bearish"
20231121,,,,141370.0,142600.0,2932141.0,414520038060.0,5252.0,144010.5,150457.4,154415.25,143690.27439858482,145357.2303668589,-1666.9559682740655,-1417.2258371237385,42.527106638597644,,5725776.15,"trend_down,macd_bearish"
20231122,,,,142490.0,142350.0,3254896.0,463781841270.0,5119.0,143844.0,149932.8,154541.55,143505.61679880254,145144.84293227675,-1639.226133474207,-1461.6258963938321,44.783742082957865,,5734383.7,"trend_down,macd_bearish"
20231125,,,,141660.0,141000.0,2239893.0,317310353530.0,4909.0,144075.0,149425.4,154662.3,143221.6757528329,144886.7064187748,-1665.0306659418857,-1502.3068503034428,43.42303917383517,,5434989.35,"trend_down,macd_bearish"
20231126,,,,141410.0,141840.0,1864604.0,263678209520.0,4730.0,144113.5,148924.8,154773.45,142942.95640624323,144629.17260997664,-1686.2162037334056,-1539.0887209894354,42.9992494631005,,5157632.2,"trend_down,macd_bearish"
20231127,,,,141030.0,140580.0,1807312.0,254887232830.0,4302.0,143943.5,148409.8,154885.2,142648.65542066735,144362.56723145983,-1713.9118107924878,-1574.053338950046,42.32311038026531,,4908052.4,"trend_down,macd_bearish"
20231128,,,,141910.0,143640.0,4353470.0,617818306450.0,6930.0,143980.0,147805.4,155009.25,142535.01612518006,144180.89558468503,-1645.8794595049694,-1588.418563061031,44.49959246164323,,4841761.55,"trend_down,macd_bearish"
20231129,,,,145070.0,146230.0,9942723.0,1442354244580.0,12987.0,144305.5,147292.4,155167.35,142925.0136443831,144246.75517100465,-1321.7415266215394,-1535.0831557731326,51.56733505593926,,5028021.15,macd_bullish
20231202,,,,148330.0,147130.0,8891462.0,1318881767490.0,11949.0,144488.5,146907.0,155347.5,143756.55000678572,144549.21775093026,-792.6677441445354,-1386.6000734474133,57.57034730796583,,5056017.95,macd_bullish
20231203,,,,148330.0,147130.0,0.0,0.0,0.0,144621.0,146558.2,155550.95,144460.15769804944,144829.2756953058,-369.11799725636956,-1183.1036582092045,57.57034730796583,,4613824.3,macd_bullish
20231204,,,,141550.0,140740.0,11671617.0,1652086929610.0,13381.0,144298.5,146117.6,155725.3,144012.44112911876,144586.36638454243,-573.9252554236737,-1061.2679776520984,44.32035668363982,,4743270.45,"trend_down,macd_bullish,volume_spike"
20231205,,,,142340.0,141630.0,10383659.0,1478040701720.0,12365.0,143916.5,145786.8,155895.25,143755.14249386973,144419.96887457633,-664.826380706596,-981.979658262998,45.88325411107759,,4730980.65,"trend_down,macd_bullish,volume_spike"
20231206,,,,143270.0,142720.0,12335456.0,1767297765620.0,13430.0,143676.0,145483.8,156062.15,143680.50518712055,144334.78599497807,-654.2808078575181,-916.4398881819021,47.74285709323394,,4979001.5,"trend_down,macd_bullish,volume_spike"
20231209,,,,142480.0,141700.0,6592909.0,939364228430.0,8860.0,143423.5,145156.4,156227.8,143495.81208140968,144197.3944397945,-701.582358384825,-873.4683822224868,46.287787359380324,,5057322.8,"trend_down,macd_bullish"
20231210,,,,142520.0,142850.0,6057603.0,863336232940.0,8406.0,143211.0,144887.8,156390.8,143345.6871458082,144073.1429998097,-727.4558540015132,-844.2658765782921,46.376901145089704,,5148755.1,"trend_down,macd_bullish"
20231211,,,,143140.0,142970.0,10722382.0,1534828808550.0,53898.0,143008.5,144724.0,156537.05,143314.04296953,144004.02129612007,-689.9783265900624,-813.4083665806462,47.821929105377144,,5404656.85,macd_bullish
20231212,,,,142460.0,141890.0,4245115.0,604772541490.0,6733.0,142898.5,144531.2,156668.95,143182.65174344846,143889.64934825932,-706.9976048108656,-792.1262142266902,46.34674742600196,,5435655.35,"trend_down,macd_bullish"
20231213,,,,141130.0,141330.0,3344856.0,472063897330.0,6028.0,142777.0,144301.0,156791.35,142866.85916753332,143685.2308780179,-818.3717104845855,-797.3753134782694,43.519097073626526,,5447825.75,"trend_down,macd_bearish"
20231216,,,,142270.0,143070.0,6521847.0,927833339870.0,8251.0,142788.0,144215.4,156911.6,142775.0346802205,143580.39896112768,-805.3642809071753,-798.9731069640507,46.53037918011587,,5646233.5,"trend_down,macd_bearish"
20231218,,,,145610.0,146220.0,15725185.0,2289739373190.0,16686.0,142950.5,144342.2,157049.45,143211.1831909558,143730.73977882194,-519.5565878661291,-743.0898031444664,54.22981311944953,,6285754.95,"macd_bullish,volume_spike"
20231219,,,,148560.0,146700.0,16072087.0,2387598668880.0,23340.0,143346.5,144470.8,157221.15,144034.0780846549,144088.46275816846,-54.38467351355939,-605.348777218285,59.74356520940949,,6947960.85,"macd_bullish,volume_spike"
20231220,,,,147180.0,146550.0,7094808.0,1044188348260.0,8706.0,143637.0,144504.6,157384.25,144518.06607163107,144317.46551682265,200.6005548084213,-444.1589108129438,56.325269856065134,,7156094.2,macd_bullish
20231223,,,,147140.0,146820.0,5401785.0,794810648920.0,7879.0,143869.5,144529.0,157509.1,144921.44052214938,144526.54214520616,394.8983769432234,-276.34745326171037,56.22485167379138,,7263438.65,macd_bullish
20231224,,,,145960.0,145290.0,3609583.0,526851197080.0,6646.0,144084.5,144613.2,157594.75,145081.21890335716,144632.72420852422,448.49469483294524,-131.37902364277926,53.21103073715422,,7331923.15,macd_bullish
20231225,,,,145740.0,145790.0,4882804.0,711604520980.0,7787.0,144301.0,144686.8,157680.8,145182.5698413022,144714.74463752244,467.8252037797647,-11.538178158270469,52.64444319573376,,7482833.15,macd_bullish
20231226,,,,143780.0,143320.0,4081577.0,586835275390.0,6935.0,144438.5,144606.4,157697.55,144966.78986571723,144645.50429400225,321.2855717149796,55.026571816379544,47.76476616023367,,7596546.4,"trend_down,macd_bullish"
20231227,,,,144140.0,144800.0,3524527.0,508009600520.0,6941.0,144550.0,144458.6,157674.85,144839.59142483765,144608.05953148357,231.53189335408388,90.32763612392041,48.7052313609724,,7555099.25,macd_bullish
20231230,,,,144920.0,144150.0,4322501.0,626408038880.0,7704.0,144542.5,144419.4,157668.15,144851.9619748626,144631.16623285515,220.7957420074672,116.42125730062978,50.773262282884744,,7274088.15,"trend_up,macd_bullish"
20231231,,,,143810.0,144130.0,3234337.0,465114405020.0,5800.0,144316.5,144286.6,157648.35,144691.66013257604,144570.3391044955,121.32102808053605,117.40121145661104,47.81868956826628,,6991231.9,macd_bullish
20240101,,,,143490.0,143150.0,2448297.0,351312477450.0,5908.0,144074.5,144111.2,157652.3,144506.78934294896,144490.31398564397,16.475357304996578,97.21604062628815,46.97010941731543,,7113646.75,"trend_down,macd_bearish"
20240102,,,,142160.0,141790.0,3227188.0,458764039350.0,6387.0,144105.0,143997.0,157681.9,144145.74482864913,144317.6981348555,-171.9533062063856,43.3821712597534,43.513829924695905,,6691425.3,macd_bearish
20240103,,,,142140.0,142710.0,3031934.0,430958417710.0,5818.0,144095.0,143924.6,157706.6,143837.16870116463,144156.38716190323,-319.2184607386007,-29.137955139917423,43.462038195668654,,6323839.05,macd_bearish
20240106,,,,142260.0,142700.0,3205598.0,456024671050.0,6179.0,144044.5,143853.4,157752.8,143594.52736252392,144015.9140387993,-421.38667627537507,-107.58769936700895,43.8935392956436,,5867346.15,macd_bearish
20240107,,,,142480.0,142030.0,2923267.0,416509582460.0,5026.0,144044.5,143962.2,157779.5,143423.06161444332,143902.14262851787,-479.0810140745598,-181.88636230851913,44.72642504568698,,5683864.05,macd_bearish
20240108,,,,144170.0,143740.0,7502233.0,1081572454560.0,9892.0,144127.0,144032.8,157785.25,143537.97521222127,143921.98391529435,-384.00870307307923,-222.31083046143115,50.77194851574537,,5756095.55,"trend_up,macd_bearish"
20240109,,,,144820.0,145450.0,6336152.0,917605923410.0,7819.0,144211.0,144040.6,157810.1,143735.20979495643,143988.50362527254,-253.29383031610632,-228.5074304323662,52.90547535254512,,5536784.05,"trend_up,macd_bearish"
20240110,,,,146300.0,146890.0,6740638.0,986133553370.0,9146.0,144403.0,144143.0,157825.2,144129.79290342468,144159.72557895607,-29.932675531395944,-188.79247945217213,57.429521608420174,,5661560.2,"trend_up,macd_bullish"
20240113,,,,148350.0,147960.0,8504078.0,1261572633460.0,11809.0,144764.0,144338.8,157839.25,144779.05553366704,144470.11627681117,308.93925685586873,-89.24613219056394,62.765122940538745,,5919521.3,"trend_up,macd_bullish"
20240114,,,,150300.0,150020.0,11188307.0,1681560824300.0,12171.0,145165.5,144451.4,157839.5,145628.4316054106,144901.95951556592,726.4720898446685,73.89751221648255,67.00184464983163,,6152844.3,"trend_up,macd_bullish"
20240115,,,,147740.0,146530.0,5750512.0,849594563040.0,8582.0,145272.0,144492.6,157773.45,145953.28828150127,145112.18473663513,841.1035448661423,227.33871874641454,57.717015490747535,,5654110.65,"trend_up,macd_bullish"
20240116,,,,145760.0,145920.0,6150883.0,896531138310.0,6248.0,145132.0,144447.8,157673.45,145923.55162280877,145160.17105243995,763.3805703688122,334.5470890708941,51.74445098140751,,5158050.45,"trend_up,macd_bullish"
20240117,,,,146040.0,145850.0,2931208.0,428086246600.0,4363.0,145075.0,144369.0,157565.6,145941.46675776126,145225.34356707404,716.1231906872126,410.8623093941578,52.493121960925826,,4949870.45,"trend_up,macd_bullish"
20240120,,,,139580.0,136270.0,17525002.0,2446217932810.0,23874.0,144697.0,144199.0,157387.35,144962.77956425952,144807.16996951302,155.6095947464928,359.81176646462484,37.88801454530833,,5556031.3,"macd_bearish,volume_spike"
20240121,,,,137660.0,139350.0,10571552.0,1455308670490.0,12624.0,144282.0,144001.6,157185.8,143839.2750159119,144277.74997177132,-438.4749558594194,200.154421999816,34.789824954749335,,5904129.75,macd_bearish
20240122,,,,137620.0,136990.0,5465901.0,752238771250.0,8629.0,143876.0,143818.6,156976.45,142882.46347500238,143784.58330719566,-902.1198321932752,-20.30042883880222,34.72611522088444,,5933284.6,macd_bearish
20240123,,,,134410.0,135550.0,7678581.0,1032098057010.0,10630.0,143407.5,143563.0,156746.3,141579.00755577124,143090.16972888485,-1511.162173113611,-318.472777693764,29.981163908864417,,6113134.8,"trend_down,rsi_oversold,macd_bearish"
20240124,,,,136230.0,137140.0,4967388.0,676687286240.0,7077.0,143012.0,143394.4,156538.3,140756.0833164218,142582.00900822674,-1825.925691804936,-619.9633605159984,35.373044833662874,,6185277.85,"trend_down,macd_bearish"
20240127,,,,136860.0,136720.0,3406895.0,466264354570.0,5638.0,142609.0,143260.4,156337.05,140156.68588312613,142158.15648909885,-2001.4706059727177,-896.2648096073423,37.17648396558001,,6139497.55,"trend_down,macd_bearish"
20240128,,,,135810.0,136220.0,4187926.0,568774144410.0,6969.0,142209.0,143135.6,156144.1,139487.9649780298,141687.92267509154,-2199.9576970617345,-1157.0033870982206,35.403256542670064,,6187177.0,"trend_down,macd_bearish"
20240129,,,,134080.0,133960.0,3973054.0,532706626330.0,6733.0,141738.5,142970.0,155923.0,138655.97036602523,141124.37284730698,-2468.4024812817515,-1419.2832059349269,32.640782682033546,,6263414.85,"trend_down,macd_bearish"
20240130,,,,131840.0,131450.0,4229953.0,557659586880.0,9606.0,141222.5,142794.0,155697.55,137607.3595404829,140436.64152528424,-2829.281984801346,-1701.2829617082107,29.437851058643048,,6313553.1,"trend_down,rsi_oversold,macd_bearish"
20240131,,,,133760.0,133470.0,7521839.0,1006123246050.0,10490.0,140803.5,142641.8,155479.2,137015.45807271628,139942.0754863743,-2926.6174136580084,-1946.3498520981702,35.298421288517304,,6538048.35,"trend_down,macd_bearish"
20240203,,,,134500.0,134100.0,5016826.0,674746362540.0,6161.0,140415.5,142482.0,155280.1,136628.46452306764,139538.9587836799,-2910.494260612264,-2139.178733800989,37.45457058499506,,6628609.75,"trend_down,macd_bearish"
20240204,,,,133700.0,133140.0,2824666.0,377644120950.0,4937.0,139976.5,142322.8,155044.9,136177.93151951878,139106.44331822213,-2928.5117987033445,-2297.0453467814605,36.055689781134475,,6623679.7,"trend_down,macd_bearish"
20240205,,,,133800.0,133540.0,2754733.0,368574903980.0,5022.0,139458.0,142170.6,154808.6,135812.09590113128,138713.37344279827,-2901.27754166699,-2417.8917857585666,36.37557520693013,,6386304.7,"trend_down,macd_bearish"
20240206,,,,133350.0,133210.0,2205668.0,294125970510.0,3979.0,138884.5,142017.0,154567.2,135433.31191634186,138316.0865211095,-2882.7746047676483,-2510.868349560383,35.5145883360635,,6179780.5,"trend_down,macd_bearish"
20240207,,,,133440.0,133860.0,2792363.0,372623945330.0,6028.0,138241.5,141847.6,154306.6,135126.64854459697,137954.89492695325,-2828.246382356272,-2574.343956119561,35.84166864452848,,5982366.75,"trend_down,macd_bearish"
20240210,,,,133880.0,133740.0,2947255.0,394576359420.0,5063.0,137518.0,141623.8,154049.4,134934.85646081282,137653.05085829005,-2718.1943974772294,-2603.114044391095,37.51043402205274,,5704525.6,"trend_down,macd_bearish"
20240212,,,,132670.0,132250.0,2464111.0,326921920270.0,5041.0,136636.5,141310.6,153787.75,134586.41700530314,137283.9359798982,-2697.518974595063,-2621.9950304318886,34.82766113860791,,5268315.8,"trend_down,macd_bearish"
20240213,,,,131980.0,131580.0,2035054.0,268592334420.0,4373.0,135848.5,140983.6,153514.9,134185.42977371803,136891.0518332391,-2705.6220595210616,-2638.720436249723,33.36232735687574,,5082542.9,"trend_down,macd_bearish"
20240214,,,,129990.0,129780.0,2922827.0,379940362840.0,6841.0,135060.0,140752.4,153233.45,133539.97903929988,136379.86280855472,-2839.8837692548404,-2678.9531028507467,29.506491850607006,,4921140.1,"trend_down,rsi_oversold,macd_bearish"
20240217,,,,128040.0,127530.0,3241936.0,415106171190.0,6710.0,134160.0,140466.4,152917.55,132693.82841786914,135762.09519310622,-3068.266775237076,-2756.815837328013,26.29898650178528,,4936676.5,"trend_down,rsi_oversold,macd_bearish"
20240218,,,,129940.0,131060.0,4109655.0,534028891110.0,6937.0,133678.0,140199.8,152579.9,132270.16250742774,135330.82888250577,-3060.666375078028,-2817.585944878016,33.84497786557188,,4265909.15,"trend_down,macd_bearish"
20240219,,,,131250.0,130280.0,2813286.0,369237491620.0,5065.0,133357.5,139975.2,152253.45,132113.21442936195,135028.54526157942,-2915.3308322174707,-2837.1349223459074,38.518953789762364,,3877995.85,"trend_down,macd_bearish"
20240220,,,,129850.0,129750.0,2665270.0,346084090770.0,4962.0,132969.0,139721.8,151905.1,131765.02759407548,134644.94931627723,-2879.921722201747,-2845.6922823170758,35.622358961302425,,3737964.3,"trend_down,macd_bearish"
20240221,,,,129000.0,129080.0,1379038.0,177891035910.0,4053.0,132698.5,139439.0,151561.6,131339.6387334485,134226.8049224789,-2887.166189030424,-2853.9870636597457,33.952936755056896,,3422987.15,"trend_down,macd_bearish"
20240224,,,,127610.0,125290.0,4040453.0,515622373440.0,6951.0,132267.5,139142.0,151164.6,130765.84815907181,133736.67122451751,-2970.8230654457,-2877.3542640169367,31.36436302051692,,3376640.4,"trend_down,macd_bearish"
20240226,,,,125500.0,126000.0,3143273.0,394468410460.0,6840.0,131699.5,138829.4,150789.15,129955.71767306078,133126.54743010883,-3170.82975704805,-2936.0493626231596,27.88851396874861,,3363459.3,"trend_down,rsi_oversold,macd_bearish"
20240227,,,,126950.0,128220.0,2711465.0,344226271080.0,5269.0,131256.5,138523.0,150504.7,129493.29956951296,132669.02539824892,-3175.725828735958,-2983.9846558457193,33.3544648632914,,3289636.25,"trend_down,macd_bearish"
20240228,,,,128950.0,128300.0,3013937.0,388635436320.0,5760.0,131000.0,138189.8,150195.5,129409.71502035714,132393.54203541565,-2983.827015058516,-2983.953127688279,40.09886053474669,,3241680.4,"trend_down,macd_bullish"
20240302,,,,135990.0,139440.0,12213923.0,1660994694710.0,14663.0,131207.5,137938.4,149935.2,130422.06655568682,132659.94632908856,-2237.8797734017426,-2834.7384568309717,56.706890180121995,,3640878.9,"macd_bullish,volume_spike"
20240303,,,,144310.0,143690.0,15088174.0,2177413625840.0,16966.0,131735.0,137881.0,149759.6,132558.67170096576,133522.9132676746,-964.2415667088353,-2460.6390788065446,67.99913135888906,,4019195.65,"macd_bullish,volume_spike"
20240304,,,,142150.0,140090.0,8936624.0,1270320744090.0,11421.0,132117.5,137781.2,149501.9,134034.26067004795,134161.95672932832,-127.69605928036617,-1994.0504749013091,63.377338595207775,,4215185.55,"macd_bullish,volume_spike"
20240305,,,,150630.0,151830.0,21071534.0,3174052324620.0,20749.0,132964.0,137874.6,149284.6,136587.4513361944,135381.8117864151,1205.6395497792982,-1354.1124699651878,71.55223180791135,,5127528.95,"rsi_overbought,macd_bullish,volume_spike"
20240306,,,,149320.0,148860.0,10350218.0,1545471113520.0,14067.0,133740.0,137946.2,149047.2,138546.30497677988,136414.27017260657,2132.0348041733087,-656.8830151374884,68.99022730257701,,5507303.2,macd_bullish
20240309,,,,147640.0,146290.0,6503965.0,960236898630.0,10565.0,134454.5,138023.4,148814.9,139945.3349803522,137245.80571537645,2699.5292649757466,14.399440885158583,65.73932003236885,,5722218.05,macd_bullish
20240310,,,,145630.0,144800.0,4986695.0,726235948690.0,8074.0,135064.0,138053.2,148570.3,140819.89882952877,137866.8571438671,2953.0416856616794,602.1278898404628,61.97648313887229,,5831934.65,macd_bullish
20240311,,,,146720.0,146810.0,7013700.0,1029076551260.0,10431.0,135706.0,138089.2,148317.9,141727.60670190895,138522.64550358066,3204.9611983282957,1122.6945515380294,63.20640503401332,,6035256.9,macd_bullish
20240312,,,,146960.0,145570.0,5810184.0,853861627800.0,8713.0,136420.5,138152.2,148067.15,142532.59028623067,139147.63472553765,3384.9555606930226,1575.146753369028,63.486463416634344,,6202560.55,macd_bullish
20240313,,,,144070.0,142390.0,3610344.0,520151259490.0,7444.0,137025.0,138163.8,147752.2,142769.11485757979,139512.2543754978,3256.8604820819746,1911.4894991116173,57.782891666230405,,6281325.05,macd_bullish
20240316,,,,143620.0,143500.0,3314680.0,476056550030.0,5872.0,137706.5,138193.0,147474.05,142900.02026410596,139816.53182916463,3083.4884349413333,2145.8892862775606,56.92531963868334,,6300917.7,macd_bullish
20240317,,,,145210.0,145700.0,3401504.0,493941222970.0,5079.0,138565.0,138254.4,147247.85,143255.4017619358,140216.04798996725,3039.353771968541,2324.582183415757,59.2278443625058,,6308896.1,"trend_up,macd_bullish"
20240318,,,,149220.0,150640.0,7576284.0,1130512300040.0,10149.0,139529.0,138393.6,147034.45,144173.0322600995,140883.00739811783,3290.024861981685,2517.6707191289424,64.39680415243566,,6482227.55,"trend_up,macd_bullish"
20240324,,,,154640.0,157660.0,12230158.0,1891331230020.0,13217.0,140698.5,138636.8,146853.0,145783.33498931496,141902.04388714614,3881.2911021688196,2790.3947957369182,69.94331813575725,,6953071.15,"trend_up,macd_bullish"
20240325,,,,154710.0,153250.0,7850697.0,1214617344090.0,11432.0,141941.5,138847.6,146698.1,147156.6680678819,142850.78137698717,4305.886690894724,3093.4931747684795,70.00830350610812,,7212342.5,"trend_up,rsi_overbought,macd_bullish"
20240326,,,,151900.0,151700.0,4362279.0,662611520070.0,7803.0,143086.5,138989.2,146535.75,147886.4114420539,143521.09386758073,4365.317574473185,3347.858054709421,64.02404134065738,,7361504.55,"trend_up,macd_bullish"
20240327,,,,152850.0,152660.0,3647827.0,557577679210.0,6701.0,144348.5,139120.2,146376.6,148650.0404509687,144212.12395146364,4437.916499505052,3565.8697436685475,65.10988046009919,,7341873.25,"trend_up,macd_bullish"
20240330,,,,152920.0,154060.0,4026301.0,615711596700.0,7427.0,145719.5,139211.6,146233.3,149306.95730466582,144857.15180691078,4449.805497755035,3742.656894485845,65.19324392863221,,7386024.65,"trend_up,macd_bullish"
20240402,,,,148450.0,149310.0,6088728.0,903899744870.0,8229.0,146794.5,139174.6,146122.65,149175.11771933263,145123.28871010258,4051.829009230045,3804.4913174346852,55.99296579427806,,7554887.8,"trend_up,macd_bullish"
20240403,,,,148960.0,148610.0,4637980.0,690879861290.0,7073.0,147795.0,139199.0,146020.3,149142.02268558915,145407.48954639127,3734.5331391978834,3790.4996817873252,56.74303569769879,,7636089.95,"trend_up,macd_bearish"
20240406,,,,145170.0,143600.0,8166217.0,1185528159670.0,11164.0,148254.0,139187.2,145938.95,148530.9422724216,145389.8977281401,3141.0445442815253,3660.608654286166,49.932011572303516,,7433704.65,macd_bearish
20240407,,,,146590.0,148000.0,6608123.0,968693414520.0,8843.0,148368.0,139198.2,145848.95,148232.33576897215,145478.7941927223,2753.541576249845,3479.1952386789017,52.244893628230805,,7009702.1,macd_bearish
20240408,,,,149320.0,149200.0,6612619.0,987390679850.0,7795.0,148726.5,139393.0,145760.0,148399.6687275918,145763.32795622436,2636.3407713674533,3310.6243452166123,56.41361772868412,,6893501.85,"trend_up,macd_bearish"
20240409,,,,147890.0,146910.0,6126573.0,906064492000.0,8187.0,148589.5,139597.6,145679.45,148321.25815411613,145920.85921872625,2400.3989353898796,3128.579263251266,53.766035690337894,,6146253.8,macd_bearish
20240413,,,,140210.0,139860.0,8056552.0,1129586838430.0,8536.0,148134.0,139649.4,145577.6,147073.3722842521,145497.8326099317,1575.5396743204037,2817.9713454650937,42.28748206896447,,6031570.5,macd_bearish
20240414,,,,137540.0,137410.0,9235541.0,1270280893740.0,5447.0,147629.0,139712.0,145453.75,145606.6996251364,144908.36352771454,698.3360974218522,2394.0442958564454,39.15758686865425,,6168149.3,macd_bearish
20240415,,,,140280.0,140290.0,1341841.0,188231646350.0,1287.0,147361.5,139793.0,145335.6,144787.2073751154,144565.5217849209,221.68559019450913,1959.5725547240581,43.75805753691293,,5985906.6,macd_bearish
20240416,,,,138860.0,140220.0,6332619.0,879330994150.0,6408.0,146968.5,139833.0,145209.55,143875.32931740533,144142.89054159343,-267.56122418810264,1514.145798941626,41.98621538367723,,5951852.55,macd_bearish
20240417,,,,141570.0,141630.0,3904979.0,552834706120.0,3483.0,146699.0,139948.2,145077.9,143520.66326857376,143952.30605703095,-431.64278845718945,1124.988081461863,46.44325788329274,,5856592.3,macd_bearish
20240420,,,,152410.0,155720.0,14673657.0,2236353850120.0,13992.0,147116.0,140314.8,144974.55,144888.25353494703,144578.8019046583,309.45163028873503,961.8807912272374,59.76046617483855,,6409757.95,"trend_up,macd_bearish,volume_spike"
20240421,,,,155510.0,153900.0,13638560.0,2120930250380.0,14781.0,147710.5,140788.2,144911.8,146522.3683757244,145388.52028209102,1133.8480936333945,996.2742517084689,62.62281602921925,,6925951.95,"trend_up,macd_bullish"
20240422,,,,155200.0,154220.0,8139176.0,1263173315010.0,9445.0,148210.0,141217.0,144875.05,147857.38862561295,146115.29655749167,1742.0920681212738,1145.4378149910299,62.14674381352424,,7162835.55,"trend_up,macd_bullish"
20240423,,,,153100.0,153060.0,4873307.0,746123683660.0,7125.0,148404.0,141589.0,144836.85,148663.9442216725,146632.68199767746,2031.2622239950288,1322.6026967918297,58.88117389298851,,7027686.7,"trend_up,macd_bullish"
20240424,,,,153770.0,154120.0,4554153.0,700301328460.0,6582.0,148360.5,141990.4,144807.0,149449.4912644921,147161.3722200717,2288.1190444203967,1515.7059663175432,59.610380444931984,,6643886.45,"trend_up,macd_bullish"
20240427,,,,153320.0,152230.0,5584784.0,856240381300.0,6711.0,148291.0,142380.8,144769.65,150044.95414687792,147617.56687043677,2427.38727644115,1698.0422283422647,58.85542941536379,,6530590.8,"trend_up,macd_bullish"
20240428,,,,149950.0,149960.0,3942353.0,591157230880.0,5435.0,148193.5,142712.8,144697.35,150030.34581658902,147790.33969484887,2240.0061217401526,1806.4350070218425,53.40101114010192,,6509594.5,"trend_up,macd_bullish"
20240429,,,,150780.0,150270.0,5566938.0,839392137310.0,4661.0,148090.0,143059.6,144629.45,150145.67722942148,148011.79601374894,2133.8812156725326,1871.9242487519807,54.51896811711698,,6605550.05,"trend_up,macd_bullish"
20240430,,,,149360.0,149800.0,3343567.0,499407416620.0,4476.0,147912.0,143369.2,144565.6,150024.8038095105,148111.66297569347,1913.140833817015,1880.1675657649876,52.21112346789459,,6571413.35,"trend_up,macd_bullish"
20240501,,,,149740.0,150400.0,2559463.0,383242215730.0,3886.0,147976.5,143710.6,144502.0,149980.98783881657,148232.28053304952,1748.7073057670495,1853.8755137654002,52.78709314506515,,6394950.1,"trend_up,macd_bearish"
20240505,,,,148910.0,148010.0,3463513.0,515753751910.0,5335.0,147974.0,144049.2,144443.75,149816.22047899864,148282.48197504584,1533.7385039528017,1789.8481118028808,51.33183914111507,,6336226.75,"trend_up,macd_bearish"
20240506,,,,147000.0,146780.0,3073510.0,451817375470.0,4433.0,148065.5,144389.4,144384.0,149382.95578992192,148187.48331022763,1195.47247969429,1670.9729853811627,48.04910072212277,,6081591.4,macd_bearish
20240507,,,,146460.0,146450.0,2599134.0,380680298360.0,4313.0,148059.0,144757.8,144350.0,148933.2702837801,148059.5215835441,873.7487002359994,1511.5281283521304,47.13139213178272,,5881141.95,macd_bearish
20240508,,,,145480.0,145200.0,3331461.0,484672341480.0,3578.0,147867.0,145068.6,144341.45,148401.9979324293,147868.44591068896,533.5520217403537,1315.9329070297752,45.435373440119584,,5717084.05,macd_bearish
20240511,,,,144480.0,143980.0,2668956.0,385605274530.0,4857.0,147696.5,145333.2,144324.05,147798.6136351325,147617.4499173046,181.1637178279052,1088.9790691894013,43.70702914008687,,5544203.2,macd_bearish
20240512,,,,143620.0,142270.0,3029893.0,435155132950.0,5335.0,147867.0,145608.6,144335.55,147155.74999895826,147321.34251602276,-165.59251706450596,838.0647519386199,42.21960951720341,,5292870.25,macd_bearish
20240513,,,,140370.0,142020.0,4225195.0,593081292420.0,6999.0,148008.5,145836.0,144356.8,146111.788460657,146806.42825557664,-694.6397949196398,531.523842566968,37.083518143191306,,5042352.95,macd_bearish
20240514,,,,141090.0,139960.0,2656777.0,374834961160.0,5201.0,148049.0,146105.6,144351.8,145339.20562055593,146382.98912553393,-1043.783504977997,216.46237305797504,38.85808110442755,,5108099.75,macd_bearish
20240515,,,,140810.0,141640.0,3499853.0,492801291400.0,6157.0,148146.5,146411.8,144345.7,144642.40475585504,145970.17511623513,-1327.770360380091,-92.38417362963816,38.40443355939709,,4966461.45,macd_bearish
20240518,,,,141120.0,139400.0,3538329.0,499322506170.0,6815.0,148124.0,146695.2,144406.6,144100.49633187734,145610.9028854029,-1510.406553525565,-375.98864960882355,39.25004628845036,,4948128.95,macd_bearish
20240519,,,,134290.0,135960.0,5177244.0,695233125810.0,9485.0,147218.0,146802.0,144443.5,142591.1892038962,144772.3174864842,-2181.1282825879753,-737.016576204654,29.606231144054362,,4473308.3,"rsi_oversold,macd_bearish"
20240520,,,,134290.0,135960.0,0.0,0.0,0.0,146157.0,146768.0,144462.45,141314.08317252755,143995.8495245224,-2681.7663519948546,-1125.9665313626942,29.606231144054362,,3791380.3,"trend_down,rsi_oversold,macd_bearish"
20240521,,,,134050.0,134470.0,3718778.0,498487202430.0,4805.0,145099.5,146562.8,144476.55,140196.53191521563,143259.11993011335,-3062.5880148977158,-1513.2908280696986,29.31271991103172,,3570360.4,"trend_down,rsi_oversold,macd_bearish"
20240525,,,,129680.0,128700.0,5117472.0,663643214110.0,8063.0,143928.5,146313.4,144477.1,138578.60392825937,142253.2591945494,-3674.655266290036,-1945.5637157137662,24.541792950826732,,3582568.65,"trend_down,rsi_oversold,macd_bearish"
20240526,,,,124660.0,124740.0,5481935.0,683358657430.0,5215.0,142473.0,145794.0,144455.2,136437.2802469887,140950.05480976796,-4512.774562779261,-2459.0058851268655,20.428496446084225,,3628957.75,"trend_down,rsi_oversold,macd_bearish"
20240527,,,,124570.0,127880.0,5336638.0,664760796800.0,7884.0,141035.5,145299.0,144458.4,134611.54482437504,139736.7174164518,-5125.172592076764,-2992.2392265168455,20.362603260476902,,3616550.45,"trend_down,rsi_oversold,macd_bearish"
20240528,,,,129130.0,129550.0,1383873.0,178697408750.0,1690.0,139994.5,144928.8,144476.1,133768.23023600967,138951.03464486278,-5182.804408853117,-3430.3522629841,32.28108903707961,,3488626.45,"trend_down,macd_bearish"
20240529,,,,133700.0,134290.0,1282586.0,171486324120.0,1362.0,139140.5,144690.2,144486.35,133757.73327662356,138562.06911561367,-4804.335838990111,-3705.1489781853024,41.69828109264871,,3274408.85,"trend_down,macd_bearish"
20240601,,,,135020.0,134000.0,6563185.0,886148115930.0,8407.0,138423.5,144456.2,144473.5,133951.928157143,138299.6936255682,-4347.765468425205,-3833.672276233283,44.11565612990396,,3435389.75,"trend_down,macd_bearish"
20240602,,,,133660.0,135990.0,4522010.0,604431664850.0,6310.0,137619.5,144190.2,144457.2,133907.01613296717,137956.01261626685,-4048.9964832996775,-3876.7371176465617,42.17534669394657,,3533517.1,"trend_down,macd_bearish"
20240605,,,,133920.0,133070.0,2536732.0,339716088940.0,4708.0,136870.0,143987.2,144441.3,133909.01365097222,137657.0487187656,-3748.0350677933893,-3850.9967076759276,42.694260821517595,,3487178.05,"trend_down,macd_bullish"
20240608,,,,129970.0,129900.0,3222378.0,418806781710.0,5170.0,136018.5,143714.2,144417.75,133303.01155082264,137087.63770256075,-3784.6261517381063,-3837.7225964883637,37.228326573972666,,3494621.45,"trend_down,macd_bullish"
20240609,,,,132690.0,134420.0,6507070.0,863445376210.0,7262.0,135330.0,143463.8,144396.8,133208.70208146534,136761.88676163033,-3553.1846801649954,-3780.81501322369,42.67115435680578,,3690018.25,"trend_down,macd_bullish"
20240610,,,,137970.0,137990.0,1467895.0,202527507100.0,1249.0,134954.5,143238.8,144435.6,133941.2094535476,136851.3766311392,-2910.1671775915893,-3606.68544609727,51.468202436797576,,3596839.95,macd_bullish
20240611,,,,139840.0,139180.0,8996126.0,1257989552710.0,8782.0,134722.5,142942.8,144462.95,134848.71569146338,137072.7561399437,-2224.040448480315,-3330.1564465738793,54.15157256164117,,3913198.45,"macd_bullish,volume_spike"
20240612,,,,137700.0,137600.0,4266680.0,587535740190.0,6059.0,134426.5,142602.6,144472.75,135287.37481585363,137119.21864809602,-1831.84383224239,-3030.4939237075814,50.69700748813343,,3975037.8,macd_bullish
20240615,,,,134020.0,132700.0,3671953.0,492114648610.0,5910.0,134109.0,142245.0,144476.55,135092.39407495307,136889.6468963852,-1797.2528214321355,-2783.845703252492,45.34043798283388,,3947375.7,"trend_down,macd_bullish"
20240616,,,,132500.0,132770.0,5003925.0,662996494270.0,5559.0,133679.5,141838.0,144473.05,134693.564217268,136564.48786702333,-1870.9236497553356,-2601.261292553061,43.30515648456441,,4064733.1,"trend_down,macd_bullish"
20240618,,,,134030.0,134030.0,3799551.0,509236940350.0,4809.0,133340.5,141460.2,144488.8,134591.47741461138,136376.7480250216,-1785.2706104102253,-2438.063156124494,45.93591021865068,,4079718.0,macd_bullish
20240619,,,,137910.0,139340.0,7098528.0,978979284480.0,6902.0,133180.0,141249.4,144525.4,135102.019350825,136490.3222453904,-1388.3028945653932,-2228.111103812674,52.01659730404872,,4257727.95,macd_bullish
20240622,,,,136970.0,136320.0,4560022.0,624604362050.0,5686.0,133314.0,141009.6,144554.65,135389.40098915962,136525.85393091702,-1136.452941757394,-2009.7794714016184,50.53371793604972,,4226866.85,macd_bullish
20240623,,,,135990.0,136190.0,2738763.0,372438253240.0,3658.0,133399.0,140826.0,144587.05,135481.80083698122,136486.16104714538,-1004.3602101641591,-1808.6956191541267,48.9664424477846,,4363805.0,macd_bullish
20240624,,,,140910.0,141420.0,6918875.0,974914038590.0,5521.0,133742.0,140712.4,144615.65,136316.90840052257,136813.8528214309,-496.9444209083158,-1546.3453795049645,56.295006094495434,,4523809.85,macd_bullish
20240626,,,,145990.0,146540.0,5604000.0,818148858840.0,5451.0,134557.5,140645.8,144622.4,137805.07633890372,137493.56742725082,311.50891165289795,-1174.774521273392,62.31283435217066,,4548136.25,macd_bullish
20240629,,,,144210.0,140810.0,10999498.0,1586238575440.0,11746.0,135535.0,140572.2,144562.6,138790.4492098416,137991.08095115816,799.3682586834475,-779.9459652820242,59.235115543677594,,4824014.4,"macd_bullish,volume_spike"
20240630,,,,138130.0,137310.0,6112775.0,844342945880.0,7713.0,136213.0,140530.6,144447.65,138688.84163909673,138001.37125107236,687.470388024376,-486.4626946207442,50.127658849201666,,4862821.25,macd_bullish
20240701,,,,139300.0,140310.0,4679366.0,651847607250.0,5015.0,136721.5,140565.8,144336.6,138782.86600231263,138097.56597321515,685.3000290974742,-252.11014987710053,51.66766555797738,,5027595.9,macd_bullish
20240702,,,,142100.0,141900.0,5355274.0,760975535340.0,5662.0,137141.5,140602.2,144240.9,139293.19430964914,138394.0425677918,899.1517418573494,-21.857771530210556,55.230547965739,,5231230.3,macd_bullish
20240703,,,,140920.0,141640.0,6274283.0,884177371470.0,5821.0,137436.5,140643.4,144135.95,139543.47210816466,138581.15052573313,962.3215824315266,174.97809926213688,53.442579766161124,,5216785.2,macd_bullish
20240706,,,,154800.0,155010.0,5740149.0,888550651800.0,3248.0,138493.5,140908.0,144082.35,141890.6302453701,139782.54678308623,2108.0834622838593,561.5991718664814,66.98251461561145,,5277692.15,macd_bullish
20240707,,,,151090.0,148000.0,11850635.0,1790472647000.0,12704.0,139352.0,140881.6,143978.45,143305.91789992855,140620.13591026503,2685.781989663519,986.4357354258889,61.80830930058711,,5743387.3,"macd_bullish,volume_spike"
20240708,,,,146520.0,144400.0,6951137.0,1018446234570.0,9016.0,140179.5,140701.8,143832.15,143800.3920691703,141057.16287987505,2743.2291892952635,1337.7944261997638,56.063334729532805,,5929825.25,macd_bullish
20240709,,,,143620.0,142290.0,4378593.0,628850596570.0,6037.0,140726.0,140470.2,143696.6,143772.63944314411,141247.00266655098,2525.6367765931354,1575.3628962784383,52.714905240791076,,5823401.4,"trend_up,macd_bullish"
20240710,,,,141320.0,141140.0,2972727.0,420118279480.0,4668.0,140893.5,140234.6,143559.6,143395.31029804502,141252.4098764361,2142.900421608909,1688.8704013445326,50.15630583493685,,5898643.0,"trend_up,macd_bullish"
20240713,,,,140530.0,140010.0,2162851.0,303942893580.0,4224.0,140928.0,139969.8,143427.1,142954.49332911504,141198.89803373715,1755.5952953778906,1702.2153801512045,49.271698898896034,,5556979.25,macd_bullish
20240714,,,,140760.0,141180.0,2544729.0,358184888580.0,3540.0,141081.0,139718.6,143298.7,142616.87897078964,141166.38706827513,1450.4919025145064,1651.8706846238651,49.55067409665433,,5470881.7,macd_bearish
20240717,,,,141840.0,141150.0,3597450.0,510253357220.0,4750.0,141472.0,139556.4,143174.0,142497.35912912968,141216.28432247697,1281.0748066527012,1577.7115090296325,50.915692623973634,,5467156.55,"trend_up,macd_bearish"
20240720,,,,138510.0,136750.0,3483185.0,482464706010.0,6144.0,141772.5,139311.0,143005.9,141883.91926310974,141015.81881710832,868.1004460014228,1435.7892964239907,46.71833745891642,,5391119.55,macd_bearish
20240721,,,,134060.0,134170.0,3406183.0,456628459490.0,5940.0,141774.0,139005.0,142822.6,140680.23937647746,140500.572978804,179.66639767345623,1184.5647166738838,41.76358159613428,,5371451.15,macd_bearish
20240722,,,,134920.0,134870.0,3566209.0,481144577130.0,4349.0,141624.5,138708.6,142659.2,139794.04870317323,140087.1972025963,-293.1484994230559,889.0220734544959,43.02126351961112,,5194835.2,macd_bearish
20240723,,,,138900.0,136710.0,5114682.0,710421483010.0,7004.0,141721.0,138508.4,142524.85,139656.5027488389,139999.25666907063,-342.7539202317421,642.6668747172483,48.55810884740906,,5222568.2,macd_bearish
20240724,,,,137300.0,136970.0,2303792.0,316317080180.0,3516.0,141786.5,138314.4,142393.45,139293.96386440215,139799.31173062095,-505.347866218799,413.0639265300389,46.59774765594412,,5200819.65,macd_bearish
20240727,,,,136680.0,136350.0,1934131.0,264362494460.0,3060.0,141575.0,138118.8,142282.45,138891.81557757105,139568.2516024268,-676.4360248557641,195.1639362528783,45.82570748035805,,4951582.45,macd_bearish
20240729,,,,133370.0,132100.0,3252624.0,433803064730.0,5736.0,140944.0,137876.6,142157.2,138042.30548871396,139109.1218540989,-1066.8163653849333,-57.23212407468401,41.8401490015784,,4834013.65,macd_bearish
20240730,,,,132420.0,133190.0,3993610.0,528814867340.0,5384.0,140354.5,137635.4,142025.05,137177.3354135272,138613.63134638785,-1436.2959328606375,-333.04488583187475,40.744849180589235,,4483719.25,macd_bearish
20240731,,,,125070.0,127450.0,6850089.0,856771951090.0,7967.0,139701.5,137264.4,141870.65,135314.6684268307,137610.39939480356,-2295.730967972864,-725.5821022600727,33.449062029871016,,4520584.95,macd_bearish
20240803,,,,119930.0,117580.0,5112259.0,613096157840.0,8044.0,138733.0,136855.6,141713.65,132947.79636116442,136300.74018037366,-3352.943819209235,-1251.0544456499051,29.47436233009529,,4542229.6,"rsi_oversold,macd_bearish"
20240804,,,,121420.0,122300.0,4106676.0,498651826740.0,4478.0,137699.0,136462.2,141560.25,131174.28922867758,135198.4631299756,-4024.173901298025,-1805.6783367795292,31.997007878018664,,4479799.7,macd_bearish
20240805,,,,120540.0,120000.0,2620061.0,315816375250.0,3815.0,136680.0,136056.8,141399.75,129538.24473195795,134112.6510462737,-4574.406314315755,-2359.4239322867743,31.28525377304021,,4297088.6,macd_bearish
20240806,,,,120150.0,120400.0,1894864.0,227672727860.0,2558.0,134947.5,135637.4,141267.75,128093.89938857981,133078.3805984016,-4984.481209821781,-2884.4353877937756,30.95659860446743,,4104824.35,"trend_down,macd_bearish"
20240810,,,,122120.0,122140.0,2396594.0,292669420150.0,3239.0,133499.0,135394.0,141182.0,127174.83794418292,132266.6487022237,-5091.810758040781,-3325.9104618431766,34.68887868611118,,3632122.3,"trend_down,macd_bearish"
20240811,,,,122800.0,123760.0,3040762.0,373409132680.0,3643.0,132313.0,135164.2,141085.35,126501.78595277015,131565.41546502194,-5063.629512251791,-3673.4542719249,35.97542702659173,,3436603.55,"trend_down,macd_bearish"
20240812,,,,120730.0,120380.0,4501598.0,543493520770.0,4729.0,131168.5,134897.8,140961.55,125613.8188831132,130762.79209724253,-5148.973214129335,-3968.5580603657872,33.793131685030474,,3442753.8,"trend_down,macd_bearish"
20240813,,,,118560.0,118500.0,2553627.0,302760452670.0,3217.0,130030.5,134675.4,140824.75,124528.61597801886,129858.88157152086,-5330.265593502001,-4240.89956699303,31.6272110620246,,3421798.8,"trend_down,macd_bearish"
20240814,,,,120930.0,120930.0,669169.0,80922607170.0,724.0,129050.5,134600.8,140720.65,123974.98275063134,129197.4829365934,-5222.500185962053,-4437.219690786835,36.420201253319064,,3347114.7,"trend_down,macd_bearish"
20240817,,,,123340.0,123340.0,767287.0,94637178580.0,703.0,128179.5,134576.2,140627.05,123877.29309668805,128763.59531166055,-4886.3022149725,-4527.0361956239685,40.953077789083686,,3258242.6,"trend_down,macd_bearish"
20240818,,,,125800.0,125800.0,260809.0,32809772200.0,516.0,127377.5,134509.6,140517.05,124173.09415873604,128544.06973301902,-4370.975574282973,-4495.82407135577,45.24435333228046,,3091410.55,"trend_down,macd_bullish"
20240819,,,,127250.0,125300.0,5600532.0,712659353200.0,5490.0,126814.5,134380.6,140395.65,124646.46428816127,128448.21271575835,-3801.7484275970783,-4357.008942604032,47.65897417406738,,3197277.9,macd_bullish
20240820,,,,125920.0,125820.0,2490727.0,313622872680.0,2910.0,126407.5,134198.6,140290.85,124842.39285921337,128260.93769977624,-3418.5448405628704,-4169.3161221958,45.669604008382606,,3151505.1,"trend_down,macd_bullish"
20240821,,,,127020.0,127550.0,2849281.0,361925565250.0,3922.0,126012.5,134065.8,140173.7,125177.40934241132,128169.01638868172,-2991.6070462703938,-3933.774307010719,47.617141521257665,,3115658.7,macd_bullish
20240824,,,,129440.0,129560.0,1692452.0,219065588310.0,1624.0,125539.5,133976.2,140059.6,125833.19252050189,128263.16332285343,-2429.9708023515414,-3633.0136060788836,51.717658799518595,,2944547.2,macd_bullish
20240826,,,,129940.0,129300.0,4392735.0,570788613120.0,4361.0,125171.5,133975.6,139969.95,126465.00905580929,128387.37344708652,-1922.364391277224,-3290.883763118552,52.54422537804072,,3048994.35,macd_bullish
20240827,,,,130640.0,131640.0,3460392.0,452074236950.0,3725.0,124869.5,133934.6,139894.35,127107.31535491557,128554.23467322826,-1446.9193183126918,-2922.09087415738,53.73827952007375,,3125307.4,macd_bullish
20240828,,,,132990.0,133250.0,2885525.0,383758028360.0,2383.0,124850.5,133835.0,139830.2,128012.34376185163,128882.80988261876,-870.4661207671306,-2511.76592347933,57.59571933399105,,3106952.45,macd_bullish
20240831,,,,135640.0,135640.0,404830.0,54911141200.0,717.0,125011.5,133751.0,139823.2,129185.82933695138,129383.34248390625,-197.51314695486508,-2048.9153681744374,61.49477747347299,,2927513.45,macd_bullish
20240901,,,,137360.0,137140.0,6693549.0,919431601120.0,4892.0,125626.0,133744.2,139806.8,130443.39405434349,129974.2060036169,469.1880507265887,-1545.2946843942323,63.82010719598387,,2919686.45,"macd_bullish,volume_spike"
20240903,,,,136710.0,137360.0,3957413.0,541011058300.0,4541.0,126465.0,133798.0,139768.2,131407.4872767522,130473.15370705268,934.3335696995055,-1049.3690335754848,62.28920554936946,,2861944.15,macd_bullish
20240907,,,,136540.0,136350.0,4351120.0,594118211120.0,4512.0,127221.0,133878.8,139745.0,132197.10461879033,130922.54972875248,1274.554890037849,-584.5842488528181,61.87118422435122,,2874166.35,macd_bullish
20240908,,,,134910.0,135220.0,2619217.0,353352993800.0,3998.0,127939.5,133896.4,139726.75,132614.47313897643,131217.91641551154,1396.5567234648915,-188.35605438927615,57.86159904871555,,2874124.15,macd_bullish
20240909,,,,138010.0,138310.0,6132818.0,846401033290.0,5422.0,128832.5,133898.4,139693.45,133444.5541945185,131721.03371806623,1723.5204764522787,194.01925177903485,62.7992610181296,,3086021.85,macd_bullish
20240910,,,,137610.0,136720.0,2986869.0,411037298630.0,4698.0,129607.0,133911.2,139653.1,134085.39201074644,132157.25344265392,1928.138568092516,540.8431150417312,61.79310278008199,,3115535.6,macd_bullish
20240911,,,,137200.0,136500.0,3484357.0,478062139580.0,5263.0,130327.0,133935.4,139599.1,134564.5624706316,132530.79022467954,2033.7722459520446,839.4289412237938,60.71924524849371,,3137715.35,macd_bullish
20240914,,,,134740.0,133150.0,3568228.0,480772560900.0,6057.0,131027.5,133812.0,139522.9,134591.5528597652,132694.4353932218,1897.1174665433937,1050.966646287714,54.589382123320355,,3091046.85,macd_bullish
20240915,,,,131610.0,130790.0,4158646.0,547338179010.0,5327.0,131680.0,133524.4,139440.55,134132.85241980132,132614.10684557573,1518.7455742255843,1144.522431875288,47.955647611198664,,3171297.8,"trend_down,macd_bullish"
20240916,,,,132190.0,131690.0,3288390.0,434695226620.0,3956.0,132243.0,133284.0,139363.85,133833.9520475242,132582.69152368122,1251.2605238429678,1165.8700502688241,49.18786044996668,,3302258.85,"trend_down,macd_bullish"
20240917,,,,134750.0,135980.0,6173228.0,831870548870.0,5535.0,132813.5,133216.4,139303.75,133974.88250175124,132743.23289229744,1231.6496094538015,1179.0259621058196,54.32782868300178,,3572555.9,macd_bullish
20240918,,,,134830.0,133970.0,5090494.0,686327154840.0,6254.0,133265.0,133127.0,139241.95,134106.43903994336,132897.80823360875,1208.6308063346078,1184.9469309515773,54.48278288563602,,3814040.15,"trend_up,macd_bullish"
20240922,,,,133600.0,133320.0,3165385.0,422905242200.0,4449.0,133582.5,132957.0,139186.65,134028.52534149052,132949.82243852664,1078.7029029638798,1163.698125354038,51.58494250963082,,3692282.8,"trend_up,macd_bearish"
20240923,,,,135790.0,136330.0,5488137.0,745239539230.0,5949.0,134076.0,132854.4,139147.8,134299.52144279965,133160.20596159872,1139.3154812009307,1158.8215965234167,56.06561700499083,,3842153.3,"trend_up,macd_bearish"
20240924,,,,138710.0,138950.0,11104583.0,1540266515640.0,7849.0,134660.5,132532.6,139131.1,134978.05660544586,133571.3018162951,1406.7547891507566,1208.4082350488848,61.2191356085354,,4254918.4,"trend_up,macd_bullish,volume_spike"
20240925,,,,137440.0,136040.0,11328229.0,1556948752540.0,10126.0,135060.5,132259.6,139106.5,135356.81712768495,133857.87205212508,1498.9450755598664,1266.515603151081,58.03080419278458,,4736707.25,"trend_up,macd_bullish,volume_spike"
20240928,,,,136070.0,136070.0,2093284.0,284833153880.0,210.0,135367.0,132050.6,139083.65,135466.53756957955,134021.7333815973,1444.8041879822558,1302.173320117316,54.72006910223841,,4621734.7,"trend_up,macd_bullish"
20240929,,,,134710.0,134710.0,2734327.0,368341190170.0,712.0,135570.5,131872.4,139050.35,135350.14717425962,134072.71609407157,1277.4310801880492,1297.2248721314627,51.57446816409804,,4585431.45,macd_bearish
20240930,,,,133440.0,133370.0,5281567.0,704768415620.0,3269.0,135593.0,131714.8,139005.1,135056.2783782197,134025.84823525144,1030.4301429682528,1243.8659262988208,48.755868587868875,,4705233.55,macd_bearish
20241001,,,,132110.0,132110.0,2619580.0,346072713800.0,889.0,135416.5,131546.4,138957.35,134603.00478157052,133883.93355115873,719.0712304117915,1138.906987121415,45.925241390504816,,4815971.05,macd_bearish
20241002,,,,130790.0,130790.0,1288186.0,168481846940.0,434.0,135088.0,131347.0,138904.25,134016.3886613289,133654.75328810993,361.63537321897456,983.4526643409271,43.24194892937834,,4545702.9,macd_bearish
20241005,,,,129500.0,129490.0,2499124.0,323626458070.0,1771.0,134727.5,131100.2,138846.6,133321.55963650908,133346.99378528696,-25.434148777887458,781.6753017171642,40.736960918513454,,4472788.45,macd_bearish
20241006,,,,128210.0,128210.0,140262.0,17982991020.0,271.0,134311.0,130894.2,138778.1,132535.1658462769,132966.47572711756,-431.3098808406503,539.0782652056013,38.34479397803911,,4262245.55,macd_bearish
20241007,,,,126970.0,126930.0,4593072.0,583171975000.0,4280.0,133914.0,130752.4,138687.6,131678.98648531124,132522.29233992368,-843.3058546124375,262.6014412419935,36.14745413126636,,4360938.3,macd_bearish
20241008,,,,127570.0,127440.0,4117644.0,525280818420.0,4968.0,133392.0,130605.4,138583.8,131046.83471834028,132155.4558702997,-1108.6211519594071,-11.643077398286636,37.99887287361619,,4260179.6,macd_bearish
20241009,,,,126950.0,126480.0,2680969.0,340339788910.0,3724.0,132859.0,130366.4,138476.9,130416.55245398024,131769.8665465738,-1353.314092593544,-279.97728043733815,36.811108071897905,,4244884.6,macd_bearish
20241012,,,,129610.0,130600.0,5056723.0,655394634690.0,5408.0,132479.5,130212.6,138417.2,130292.46746106021,131609.87643201277,-1317.4089709525579,-487.46361854038213,44.785338498201,,4323502.9,macd_bearish
20241013,,,,128950.0,128580.0,3710152.0,478436049960.0,5195.0,132190.0,130058.0,138350.25,130085.93400551248,131412.84854815996,-1326.914542647486,-655.3538033618029,43.3244141658696,,4330599.1,macd_bearish
20241014,,,,125450.0,125090.0,4291077.0,538300133860.0,3882.0,131882.0,129899.6,138261.15,129372.71338927979,130971.15606311106,-1598.442673831276,-843.9715774556976,36.52078337098566,,4337220.65,macd_bearish
20241015,,,,121850.0,121690.0,4516200.0,550288662550.0,4670.0,131365.0,129688.2,138158.0,128215.37286785213,130295.51487325098,-2080.142005398855,-1091.205663044329,31.109288431753612,,4398611.15,macd_bearish
20241016,,,,122890.0,122750.0,2486384.0,305547813550.0,3755.0,130772.0,129644.6,138059.85,127396.08473433641,129746.95821597314,-2350.8734816367214,-1343.1392267628075,34.14513993975439,,4214268.95,macd_bearish
20241019,,,,119520.0,119220.0,4815863.0,575574239680.0,4214.0,130006.5,129636.4,137941.75,126184.37939059235,128989.40575553068,-2805.026364938327,-1635.5166543979115,29.59414005658944,,4200537.4,"rsi_oversold,macd_bearish"
20241020,,,,116160.0,115940.0,4292129.0,498584659940.0,3909.0,129134.5,129531.2,137810.25,124642.16717665507,128039.07940326915,-3396.9122266140766,-1987.7957688411445,25.889129608653036,,4256874.6,"trend_down,rsi_oversold,macd_bearish"
20241021,,,,117200.0,117170.0,3358647.0,393633910650.0,4037.0,128205.0,129464.4,137690.6,123497.2183802466,127236.18463265663,-3738.9662524100277,-2338.0298655549213,28.857982211344307,,4150400.1,"trend_down,rsi_oversold,macd_bearish"
20241022,,,,116630.0,115400.0,3236500.0,377473494220.0,4204.0,127101.0,129394.0,137562.4,122440.72324482404,126450.54132653392,-4009.8180817098764,-2672.3875087859124,28.19140622823967,,3756995.95,"trend_down,rsi_oversold,macd_bearish"
20241023,,,,113270.0,113160.0,3219228.0,364656937870.0,3860.0,125892.5,129217.0,137400.7,121029.84274562034,125474.20493197584,-4444.362186355502,-3026.7824442998303,24.586242691903166,,3351545.9,"trend_down,rsi_oversold,macd_bearish"
20241026,,,,116660.0,116660.0,1087761.0,126898198260.0,692.0,124922.0,129094.2,137241.2,120357.55924629413,124821.30086294058,-4463.741616646454,-3314.1742787691555,33.78649824648254,,3301269.75,"trend_down,macd_bearish"
20241027,,,,120150.0,120150.0,441422.0,53036853300.0,501.0,124194.0,129082.6,137106.05,120325.62705455658,124475.27857679683,-4149.651522240252,-3481.2697274633747,41.67531912528235,,3186624.5,"trend_down,macd_bearish"
20241028,,,,123710.0,123750.0,9834357.0,1216655382960.0,3406.0,123707.5,129185.6,136988.9,120846.29981539404,124418.59127481189,-3572.2914594178437,-3499.4740738542687,48.42542316121235,,3414264.0,"macd_bearish,volume_spike"
20241029,,,,121390.0,120000.0,5767235.0,700092876900.0,5763.0,123171.5,129194.8,136866.05,120929.9459976411,124194.25118038138,-3264.3051827402815,-3452.4402956314716,44.78762345299232,,3571646.75,"trend_down,macd_bullish"
20241030,,,,122840.0,123770.0,6895826.0,847101014330.0,5766.0,122774.0,129184.8,136751.55,121223.80045954246,124093.9362781309,-2870.1358185884455,-3335.979400222867,47.44494759722499,,3852028.75,macd_bullish
20241102,,,,122980.0,120730.0,5735036.0,705319380120.0,6266.0,122448.0,129128.4,136647.55,121493.98500422823,124011.42247975084,-2517.4374755226017,-3172.271015282814,47.7066449415495,,4013824.35,macd_bullish
20241103,,,,119310.0,119300.0,3680647.0,439120428380.0,1932.0,122003.0,128969.6,136523.4,121157.98731127006,123663.16896273226,-2505.181651462204,-3038.853142518692,41.82684367813001,,4190843.6,"trend_down,macd_bullish"
20241104,,,,117510.0,118510.0,3168291.0,372305114760.0,3844.0,121530.0,128801.4,136386.35,120596.75849415158,123207.37866919654,-2610.6201750449545,-2953.2065490239447,39.27037793628037,,4119604.55,"trend_down,macd_bullish"
20241105,,,,119140.0,119780.0,3540398.0,421795977340.0,3755.0,121108.5,128643.8,136263.0,120372.64180274364,122906.09136036717,-2533.4495576235204,-2869.25515074386,42.686560998738074,,4090742.25,"trend_down,macd_bullish"
20241106,,,,119520.0,121200.0,5448507.0,651179808730.0,5527.0,120737.0,128445.4,136143.15,120241.46614078309,122655.26977811774,-2413.803637334655,-2778.1648480620197,43.48471583210589,,4229119.15,"trend_down,macd_bullish"
20241109,,,,123100.0,123100.0,3230574.0,397683659400.0,1168.0,120411.5,128308.6,136047.85,120681.24058066262,122688.21275751642,-2006.9721768538002,-2623.926313820376,50.48127127024888,,4137811.7,macd_bullish
20241110,,,,126790.0,126790.0,2686279.0,340593314410.0,835.0,120303.5,128231.6,135971.1,121621.04972209914,122992.04884955224,-1370.9991274531058,-2373.340876546922,56.463946709368614,,4086618.05,macd_bullish
20241111,,,,129750.0,128300.0,13445977.0,1744671006320.0,5825.0,120518.5,128166.8,135908.55,122871.65745716082,123492.63782365949,-620.9803664986684,-2022.8687745372713,60.578383658824194,,4544363.05,"macd_bullish,volume_spike"
20241112,,,,130390.0,129030.0,14785057.0,1927895440920.0,9524.0,120945.5,128061.8,135848.1,124028.32554067454,124003.55354042546,24.77200024908234,-1613.3406195800005,61.42720331858736,,5057805.9,"macd_bullish,volume_spike"
20241113,,,,131880.0,132800.0,10120057.0,1334633303200.0,7355.0,121395.0,127952.2,135786.65,125236.27545749384,124586.99401891246,649.2814385813836,-1160.8162079477238,63.40289302072635,,5439489.55,macd_bullish
20241116,,,,135830.0,135830.0,4017903.0,545743191970.0,1671.0,122210.5,127934.6,135741.7,126866.07923326403,125419.8092767708,1446.2699564932263,-639.3989750595338,68.07172808703552,,5399591.55,macd_bullish
20241117,,,,138080.0,136700.0,17720012.0,2446831159070.0,10007.0,123306.5,127965.4,135700.6,128591.29781276187,126357.60118219518,2233.6966305666865,-64.77985393428975,70.38903938515064,,6070985.7,"rsi_overbought,macd_bullish,volume_spike"
20241118,,,,141180.0,142220.0,10993728.0,1552091096380.0,5729.0,124505.5,128090.8,135664.75,130528.02122618312,127455.55665018073,3072.464576002385,562.6690320530452,73.26781181324668,,6452739.75,"rsi_overbought,macd_bullish"
20241119,,,,141950.0,138850.0,14874719.0,2111424623750.0,10194.0,125771.5,128169.6,135623.0,132285.24872984726,128529.21912053772,3756.0296093095385,1201.341147504344,73.94538043988501,,7034650.7,"rsi_overbought,macd_bullish,volume_spike"
20241120,,,,138680.0,137920.0,10418642.0,1444808530000.0,7392.0,127042.0,128191.0,135577.7,133269.05661756307,129281.1288153127,3987.9278022503713,1758.6584784535496,66.26401802151477,,7394621.4,macd_bullish
20241123,,,,141110.0,141560.0,11850083.0,1672188623490.0,8694.0,128264.5,128269.2,135554.45,134475.35559947643,130157.3414956599,4318.014103816531,2270.5296035261463,68.85331708642963,,7932737.5,macd_bullish
20241124,,,,144980.0,145340.0,11299926.0,1638228335820.0,5970.0,129506.0,128474.0,135549.15,136091.4547380185,131255.3161996851,4836.138538333413,2783.6513904875997,72.47643832003968,,8475662.7,"trend_up,rsi_overbought,macd_bullish"
20241125,,,,148940.0,149320.0,8654684.0,1289025767350.0,4541.0,130767.5,128820.6,135595.95,138068.1540090926,132565.2927774862,5502.861231606395,3327.493358711359,75.60369815489598,,8416679.05,"trend_up,rsi_overbought,macd_bullish"
20241126,,,,149360.0,145300.0,27502568.0,4107899075000.0,16926.0,132166.0,129164.0,135654.45,139805.3610846168,133809.3451643391,5996.015920277714,3861.1978710246303,75.91625011737932,,9503445.7,"trend_up,rsi_overbought,macd_bullish,volume_spike"
20241127,,,,149650.0,150750.0,27597790.0,4130047875550.0,15283.0,133506.5,129462.0,135714.6,141319.9209177527,134982.72700401768,6337.193913735013,4356.397079566707,76.14351797818269,,10538543.9,"trend_up,rsi_overbought,macd_bullish,volume_spike"
20241130,,,,147700.0,145170.0,17940713.0,2649787461700.0,12621.0,134742.5,129719.4,135781.05,142301.47154579076,135924.7472259423,6376.724319848465,4760.462527623059,71.27315639610765,,11148827.75,"trend_up,rsi_overbought,macd_bullish"
20241201,,,,145560.0,144800.0,7610452.0,1107744533710.0,7205.0,136055.0,129958.6,135827.7,142802.78361566912,136638.46965365027,6164.313962018845,5041.232814502217,66.26394456984784,,11345318.0,"trend_up,macd_bullish"
20241202,,,,149680.0,149920.0,7743014.0,1158985703760.0,3516.0,137663.5,130236.4,135891.8,143860.81690556617,137604.50893856506,6256.307967001107,5284.247845001995,70.55464613605125,,11574054.15,"trend_up,rsi_overbought,macd_bullish"
20241203,,,,152480.0,151920.0,20509958.0,3127335824540.0,14185.0,139330.5,130511.8,135975.15,145186.8450739406,138706.397165338,6480.447908602597,5523.487857722115,73.06215435923204,,12422532.15,"trend_up,rsi_overbought,macd_bullish"
20241204,,,,154020.0,153880.0,19183509.0,2954710141850.0,12839.0,141055.5,130843.4,136074.85,146545.79198564205,139840.73811605372,6705.05386958833,5759.8010600953585,74.35564911276109,,13109282.25,"trend_up,rsi_overbought,macd_bullish"
20241207,,,,150600.0,149400.0,16734179.0,2520129033340.0,9970.0,142430.5,131134.0,136168.65,147169.51629554326,140637.7204778275,6531.795817715756,5914.200011619439,66.6962722050854,,13784462.5,"trend_up,macd_bullish"
20241208,,,,148030.0,149940.0,13694649.0,2027274149630.0,10879.0,143492.5,131400.4,136240.0,147301.89840392122,141185.29673872917,6116.601665192051,5954.680342333962,61.56412741038455,,14334881.0,"trend_up,macd_bullish"
20241209,,,,152390.0,152470.0,7042612.0,1073257227530.0,2959.0,144624.5,131779.4,136329.45,148084.68326485643,142015.27475808258,6069.408506773849,5977.625975221939,66.30158048915096,,14014712.75,"trend_up,macd_bullish"
20241210,,,,154150.0,153200.0,21198031.0,3267781045970.0,13565.0,145812.5,132220.2,136431.7,149017.80891641698,142914.1432945209,6103.665621896071,6002.833904556765,68.01538082124938,,14335361.45,"trend_up,macd_bullish"
20241211,,,,156720.0,158770.0,26416166.0,4140048916440.0,27241.0,147054.5,132738.8,136546.3,150202.76139081435,143936.7993467786,6265.962044035754,6055.4595324525635,70.38393429452817,,15150166.9,"trend_up,rsi_overbought,macd_bullish"
20241214,,,,161420.0,161420.0,2475053.0,399523055260.0,1537.0,148334.0,133377.2,136686.65,151928.49040761215,145231.8512470172,6696.639160594932,6183.695458081037,74.15351402527051,,15073024.4,"trend_up,rsi_overbought,macd_bullish"
20241215,,,,166260.0,166260.0,3148707.0,523504025820.0,1372.0,149743.0,134138.2,136850.75,154133.33803721028,146789.4918953863,7343.846141823975,6415.725594829625,77.35060091676884,,14344459.15,"trend_up,rsi_overbought,macd_bullish"
20241216,,,,171240.0,171240.0,3784172.0,648001613280.0,1933.0,151246.0,135023.6,137037.55,156765.13218533178,148600.64064387622,8164.491541455558,6765.478784154812,80.0807954343691,,13983981.35,"trend_up,rsi_overbought,macd_bullish"
20241217,,,,174640.0,169980.0,53812349.0,9397890327600.0,22398.0,152880.5,135965.0,137247.4,159515.1118491269,150529.48207766315,8985.629771463748,7209.5089816166,81.70246974741522,,15930862.85,"trend_up,rsi_overbought,macd_bullish,volume_spike"
20241218,,,,178110.0,179870.0,21372584.0,3806568506510.0,9895.0,154852.0,136988.2,137478.05,162375.86387233814,152572.48340524366,9803.380467094481,7728.283278712176,83.2052657247741,,16478559.95,"trend_up,rsi_overbought,macd_bullish"
20241221,,,,178110.0,179870.0,0.0,0.0,0.0,156702.0,137958.2,137718.65,164796.50019967073,154464.15130115155,10332.34889851918,8249.096402673578,83.2052657247741,,15886055.8,"trend_up,rsi_overbought,macd_bullish"
20241222,,,,178110.0,179870.0,0.0,0.0,0.0,158358.5,138941.4,137969.0,166844.73093818294,156215.6956492144,10629.035288968531,8725.08417993257,83.2052657247741,,15321059.5,"trend_up,rsi_overbought,macd_bullish"
20241223,,,,159570.0,159570.0,0.0,0.0,0.0,158890.0,139623.8,138117.15,165725.5415630779,156464.16263816148,9261.378924916411,8832.343128929338,53.747485997906686,,14888325.3,"trend_up,macd_bullish"
20241224,,,,190660.0,195200.0,42970509.0,8192781055060.0,26900.0,160955.0,141000.0,138414.2,169561.61209183512,158997.18762792728,10564.424463907839,9178.759395925039,71.78622240953945,,15661722.35,"trend_up,rsi_overbought,macd_bullish,volume_spike"
20241225,,,,189820.0,189830.0,34972480.0,6638337493860.0,23307.0,162963.5,142338.6,138714.05,172678.28715462974,161280.35891474748,11397.928239882254,9622.593164716483,70.98074278968943,,16030456.85,"trend_up,rsi_overbought,macd_bullish,volume_spike"
20241228,,,,184420.0,184130.0,12101110.0,2231731611100.0,7337.0,164799.5,143636.6,138991.15,174484.70451545593,162994.40640254394,11490.298112911987,9996.134154355585,65.86435934220563,,15738476.7,"trend_up,macd_bullish"
20241229,,,,178910.0,178890.0,5814611.0,1040293486020.0,2861.0,166467.0,144891.6,139247.65,175165.5192053858,164173.33926161475,10992.179943771043,10195.343312238678,61.03031448902544,,15648684.65,"trend_up,macd_bullish"
20241230,,,,173820.0,173550.0,20980609.0,3646794027120.0,11362.0,167674.0,146024.0,139489.25,174958.51625071105,164887.90672371737,10070.609526993678,10170.396555189678,56.87741944990695,,16310564.4,"trend_up,macd_bearish"
20241231,,,,176570.0,178200.0,23897389.0,4219537727770.0,16143.0,168878.5,147222.8,139737.35,175206.4368275247,165753.246966405,9453.189861119725,10026.955216375687,58.51969811230968,,16479935.95,"trend_up,macd_bearish"
20250101,,,,179120.0,181110.0,16242842.0,2909440036100.0,15805.0,170133.5,148539.8,139988.2,175808.52346944396,166743.37682074535,9065.146648698603,9834.593502840271,60.03942654944049,,16332902.6,"trend_up,macd_bearish"
20250104,,,,184290.0,184490.0,6609234.0,1218020659530.0,3259.0,171818.0,149892.4,140229.7,177113.36601260642,168043.12668587535,9070.239326731069,9681.722667618431,62.999274283412745,,15826655.35,"trend_up,macd_bearish"
20250105,,,,184010.0,180900.0,31297619.0,5759111116820.0,20030.0,173617.0,151169.6,140428.2,178174.3866260516,169225.85804247716,8948.528583574429,9535.083850809631,62.72828429976728,,16706803.85,"trend_up,macd_bearish"
20250106,,,,180240.0,180860.0,13612302.0,2453454843370.0,11210.0,175009.5,152300.2,140618.65,178492.17329896675,170041.72040970105,8450.452889265696,9318.157658500844,59.045530204970646,,17035288.35,"trend_up,macd_bearish"
20250107,,,,184520.0,185640.0,21732278.0,4010141752800.0,13276.0,176528.0,153562.8,140788.1,179419.53125297188,171114.185564538,8305.345688433881,9115.595264487452,61.78832012530138,,17062000.7,"trend_up,macd_bearish"
20250108,,,,184470.0,182980.0,18990127.0,3503106164310.0,15810.0,177915.5,154795.4,140963.85,180196.52644482235,172103.50515235,8093.0212924723455,8911.080470084431,61.73630342760034,,16690698.75,"trend_up,macd_bearish"
20250111,,,,179730.0,178940.0,9999607.0,1797259689540.0,8140.0,178831.0,155930.4,141124.3,180124.7531456189,172668.43069662037,7456.322448998515,8620.128865867247,56.850212937119736,,17066926.45,"trend_up,macd_bearish"
20250112,,,,174340.0,174340.0,4623499.0,806063892190.0,2677.0,179235.0,157031.0,141267.85,179234.79112321598,172792.25064501885,6442.54047819713,8184.611188333224,51.82710045655723,,17140666.05,macd_bearish
20250113,,,,174250.0,174620.0,11944243.0,2081305524260.0,13509.0,179385.5,158165.8,141405.5,178467.90018118275,172900.23207872116,5567.668102461583,7661.222571158896,51.744886287434745,,17548669.6,macd_bearish
20250115,,,,174400.0,171600.0,7372279.0,1285700692000.0,9881.0,179373.5,159271.0,141542.7,177842.0693840777,173011.32599881588,4830.743385261827,7095.126733979482,51.88188981674997,,15226666.1,macd_bearish
20250118,,,,169300.0,169170.0,4464273.0,755796541210.0,3445.0,178933.0,160266.6,141668.85,176527.90486345036,172736.41296186656,3791.491901583795,6434.399767500345,46.996313473577075,,14381250.55,macd_bearish
20250119,,,,168790.0,170100.0,10607867.0,1790503675990.0,9314.0,178467.0,161180.4,141794.7,175337.45796138106,172444.08607580236,2893.371885578701,5726.194191116016,46.52450422020374,,14911643.9,macd_bearish
20250120,,,,166500.0,163730.0,8930572.0,1486966947610.0,7607.0,177886.5,161974.6,141901.15,173977.84904424552,172003.7834035207,1974.065640724817,4975.768481037776,44.37049799086111,,15358172.5,macd_bearish
20250121,,,,167100.0,170100.0,12462184.0,2082465236330.0,11399.0,178263.0,162721.6,141990.55,172919.7184220539,171640.5401884451,1279.1782336088072,4236.450431551983,45.08785290494879,,15981281.7,macd_bearish
20250122,,,,171990.0,172110.0,8737065.0,1502654682410.0,5865.0,177329.5,163553.6,142077.3,172776.684818661,171666.42610041212,1110.2587182488642,3611.212088891359,50.670935779731394,,14269609.5,macd_bearish
20250125,,,,173510.0,173480.0,14119063.0,2449751533700.0,12002.0,176514.0,164386.2,142171.3,172889.50253886697,171802.98713001123,1086.5154088557465,3106.2727528842365,52.29458692145955,,13226938.65,macd_bearish
20250126,,,,170060.0,168310.0,14495103.0,2465009981870.0,12760.0,175796.0,165070.8,142262.1,172454.19445596437,171673.8769722326,780.3174837317783,2641.081699053745,48.40054777887747,,13346638.3,macd_bearish
20250127,,,,166420.0,164970.0,7527429.0,1252696618220.0,9884.0,175171.5,165637.6,142329.95,171525.85684735447,171284.70090021536,241.15594713910832,2161.096548670818,44.62492941294991,,13432279.2,macd_bearish
20250129,,,,167170.0,166890.0,7464287.0,1247800345970.0,7712.0,174839.0,166157.4,142401.2,170855.72502468454,170979.90824094013,-124.18321625559474,1704.0405956855354,45.56713050982246,,12756463.1,macd_bearish
20250201,,,,162640.0,163000.0,7215182.0,1173473305330.0,7775.0,174142.5,166571.2,142472.15,169591.76732857924,170362.13726012976,-770.3699315505219,1209.158490238324,41.026507151743694,,11922352.75,macd_bearish
20250202,,,,164460.0,163780.0,7433260.0,1222465023790.0,7690.0,173409.5,167086.8,142549.65,168802.26466264398,169924.94190752757,-1122.6772448835836,742.7913432139426,43.46401827112893,,11481873.65,macd_bearish
20250203,,,,163800.0,164770.0,5565327.0,911610434570.0,6426.0,172385.0,167540.6,142642.8,168032.68548377568,169471.24250696998,-1438.5570231942984,306.52166993229446,42.77358355135558,,11429678.3,macd_bearish
20250204,,,,167120.0,167630.0,8559385.0,1430405224650.0,7055.0,171540.5,167983.4,142745.45,167892.27233242558,169297.0763953426,-1404.8040629170137,-35.74347663756717,47.30795057360013,,10292766.6,macd_bearish
20250205,,,,170140.0,172130.0,22749048.0,3870433326540.0,11023.0,171035.5,168407.4,142849.55,168238.0765889755,169359.51518087275,-1121.4385918972548,-252.88249968950473,51.10331172103746,,10749603.9,"macd_bearish,volume_spike"
20250209,,,,173830.0,171230.0,19537881.0,3396346729090.0,9452.0,170501.0,168896.8,142979.25,169098.3724983639,169690.6622045118,-592.2897061479161,-320.76394098118703,55.33647588579853,,10639884.05,"trend_up,macd_bearish"
20250211,,,,172880.0,171000.0,24748198.0,4278432795600.0,17739.0,169921.5,169361.4,143142.6,169680.16134476947,169926.90944862206,-246.74810385258752,-305.96077355546714,54.039362897865914,,10927787.6,"trend_up,macd_bullish,volume_spike"
20250215,,,,167720.0,167700.0,3522974.0,590863307210.0,1356.0,169321.0,169761.8,143293.5,169378.5980609588,169763.43467465005,-384.8366136912664,-321.735941582627,47.52332094573464,,10603955.95,"trend_down,macd_bearish"
20250216,,,,163350.0,165010.0,13110146.0,2141569676590.0,8721.0,168771.5,170117.6,143408.85,168451.12143619588,169288.3654394908,-837.2440032949089,-424.8375539250834,42.814805047989566,,11028288.3,"trend_down,macd_bearish"
20250217,,,,165430.0,163950.0,8312315.0,1375107307520.0,6988.0,168330.5,170432.6,143541.7,167986.33352293496,169002.5605921211,-1016.227069186134,-543.1154569772935,45.57864682412027,,10846691.9,"trend_down,macd_bearish"
20250218,,,,167670.0,169030.0,8573617.0,1437563252330.0,6994.0,167994.0,170736.4,143672.2,167937.66682709882,168903.85240011214,-966.1855730133248,-627.7294801844998,48.46721455486754,,10906758.8,"trend_down,macd_bearish"
20250219,,,,166600.0,164390.0,5327111.0,887492439150.0,6779.0,167859.0,170988.0,143743.15,167731.87193062206,168733.1966667705,-1001.3247361484391,-702.4485313772877,47.179016771386706,,10949900.7,"trend_down,macd_bearish"
20250222,,,,162040.0,161610.0,7968881.0,1291259593380.0,6664.0,167521.5,171216.8,143775.8,166856.19932591097,168237.40432108377,-1381.2049951727968,-838.1998241363897,42.04966193817047,,10817951.4,"trend_down,macd_bearish"
20250223,,,,166180.0,166900.0,8767503.0,1456940342260.0,8823.0,167505.5,171579.8,143830.7,166752.1686603862,168085.0040010035,-1332.8353406172828,-937.1269274325683,47.61789014928896,,10809797.95,"trend_down,macd_bearish"
20250224,,,,170860.0,171160.0,5318669.0,908767020460.0,2790.0,167693.5,171949.2,143919.5,167384.14271263446,168290.5592601884,-906.4165475539339,-930.9848514568415,53.10357647800819,,10452622.2,macd_bullish
20250225,,,,175010.0,172760.0,17771953.0,3110234245790.0,13332.0,167844.5,172366.4,144025.7,168557.3515260753,168788.29561128555,-230.9440852102416,-790.9766982075215,57.36719927135802,,10904366.6,macd_bullish
20250226,,,,175020.0,173720.0,21343790.0,3735548114740.0,14573.0,167920.0,172732.4,144134.2,169551.60513744832,169249.9033437829,301.7017936654156,-572.4409998329342,57.3772550812363,,11265602.95,macd_bullish
20250301,,,,175410.0,173610.0,12647672.0,2218530522590.0,10410.0,168187.5,173012.2,144261.5,170452.89665476396,169706.206799799,746.6898549649632,-308.61482887335467,57.79535752455073,,11173231.4,macd_bullish
20250302,,,,178840.0,177140.0,24386202.0,4361171417720.0,12954.0,168808.5,173263.8,144401.8,171743.22024633872,170382.78407388797,1360.436172450747,25.1953713914657,61.38318792642472,,12016170.05,"macd_bullish,volume_spike"
20250303,,,,173480.0,173480.0,3595096.0,623677254080.0,1344.0,169124.0,173308.6,144522.4,172010.4171315174,170612.2074758222,1398.2096556952165,299.7982282522159,53.70062117544637,,11822710.5,macd_bullish
20250304,,,,174440.0,168940.0,26669453.0,4652105005120.0,15204.0,169714.0,173304.6,144645.9,172384.19911128393,170895.74766279833,1488.4514484856045,537.5288722988937,54.791970065893764,,12795424.05,"macd_bullish,volume_spike"
20250305,,,,170050.0,169210.0,13296865.0,2261162862800.0,9669.0,169993.5,173143.4,144751.6,172025.0915557018,170833.09968777624,1191.9918679255643,668.4214714242279,49.09312211638658,,13088604.3,macd_bullish
20250308,,,,165530.0,164950.0,4319123.0,714941969630.0,2994.0,170080.0,172891.8,144844.25,171025.84670097844,170440.27748868172,585.5692122967157,651.8510195987254,44.016820479939646,,13026294.1,"trend_down,macd_bearish"
20250309,,,,160640.0,160570.0,9913896.0,1592545990750.0,5796.0,169756.0,172542.4,144915.15,169428.02413159714,169714.33100803863,-286.30687644149293,464.2194403906817,39.28421837896938,,13094019.65,"trend_down,macd_bearish"
20250310,,,,160100.0,159750.0,11595888.0,1856543567190.0,9788.0,169254.0,172553.0,144988.25,167992.94349596679,169002.1583407765,-1009.2148448097287,169.53258335059962,38.788253263827194,,12536361.65,"trend_down,macd_bearish"
20250311,,,,156850.0,155300.0,6696974.0,1050447826970.0,5364.0,168405.0,171876.8,145050.1,166278.64449658728,168101.99846368196,-1823.3539670946775,-229.04472673845584,35.85432900720572,,11894316.3,"trend_down,macd_bearish"
20250312,,,,157510.0,158500.0,7016848.0,1105208370640.0,7214.0,167636.5,171230.6,145119.55,164929.62226634307,167317.4059848907,-2387.7837185476383,-660.7925251002923,36.89817363942898,,11007748.8,"trend_down,macd_bearish"
20250315,,,,162180.0,162230.0,4823944.0,782370469250.0,1701.0,167359.5,170785.8,145228.6,164506.60345613642,166936.85739341733,-2430.2539372809115,-1014.6848075364162,43.859648593881005,,11072797.3,"trend_down,macd_bearish"
20250316,,,,163390.0,163530.0,12199171.0,1993225457190.0,8636.0,167361.5,170475.4,145340.1,164334.81830903853,166674.12721612715,-2339.30890708862,-1279.609627446857,45.536213384811525,,11027248.55,"trend_down,macd_bearish"
20250317,,,,160120.0,158490.0,9129402.0,1461780623640.0,7471.0,167096.0,170201.4,145436.65,163686.3847230326,166188.63631122882,-2502.2515881962318,-1524.1380195967322,41.89493563063212,,11068102.9,"trend_down,macd_bearish"
20250318,,,,155330.0,155320.0,5453196.0,847062117170.0,3556.0,166479.0,169776.6,145507.7,162400.78707333526,165384.29288076743,-2983.5058074321714,-1816.0115771638202,37.20208607499968,,10912081.85,"trend_down,macd_bearish"
20250325,,,,159950.0,159980.0,4790600.0,766256010170.0,1725.0,166146.5,169393.2,145636.0,162023.74290820677,164981.75266737724,-2958.009759170469,-2044.41121356515,43.747107983430965,,10885256.3,"trend_down,macd_bearish"
20250326,,,,160690.0,159000.0,8583318.0,1379257153960.0,8130.0,166079.0,168921.2,145768.0,161818.55169155958,164663.84506238633,-2845.293370826752,-2204.5876450174705,44.74055977248738,,10915978.15,"trend_down,macd_bearish"
20250329,,,,157900.0,157670.0,6211915.0,980864444580.0,6274.0,165665.0,168399.0,145887.25,161215.6975851658,164162.81950220958,-2947.1219170437835,-2353.094499422733,41.74702285812122,,10788198.75,"trend_down,macd_bearish"
20250330,,,,161110.0,161680.0,9782060.0,1575944495720.0,6985.0,165177.5,168016.4,146044.4,161199.4364182172,163936.68472426813,-2737.2483060509257,-2429.925260748372,46.20663822246656,,11011368.3,"trend_down,macd_bearish"
20250405,,,,157670.0,156340.0,12668788.0,1997520571380.0,10901.0,164310.5,167479.4,146209.45,160656.44620002992,163472.48585580382,-2816.0396557739004,-2507.1481397534776,42.455593142658564,,10756210.05,"trend_down,macd_bearish"
20250406,,,,155240.0,154090.0,4292173.0,666300142800.0,5631.0,163321.5,166894.8,146362.8,159823.1467846407,162862.67208870724,-3039.525304066541,-2613.6235726160903,39.98619827810471,,9903629.2,"trend_down,macd_bearish"
20250407,,,,152500.0,151870.0,4100244.0,625294161820.0,5145.0,162176.0,166350.2,146479.65,158696.5088177729,162095.066748803,-3398.557931030082,-2770.6104442988885,37.348314780498235,,9476257.8,"trend_down,macd_bearish"
20250408,,,,157070.0,157070.0,4227960.0,664085677200.0,882.0,161087.5,166004.8,146596.5,158446.27669196168,161722.839582225,-3276.5628902633034,-2871.8009334917715,43.98566864898908,,8468345.7,"trend_down,macd_bearish"
20250409,,,,156420.0,154350.0,13793085.0,2157579941430.0,9756.0,160234.5,165648.2,146703.5,158134.54181627525,161330.03665020832,-3195.494833933073,-2936.539713580032,43.28330111095527,,8978245.15,"trend_down,macd_bearish"
20250412,,,,157330.0,157000.0,10893019.0,1713790531120.0,8096.0,159379.0,165306.8,146821.85,158010.76615223289,161033.73763908178,-3022.9714868488954,-2953.826068233805,44.61665410759353,,8189423.45,"trend_down,macd_bearish"
20250413,,,,162040.0,162040.0,3517481.0,569972621240.0,1076.0,158978.5,165161.6,146962.45,158630.6482826586,161108.27559174236,-2477.627309083764,-2858.586316403797,51.03318449298854,,7700454.25,macd_bullish
20250414,,,,166530.0,166900.0,24604156.0,4097418026450.0,11613.0,159028.5,165116.4,147145.25,159845.9331622496,161509.88480716886,-1663.9516449192597,-2619.6593821068896,56.23824640401799,,8714705.9,"macd_bullish,volume_spike"
20250415,,,,162740.0,161540.0,18041472.0,2936043383260.0,11439.0,159133.5,165041.2,147295.5,160291.17421421118,161601.00445108226,-1309.8302368710865,-2357.6935530597293,51.28289846440126,,9121084.7,macd_bullish
20250416,,,,165760.0,165800.0,13568993.0,2249253406740.0,10446.0,159416.5,165014.4,147434.45,161132.53202740947,161909.07819544652,-776.5461680370499,-2041.4640760551936,54.70758097975247,,9219739.95,macd_bullish
20250419,,,,170560.0,170730.0,7552505.0,1288168494860.0,2653.0,160102.0,164985.8,147588.05,162582.91171550032,162549.88721800604,33.02449749427615,-1626.5663613452996,59.572091297433786,,9262516.5,macd_bullish
20250420,,,,175670.0,175670.0,2211585.0,388509136950.0,755.0,161010.0,165029.0,147777.9,164596.30991311566,163521.74742407966,1074.562489036005,-1086.3405912690387,64.00437614661136,,9022253.35,macd_bullish
20250421,,,,180570.0,180940.0,23230114.0,4194688475730.0,8202.0,161929.5,165239.2,148010.65,167053.80069571326,164784.5809482219,2269.2197474913555,-415.2285235169599,67.6651818031128,,9942561.85,"macd_bullish,volume_spike"
20250422,,,,184170.0,185980.0,13948191.0,2568830508140.0,7105.0,162968.5,165594.2,148269.0,169687.06212714198,166220.53791502028,3466.5242121217016,361.1220236107724,70.0732954001862,,10030012.85,"rsi_overbought,macd_bullish"
20250423,,,,189690.0,189690.0,3164383.0,600251811270.0,1425.0,164447.0,166044.6,148547.3,172764.43718450476,167959.01658798172,4805.420596523036,1249.981738193225,73.35058948168049,,9731761.9,"rsi_overbought,macd_bullish"
20250426,,,,195380.0,195380.0,25719011.0,5024979757150.0,4826.0,166449.5,166699.4,148834.65,176243.75454073478,169990.2005444275,6253.553996307281,2250.696189816036,76.23911970060567,,10745052.65,"rsi_overbought,macd_bullish,volume_spike"
20250427,,,,198980.0,201240.0,25662785.0,5106277329740.0,9912.0,168401.0,167389.8,149144.7,179741.63845754482,172137.59309669214,7604.045360852673,3321.366024023364,77.87323308505114,,11788661.9,"trend_up,rsi_overbought,macd_bullish,volume_spike"
20250428,,,,204940.0,204940.0,4657060.0,954417876400.0,1622.0,170613.5,168212.6,149489.45,183618.3094640764,174567.4010154557,9050.9084486207,4467.274508942831,80.28999980378873,,11592349.0,"trend_up,rsi_overbought,macd_bullish"
20250429,,,,199950.0,198800.0,37133047.0,7424572734750.0,17304.0,172716.0,168869.2,149784.65,186130.87723883387,176447.5935328293,9683.283706004557,5510.476348355176,73.09179246012171,,13138405.6,"trend_up,rsi_overbought,macd_bullish,volume_spike"
20250430,,,,203000.0,205030.0,28989411.0,5884898146840.0,16919.0,174810.5,169526.4,150069.7,188726.1268943979,178414.43845632346,10311.68843807443,6470.718766299027,74.5912369603235,,14098773.15,"trend_up,rsi_overbought,macd_bullish,volume_spike"
20250503,,,,196910.0,196910.0,2867317.0,564603390470.0,1079.0,176772.5,169988.0,150333.2,189985.18429525977,179784.48005215137,10200.704243108397,7216.715861660902,66.60972113564021,,13608699.6,"trend_up,macd_bullish"
20250504,,,,191540.0,191010.0,29163083.0,5585767767520.0,14166.0,178587.5,170361.2,150600.25,190224.38671137366,180655.25930754756,9569.127403826104,7687.198170093943,60.46575611700067,,14852245.1,"trend_up,macd_bullish"
20250505,,,,191700.0,189620.0,13903226.0,2665197315270.0,11133.0,180547.5,170840.8,150862.25,190451.4041403931,181473.38824772922,8978.015892663883,7945.361714607931,60.582418668773876,,15342394.2,"trend_up,macd_bullish"
20250506,,,,194160.0,197450.0,14440795.0,2803874567130.0,9749.0,182402.0,171457.0,151122.55,191021.95734956342,182413.13726641596,8608.820083147468,8078.053388315839,62.41866139091368,,15853035.95,"trend_up,macd_bullish"
20250507,,,,199940.0,199980.0,17773407.0,3553667458390.0,4794.0,184578.0,172147.2,151417.65,192393.96391116906,183711.4233948296,8682.540516339475,8198.950813920566,66.38141409996231,,16052052.05,"trend_up,macd_bullish"
20250510,,,,198280.0,201480.0,19353148.0,3837392824820.0,12319.0,186625.5,172759.4,151635.05,193299.50792483534,184790.57721743482,8508.93070740052,8260.946792616558,64.2848960522039,,16475058.5,"trend_up,macd_bullish"
20250511,,,,204190.0,204220.0,18961904.0,3871779813290.0,7254.0,188733.0,173511.2,151900.55,194974.96824409143,186227.57149762486,8747.396746466577,8358.236783386563,68.14258110178136,,17247279.65,"trend_up,macd_bullish"
20250512,,,,210310.0,210310.0,2299359.0,483578191290.0,1037.0,190922.0,174476.6,152219.5,197334.2038988466,188011.45509039337,9322.748808453238,8551.139188399899,71.56741715981889,,16132039.8,"trend_up,rsi_overbought,macd_bullish"
20250513,,,,216610.0,216610.0,2392043.0,518140434230.0,1270.0,193615.5,175485.2,152584.45,200299.71099133173,190129.8658244383,10169.845166893414,8874.880384098602,74.59516305259233,,15349568.35,"trend_up,rsi_overbought,macd_bullish"
20250514,,,,222210.0,220090.0,39006681.0,8667602399200.0,13830.0,196438.0,176512.2,152988.9,203670.524684973,192506.1720596651,11164.352625307889,9332.77483234046,76.9453077418352,,16621452.75,"trend_up,rsi_overbought,macd_bullish,volume_spike"
20250517,,,,218760.0,216450.0,23899364.0,5228185412630.0,14750.0,198848.0,177387.2,153380.05,205991.9824257464,194450.90005524547,11541.082370500924,9774.436339972553,72.49584999761348,,17438795.7,"trend_up,rsi_overbought,macd_bullish"
20250518,,,,220970.0,225320.0,20688563.0,4571585706780.0,11278.0,201113.0,178306.2,153781.1,208296.2928217854,196415.277828931,11881.014992854412,10195.752070548926,73.55094827428458,,18362644.6,"trend_up,rsi_overbought,macd_bullish"
20250519,,,,226660.0,227310.0,32795617.0,7433556739420.0,13154.0,203417.5,179331.2,154205.2,211121.4785415107,198655.62761938057,12465.850922130136,10649.771840865169,76.09374111558147,,18840919.75,"trend_up,rsi_overbought,macd_bullish"
20250520,,,,224690.0,219870.0,21248457.0,4774401019700.0,11774.0,205443.5,180248.2,154636.1,213208.94338127828,200584.0996475746,12624.843733703688,11044.786219432874,73.46048378765664,,19205933.05,"trend_up,rsi_overbought,macd_bullish"
20250521,,,,218860.0,220600.0,20967651.0,4589009702540.0,11372.0,206902.0,181155.8,155060.1,214078.3367072355,201937.87004405056,12140.466663184925,11263.922308183284,66.1634021415889,,20096096.45,"trend_up,macd_bullish"
20250524,,,,221190.0,220200.0,14437529.0,3193377369180.0,8757.0,208192.5,182090.8,155491.45,215172.43875227618,203363.95374449127,11808.485007784911,11372.83484810361,67.55070945911848,,19532022.35,"trend_up,macd_bullish"
20250525,,,,215490.0,214560.0,4731383.0,1019555595120.0,3364.0,209018.0,182999.6,155874.4,215221.29432884906,204262.17939304747,10959.114935801597,11290.090865643208,60.96544318369067,,18485452.25,"trend_up,macd_bearish"
20250526,,,,216750.0,218800.0,14558005.0,3155486654290.0,9035.0,209608.5,184024.0,156271.65,215456.47981671843,205187.20314171063,10269.2766750078,11085.928027516127,61.85078186647315,,18980499.5,"trend_up,macd_bearish"
20250527,,,,219830.0,218880.0,9092330.0,1998751045420.0,6712.0,210602.5,185207.8,156687.4,216129.32907568483,206271.85476084318,9857.474314841646,10840.237284981231,64.00021971598119,,17578463.65,"trend_up,macd_bearish"
20250528,,,,216930.0,215100.0,6463768.0,1402208923910.0,7069.0,211299.0,186344.4,157105.2,216252.50921788716,207061.34700078072,9191.162217106437,10510.422271406273,60.54143202517532,,16452181.5,"trend_up,macd_bearish"
20250531,,,,214750.0,212630.0,7179371.0,1541738292930.0,6488.0,212191.0,187502.4,157516.85,216021.35395359682,207630.87685257476,8390.477101022057,10086.433237329431,58.00372487807965,,16667784.2,"trend_up,macd_bearish"
20250601,,,,209190.0,210130.0,10401904.0,2176002224410.0,5761.0,213073.5,188536.0,157937.45,214970.37642227425,207746.36745608776,7224.008966186491,9513.948383100844,52.01517267979861,,15729725.25,macd_bearish
20250602,,,,214580.0,215150.0,15515732.0,3329319350720.0,7633.0,214217.5,189584.0,158410.7,214910.3185111551,208252.5624593405,6657.75605181462,8942.7099168436,56.68404993797794,,15810350.55,"trend_up,macd_bearish"
20250603,,,,212150.0,210540.0,13385765.0,2839852604720.0,8145.0,215117.0,190559.2,158864.35,214485.65412482354,208541.26153642638,5944.392588397168,8343.046451154314,54.127081748761825,,15757599.05,macd_bearish
20250607,,,,205880.0,205790.0,6247222.0,1286198504040.0,2762.0,215414.0,191474.4,159291.05,213161.70733638914,208344.13105224664,4817.576284142502,7637.9524177519515,48.09816962980276,,15181289.8,macd_bearish
20250608,,,,203540.0,202670.0,8577218.0,1745821715180.0,6155.0,215677.0,192438.6,159708.0,211681.44466925235,207988.26949282095,3693.175176431396,6848.996969487841,46.03722429981756,,14642493.3,macd_bearish
20250609,,,,198910.0,197440.0,8396046.0,1670075988700.0,5640.0,215413.0,193217.8,160091.95,209716.60702782893,207315.80508594532,2400.8019418836047,5959.357963966994,42.18553456922267,,14114200.4,macd_bearish
20250610,,,,201420.0,204090.0,9551423.0,1923814393450.0,6247.0,214968.5,194032.4,160485.05,208440.20594662448,206879.07878328272,1561.1271633417637,5079.711803841948,44.877966953608556,,14476803.6,macd_bearish
20250611,,,,201120.0,198160.0,6105835.0,1228025702990.0,5220.0,214194.0,194896.8,160887.0,207314.02041637458,206452.48035489142,861.5400614831597,4236.07745537019,44.61055664197231,,14662493.2,macd_bearish
20250615,,,,201120.0,198160.0,0.0,0.0,0.0,213139.5,195697.0,161299.8,206361.0941984708,206057.48181008466,303.61238838612917,3449.5844419733785,44.610556641972316,,12712159.15,macd_bearish
20250616,,,,201120.0,198160.0,0.0,0.0,0.0,212257.5,196566.0,161700.75,205554.77201409067,205691.74241674505,-136.9704026543768,2732.273473047828,44.61055664197231,,11517190.95,macd_bearish
20250618,,,,201120.0,198160.0,0.0,0.0,0.0,211265.0,197483.6,162089.65,204872.49939653827,205353.0948303195,-480.5954337812145,2089.6996916820194,44.610556641972316,,10482762.8,macd_bearish
20250621,,,,201120.0,198160.0,0.0,0.0,0.0,209988.0,198456.0,162466.25,204295.19179707085,205039.53225029583,-744.3404532249842,1522.8916627006188,44.610556641972316,,8842981.95,macd_bearish
20250622,,,,201120.0,198160.0,0.0,0.0,0.0,208809.5,199337.0,162835.6,203806.70075136764,204749.1965280517,-942.4957766840525,1029.8141748236844,44.610556641972316,,7780559.1,macd_bearish
20250623,,,,201120.0,198160.0,0.0,0.0,0.0,207922.5,200231.0,163211.6,203393.36217423415,204480.36715560342,-1087.004981369275,606.4503435850926,44.610556641972316,,6732176.55,macd_bearish
20250624,,,,201120.0,198160.0,0.0,0.0,0.0,206919.0,201106.8,163582.1,203043.6141474289,204231.45107000318,-1187.8369225742936,247.59289035321538,44.610556641972316,,6010300.1,macd_bearish
20250625,,,,201120.0,198160.0,0.0,0.0,0.0,206200.5,201888.4,163940.5,202747.6735093629,204000.9732129659,-1253.2997036029992,-52.58562843802753,44.610556641972316,,5773730.95,macd_bearish
20250628,,,,195090.0,195090.0,2039463.0,397878836670.0,253.0,205117.5,202459.6,164266.25,201569.56989253784,203340.9011231166,-1771.3312305787695,-396.3347488661759,36.170305642134785,,5147803.85,macd_bearish
20250629,,,,189240.0,189240.0,2038619.0,385788259560.0,231.0,203588.0,202989.6,164559.25,199672.71298599357,202296.38992881167,-2623.6769428180996,-841.8031876565607,30.200558555097857,,4795118.3,macd_bearish
20250630,,,,183570.0,183570.0,2053412.0,376944840840.0,234.0,201920.0,203345.8,164812.15,197195.37252660995,200909.2499340849,-3713.877407474938,-1416.2180316202362,25.762407537364,,4574600.5,"trend_down,rsi_oversold,macd_bearish"
20250701,,,,178070.0,178070.0,2123499.0,378131466930.0,297.0,200086.0,203496.0,165024.3,194253.00752251613,199217.4536426712,-4964.446120155073,-2125.8636493272033,22.33382558388429,,4321806.9,"trend_down,rsi_oversold,macd_bearish"
20250702,,,,172730.0,172730.0,5454103.0,942087211190.0,1847.0,198263.0,203437.2,165201.15,190941.7755959752,197255.42003951035,-6313.644443535159,-2963.4198081687946,19.605648526483847,,4074416.85,"trend_down,rsi_oversold,macd_bearish"
20250707,,,,171760.0,167550.0,13234740.0,2273214814210.0,9523.0,196122.0,203261.0,165376.4,187990.73319659437,195366.87040695403,-7376.137210359651,-3845.963288606966,19.14808650126588,,3960367.25,"trend_down,rsi_oversold,macd_bearish,volume_spike"
20250708,,,,166810.0,166610.0,3324558.0,554576764490.0,1557.0,193855.0,202913.8,165527.75,184732.1588586568,193251.54667310556,-8519.387814448768,-4780.648193775327,16.971361376949275,,3457306.9,"trend_down,rsi_oversold,macd_bearish"
20250709,,,,162030.0,162200.0,13436612.0,2177192183210.0,6873.0,191662.5,202360.6,165663.35,181239.51903424805,190938.8395121348,-9699.320477886737,-5764.382650597609,15.17714183288993,,3816776.4,"trend_down,rsi_oversold,macd_bearish,volume_spike"
20250712,,,,165950.0,165850.0,8336549.0,1383483672490.0,5106.0,189783.0,201772.0,165803.05,178887.28533667143,189087.81436308776,-10200.529026416334,-6651.6119257613545,22.4206338011863,,3804742.95,"trend_down,rsi_oversold,macd_bearish,volume_spike"
20250713,,,,162330.0,163910.0,9682434.0,1571767841440.0,6547.0,187954.0,201039.0,165926.65,176340.0106694912,187105.75403989607,-10765.743370404874,-7474.438214690059,20.665582115919747,,3869062.35,"trend_down,rsi_oversold,macd_bearish,volume_spike"
20250714,,,,160970.0,159120.0,5231221.0,842078644130.0,5526.0,185931.5,200159.6,166045.5,173975.39364341562,185169.77225916303,-11194.37861574741,-8218.426294901528,20.031181476390913,,3653052.25,"trend_down,rsi_oversold,macd_bearish"
20250715,,,,159410.0,158510.0,3379979.0,538818219110.0,4296.0,183846.0,199348.8,166168.85,171734.5638521209,183261.64098070652,-11527.077128585632,-8880.15646163835,19.299320873424847,,3516759.45,"trend_down,rsi_oversold,macd_bearish"
20250716,,,,163320.0,164190.0,12334100.0,2014392092840.0,4962.0,181956.0,198555.2,166327.4,170440.01556717922,181784.4823895431,-11344.466822363873,-9373.018533783454,26.54349539966306,,4133464.45,"trend_down,rsi_oversold,macd_bearish,volume_spike"
20250719,,,,165130.0,163980.0,6216483.0,1026516231090.0,4917.0,180156.5,197919.6,166492.1,169623.09009530547,180550.81702735473,-10927.726932049263,-9683.960213436616,29.689909454293698,,4444288.6,"trend_down,rsi_oversold,macd_bearish"
20250720,,,,164640.0,163870.0,5478601.0,901989802510.0,4428.0,178332.5,197381.6,166641.55,168856.46084987387,179372.23798829142,-10515.777138417558,-9850.323598432806,29.323719138943076,,4718218.65,"trend_down,rsi_oversold,macd_bearish"
20250721,,,,168370.0,169570.0,9114024.0,1534559905350.0,3274.0,176695.0,196915.0,166809.25,168781.62071912404,178557.25739656613,-9775.63667744209,-9835.386214234662,35.813623211574324,,5173919.85,"trend_down,macd_bullish"
20250722,,,,173420.0,173420.0,8825423.0,1530504856660.0,1507.0,175310.0,196500.2,167008.35,169495.21753156648,178176.7198116353,-8681.502280068817,-9604.609427401494,43.39251458756977,,5615191.0,"trend_down,macd_bullish"
20250723,,,,173420.0,173420.0,0.0,0.0,0.0,173925.0,195969.8,167196.5,170099.0302190178,177824.37019595862,-7725.339976940828,-9228.755537309362,43.39251458756977,,5615191.0,"trend_down,macd_bullish"
20250726,,,,173420.0,173420.0,0.0,0.0,0.0,172540.0,195472.6,167370.05,170609.94864686122,177498.12055181354,-6888.1719049523235,-8760.638810837954,43.39251458756977,,5615191.0,macd_bullish
20250727,,,,164470.0,163060.0,6687290.0,1099891428740.0,5461.0,170707.5,194678.2,167505.2,169665.34116272873,176533.0745850125,-6867.733422283782,-8382.05773312712,34.40121759767304,,5949555.5,"trend_down,macd_bullish"
20250728,,,,159740.0,159540.0,3011871.0,481113079790.0,1216.0,168940.0,193666.8,167623.55,168138.365599232,175289.14313427082,-7150.777535038826,-8135.801693509462,30.772201600244514,,5998175.9,"trend_down,macd_bullish"
20250729,,,,154950.0,154950.0,2348359.0,363878227050.0,668.0,167225.5,192433.6,167724.75,166109.38627627323,173782.53993913965,-7673.153662866418,-8043.272087380854,27.597231491043033,,6013662.9,"trend_down,rsi_oversold,macd_bullish"
20250730,,,,151220.0,152200.0,9249394.0,1398671173880.0,6308.0,165608.0,191013.8,167813.65,163818.71146453888,172111.24068438858,-8292.529219849705,-8093.123513874625,25.3995483906546,,6373462.0,"trend_down,rsi_oversold,macd_bearish"
20250802,,,,150880.0,148990.0,5913830.0,892306278220.0,5431.0,164248.5,189656.2,167907.5,161828.14046999443,170538.5561892487,-8710.415719254263,-8216.581954950552,25.202533738851557,,6562978.55,"trend_down,rsi_oversold,macd_bearish"
20250803,,,,154590.0,155400.0,8906714.0,1376876870320.0,4792.0,163341.5,188328.6,168026.5,160714.5803976876,169357.18165671176,-8642.601259024173,-8301.785815765277,31.45073498590739,,6735609.1,"trend_down,macd_bearish"
20250804,,,,158170.0,159220.0,8389067.0,1326898784280.0,3046.0,162662.0,186958.8,168169.85,160323.10649035103,168528.50153399238,-8205.395043641358,-8282.507661340494,36.92608296651159,,6493325.45,"trend_down,macd_bullish"
20250805,,,,155420.0,153430.0,11276688.0,1752580859870.0,5516.0,162092.5,185573.4,168305.9,159568.7824149124,167557.50142036332,-7988.7190054509265,-8223.749930162581,34.637385560456465,,6890931.95,"trend_down,macd_bullish"
20250806,,,,155160.0,155850.0,3761576.0,583652782950.0,3449.0,161749.0,184299.4,168446.85,158890.50819723355,166639.1679818179,-7748.659784584364,-8128.731901046938,34.42016873180992,,6407180.15,"trend_down,macd_bullish"
20250809,,,,159630.0,159810.0,7284320.0,1162813329710.0,2778.0,161433.0,183068.2,168607.15,159004.2761668899,166119.9703535351,-7115.694186645182,-7926.124358166588,41.24246803937326,,6354568.7,"trend_down,macd_bullish"
20250810,,,,158360.0,157800.0,4086424.0,647108241310.0,4410.0,161234.5,181925.6,168764.2,158905.15675659917,165545.1577347547,-6640.000978155527,-7668.899682164376,39.970202671489915,,6074768.2,"trend_down,macd_bullish"
20250811,,,,159240.0,157760.0,6848069.0,1090495090430.0,4109.0,161148.0,180775.4,168912.35,158956.67110173774,165078.10901366177,-6121.437911924033,-7359.407328116307,41.32096717849389,,6155610.6,"trend_down,macd_bullish"
20250812,,,,155940.0,155510.0,4290236.0,669006938910.0,3315.0,160974.5,179497.6,169047.3,158492.56785531653,164401.21204968684,-5908.64419437031,-7069.254701367108,37.87885109620953,,6201123.45,"trend_down,macd_bullish"
20250813,,,,151610.0,151270.0,4075203.0,617837423550.0,1348.0,160389.0,178191.2,169178.1,157433.7112621909,163453.71486082114,-6020.003598630254,-6859.404480819738,33.88969250451545,,5788178.6,"trend_down,macd_bullish"
20250816,,,,149190.0,151640.0,10532440.0,1571314408310.0,5157.0,159592.0,176880.0,169314.8,156165.4479910846,162397.14338964922,-6231.695398564625,-6733.862664368716,31.8695911957077,,6003976.45,"trend_down,macd_bullish"
20250817,,,,153520.0,153660.0,4198681.0,644578574310.0,895.0,159036.0,175766.6,169467.95,155758.45599245618,161739.57721263816,-5981.121220181987,-6583.31437553137,38.88873310151968,,5939980.45,"trend_down,macd_bullish"
20250818,,,,157380.0,155710.0,9133365.0,1437446195630.0,4936.0,158486.5,174622.6,169657.25,156007.92430130907,161416.64556725757,-5408.721265948494,-6348.3957536147955,44.389046792863866,,5940947.5,"trend_down,macd_bullish"
20250819,,,,154370.0,152660.0,6802906.0,1050188927180.0,4020.0,157534.0,173467.0,169848.3,155755.93594726155,160894.67182153478,-5138.735874273232,-6106.463777746483,41.26971537477594,,5839821.65,"trend_down,macd_bullish"
20250820,,,,151600.0,150900.0,4032612.0,611353627230.0,2739.0,156443.0,172381.4,170020.3,155116.5611861444,160206.17761253222,-5089.616426387831,-5903.094307474754,38.582664589242015,,6041452.25,"trend_down,macd_bullish"
20250823,,,,153360.0,153600.0,3529992.0,541360314870.0,2867.0,155440.0,171377.8,170203.95,154846.32100366065,159699.05334493725,-4852.732341276598,-5693.021914235123,41.20219299110278,,6217951.85,"trend_down,macd_bullish"
20250825,,,,149650.0,148760.0,5263103.0,787641684940.0,3505.0,154699.0,170392.6,170385.85,154046.88700309748,158954.67902309005,-4907.792019992572,-5535.975935386613,37.5650373094971,,6146742.5,"trend_down,macd_bullish"
20250826,,,,149770.0,151200.0,5184549.0,776496381970.0,4160.0,154200.5,169359.6,170551.4,153388.90438723634,158274.33242878708,-4885.428041550738,-5405.866356619438,37.75643119705654,,6255376.4,"trend_down,macd_bullish"
20250827,,,,151900.0,150070.0,8260951.0,1254852723480.0,4022.0,154048.0,168375.2,170710.15,153159.84217381536,157802.15965628435,-4642.317482468992,-5253.15658178935,41.2018866500341,,6551006.0,"trend_down,macd_bullish"
20250830,,,,148930.0,150270.0,8038021.0,1197117520180.0,4758.0,153933.5,167331.4,170836.25,152509.0972239976,157144.96264470773,-4635.865420710121,-5129.698349573504,38.03994693536557,,6490437.35,"trend_down,macd_bullish"
20250831,,,,153360.0,153390.0,9348592.0,1433697673420.0,1929.0,154057.5,166376.2,170996.1,152640.0053433826,156864.59504139604,-4224.589698013442,-4948.676619261491,44.839726773457805,,6662175.45,"trend_down,macd_bullish"
20250902,,,,157960.0,157960.0,3755151.0,593163651960.0,641.0,154226.0,165513.0,171171.7,153458.46605978528,156945.73614944075,-3487.2700896554743,-4656.395313340288,50.86915454374477,,6404597.3,macd_bullish
20250903,,,,162690.0,162690.0,2819119.0,458642470110.0,730.0,154452.0,164744.4,171370.25,154878.70205058754,157371.2371754081,-2492.5351248205698,-4223.623275636344,56.17396490076362,,6126099.9,macd_bullish
20250906,,,,166480.0,165990.0,20235411.0,3368842730810.0,20886.0,155005.0,164051.6,171606.1,156663.5171197279,158045.9603476001,-1382.4432278721943,-3655.3872660835145,59.90924058480214,,6574036.05,"macd_bullish,volume_spike"
20250907,,,,169840.0,171470.0,10952140.0,1860057526440.0,22445.0,155739.0,163426.0,171867.75,158690.66833207748,158919.59291444454,-228.92458236706443,-2970.0947293402246,62.92602568201194,,6933564.25,macd_bullish
20250908,,,,174930.0,174930.0,2260934.0,395505184620.0,506.0,156504.0,162902.2,172146.7,161189.0270502194,160105.54899485607,1083.4780553633173,-2159.3801723995166,66.97966209605192,,6682394.95,macd_bullish
20250909,,,,179930.0,180170.0,25400211.0,4570294155830.0,5660.0,157582.5,162478.4,172448.75,164072.25365787794,161574.02684708894,2498.2268107889977,-1227.8587757618138,70.40307402393293,,7748084.3,"rsi_overbought,macd_bullish,volume_spike"
20250913,,,,183830.0,185320.0,25163530.0,4625751323040.0,6635.0,158812.0,162253.2,172752.4,167111.90694128134,163222.6174510083,3889.2894902730477,-204.42912255484157,72.77411439072038,,8663857.35,"rsi_overbought,macd_bullish,volume_spike"
20250914,,,,188440.0,189340.0,7474171.0,1408467897630.0,2314.0,160437.0,162237.2,173060.65,170393.15202723804,165090.57171389656,5302.580313341488,896.9727646244245,75.29365753934351,,8823054.1,"rsi_overbought,macd_bullish"
20250915,,,,187290.0,183270.0,24250869.0,4541982208670.0,11825.0,162221.0,162311.6,173348.35,172992.66709997065,166734.9738091635,6257.693290807161,1969.116869860972,73.46717828799332,,9831837.4,"rsi_overbought,macd_bullish,volume_spike"
20250916,,,,181770.0,181680.0,4367117.0,793824637600.0,1547.0,163850.0,162385.6,173605.25,174343.02600766747,167848.67945292915,6494.346554738324,2874.1628068364425,65.28120318199699,,9523571.25,"trend_up,macd_bullish"
20250917,,,,176510.0,176320.0,10010974.0,1767077859170.0,3822.0,164999.5,162461.2,173828.4,174676.40662187248,168490.25875271217,6186.1478691603115,3536.5598193012165,58.58269964869465,,9814185.9,"trend_up,macd_bullish"
20250920,,,,171220.0,171220.0,2094812.0,358673710640.0,483.0,165691.5,162450.4,174005.35,174144.65175696902,168692.46180806682,5452.1899489022035,3919.6858452214146,52.72337629609733,,9462258.25,"trend_up,macd_bullish"
20250921,,,,166780.0,170300.0,21742618.0,3626283942050.0,9906.0,166312.0,162449.8,174148.85,173011.62840974302,168550.79797043224,4460.830439310783,4027.9147640392885,48.35212631871436,,10209243.85,"trend_up,macd_bullish,volume_spike"
20250922,,,,171780.0,171780.0,4237025.0,727836154500.0,874.0,167321.0,162644.8,174301.85,172822.14711593642,168789.9981207706,4032.1489951658295,4028.761610264597,53.07077386650289,,10219464.5,"trend_up,macd_bullish"
20250923,,,,173130.0,171780.0,31074861.0,5380082546990.0,10877.0,168309.5,162788.4,174457.75,172869.50909810004,169111.47974145424,3758.0293566457985,3974.6151595408373,54.28519798524639,,11596707.95,"trend_up,macd_bearish,volume_spike"
20250924,,,,172920.0,175370.0,23980162.0,4146740481860.0,10386.0,169473.0,163000.2,174628.95,172877.27692916157,169393.59235319836,3483.6845759632124,3876.4290428253125,54.050883037717554,,12532560.9,"trend_up,macd_bearish"
20250927,,,,178100.0,178100.0,3607203.0,642442854300.0,1161.0,170889.5,163342.8,174813.9,173680.77278621364,170038.5114381466,3642.261348067026,3829.5955038736556,58.77747689853258,,12453693.6,"trend_up,macd_bearish"
20250928,,,,183440.0,183440.0,2541541.0,466220281040.0,751.0,172466.5,163823.4,175006.2,175182.1923575654,171031.2142945802,4150.978062985203,3893.8720156959653,63.00259245296139,,12167723.1,"trend_up,macd_bullish"
20250929,,,,188940.0,188940.0,2377136.0,449136075840.0,734.0,174467.0,164335.8,175206.2,177298.77814870919,172357.7910135002,4940.987135208998,4103.295039598572,66.77934341630751,,11884678.85,"trend_up,macd_bullish"
20250930,,,,194250.0,193800.0,27694388.0,5379713646240.0,8511.0,176511.5,164918.2,175430.65,179906.65843352315,173979.43612361126,5927.2223099118855,4468.080493661235,69.96693867988833,,12801968.65,"trend_up,macd_bullish,volume_spike"
20251001,,,,193680.0,193270.0,40206479.0,7786999796310.0,14163.0,178297.5,165499.0,175650.8,182025.634059135,175438.7371514919,6586.896907643095,4891.8437764576065,69.19936147960813,,14624535.05,"trend_up,macd_bullish,volume_spike"
20251004,,,,199490.0,199490.0,3139622.0,626323192780.0,1057.0,180137.5,166121.4,175909.75,184712.4595884988,177220.31217730732,7492.147411191487,5411.904503404383,72.50985120645714,,14640560.2,"trend_up,rsi_overbought,macd_bullish"
20251005,,,,205470.0,205470.0,4373425.0,898607634750.0,1146.0,182087.0,166762.4,176209.3,187905.9273441144,179312.88164565494,8593.045698459464,6048.1327424154,75.43627058701881,,13847460.9,"trend_up,rsi_overbought,macd_bullish"
20251006,,,,207600.0,202150.0,49925798.0,10364402972990.0,15033.0,183975.0,167446.0,176498.9,190935.7846757891,181408.2237459768,9527.560929812287,6744.018379894777,76.39995622179603,,15796143.8,"trend_up,rsi_overbought,macd_bullish,volume_spike"
20251007,,,,209630.0,208480.0,36007466.0,7548373867460.0,15458.0,185710.0,168170.2,176784.65,193811.81780259078,183498.72569071926,10313.09211187152,7457.8331262901265,77.31346023393932,,17483470.4,"trend_up,rsi_overbought,macd_bullish,volume_spike"
20251008,,,,204630.0,203350.0,26286754.0,5379049472110.0,11084.0,186945.0,168973.4,177037.7,195476.15352526912,185064.0052691845,10412.14825608462,8048.6961522490255,70.11458467761145,,17527797.55,"trend_up,rsi_overbought,macd_bullish"
20251011,,,,208160.0,209760.0,25236990.0,5253259424580.0,12155.0,188161.5,169941.8,177325.5,197427.51452138156,186774.81969368938,10652.694827692176,8569.495887337656,72.09042635416537,,17531470.55,"trend_up,rsi_overbought,macd_bullish"
20251012,,,,214130.0,214400.0,7697447.0,1648250984070.0,2008.0,189446.0,171125.4,177656.0,199997.12767193821,188801.1293460087,11195.998325929511,9094.796375056028,75.0899466994809,,17542634.35,"trend_up,rsi_overbought,macd_bullish"
20251013,,,,219210.0,218250.0,38765742.0,8497758377800.0,11105.0,191042.0,172485.2,177990.1,202952.9541839477,191053.6382833414,11899.315900606307,9655.700280166086,77.32327705299672,,18268378.0,"trend_up,rsi_overbought,macd_bullish,volume_spike"
20251014,,,,216770.0,212640.0,20369697.0,4415472173000.0,9903.0,192792.0,173803.0,178303.2,205078.65354026345,192958.55396605685,12120.0995742066,10148.58013897419,73.89629542642548,,19068507.0,"trend_up,rsi_overbought,macd_bullish"
20251015,,,,211630.0,214950.0,17691115.0,3744047259320.0,7659.0,194548.0,174943.8,178577.75,206086.55299560752,194341.6240426452,11744.928952962306,10467.849901771813,67.14519681672715,,19452514.05,"trend_up,macd_bullish"
20251018,,,,217970.0,217970.0,3700067.0,806503603990.0,1126.0,196885.5,176139.8,178860.5,207914.7756116679,196091.8741135604,11822.901498107502,10738.86022103895,70.70083711083824,,19532776.8,"trend_up,rsi_overbought,macd_bullish"
20251019,,,,223430.0,219770.0,28989879.0,6477339428420.0,10928.0,199718.0,177500.0,179146.35,210301.73320987282,198116.92047551888,12184.812734353938,11028.050723701948,73.37337090823188,,19895139.85,"trend_up,rsi_overbought,macd_bullish"
20251020,,,,222930.0,222200.0,22840581.0,5091929106650.0,11184.0,202275.5,178855.4,179404.8,212244.54348527698,199954.9263662212,12289.617119055794,11280.364002772718,72.71921805626985,,20825317.65,"trend_up,rsi_overbought,macd_bullish"
20251021,,,,228630.0,229610.0,34250478.0,7830670273610.0,9832.0,205050.5,180235.4,179674.75,214765.38294908052,202079.00589464925,12686.377054431272,11561.56661310443,75.41061619518437,,20984098.5,"trend_up,rsi_overbought,macd_bullish"
20251022,,,,234460.0,235480.0,30136801.0,7065915856750.0,7148.0,208127.5,181757.4,179956.5,217795.32403383736,204477.59805060117,13317.725983236189,11912.798487130782,77.82077611912202,,21291930.45,"trend_up,rsi_overbought,macd_bullish"
20251025,,,,235070.0,236490.0,18932554.0,4450546002140.0,11574.0,210976.0,183274.0,180241.3,220452.9664901701,206743.70189870478,13709.264591465326,12272.091707997692,78.06305762983064,,22058198.0,"trend_up,rsi_overbought,macd_bullish"
20251026,,,,238330.0,237880.0,15429433.0,3677356039580.0,9938.0,213720.5,184921.8,180542.4,223203.27933783623,209083.4276839859,14119.851653850317,12641.643697168218,79.36066155142633,,22702592.6,"trend_up,rsi_overbought,macd_bullish"
20251027,,,,242850.0,245470.0,21466591.0,5213147937020.0,10060.0,216416.0,186746.6,180958.8,226225.8517473999,211584.6552629499,14641.196484449989,13041.554254624574,81.03564191585376,,23657065.35,"trend_up,rsi_overbought,macd_bullish"
20251028,,,,247960.0,247300.0,29563067.0,7330356385100.0,13175.0,219101.5,188722.0,181245.3,229569.56686318453,214279.12524347214,15290.441619712394,13491.331727642139,82.74093260485056,,23750499.3,"trend_up,rsi_overbought,macd_bullish"
20251029,,,,248490.0,249090.0,17662327.0,4388889910670.0,10098.0,221842.0,190621.4,181538.65,232480.4027303869,216813.26411432604,15667.138616060867,13926.493105325884,82.91255621193048,,22623291.7,"trend_up,rsi_overbought,macd_bullish"
20251101,,,,249710.0,245180.0,12561152.0,3136611257200.0,10729.0,224353.0,192468.0,181865.1,235131.11000263505,219250.0593651167,15881.050637518347,14317.404611764377,83.32363931392442,,23094368.2,"trend_up,rsi_overbought,macd_bullish"
20251102,,,,255660.0,257200.0,26653524.0,6814190564980.0,9379.0,226862.5,194493.8,182248.85,238289.4007714604,221947.0920047377,16342.308766722708,14722.385442756044,85.19440811468631,,24208373.15,"trend_up,rsi_overbought,macd_bullish"
20251103,,,,262160.0,261750.0,20352443.0,5335688213520.0,9767.0,229590.5,196705.0,182690.55,241961.8006527742,224925.82593031268,17035.974722461513,15185.103298697139,86.92059530924995,,22729705.4,"trend_up,rsi_overbought,macd_bullish"
20251104,,,,259860.0,254350.0,19669937.0,5111503063450.0,12477.0,232102.0,198835.0,183107.0,244715.36978311662,227513.54252806728,17201.827255049342,15588.44808996758,83.2231200809635,,21912828.95,"trend_up,rsi_overbought,macd_bullish"
20251105,,,,256950.0,260000.0,12076194.0,3102937438370.0,8929.0,234718.0,200981.0,183496.15,246597.62058571406,229694.02085932158,16903.59972639248,15851.478417252561,78.66372798807541,,21202300.95,"trend_up,rsi_overbought,macd_bullish"
20251108,,,,261360.0,258000.0,12708142.0,3321433593900.0,8222.0,237378.0,203212.8,183881.5,248868.7558802196,232039.64894381628,16829.106936403317,16047.004121082715,80.4148637934088,,20575858.55,"trend_up,rsi_overbought,macd_bullish"
20251109,,,,254040.0,253520.0,3836264.0,974572664830.0,1568.0,239373.5,205255.6,184231.65,249664.33189864736,233669.30457760766,15995.027321039699,16036.608761074112,70.12661744277494,,20382799.4,"trend_up,rsi_overbought,macd_bearish"
20251110,,,,247150.0,247260.0,17449499.0,4312715638910.0,8283.0,240770.5,207220.0,184566.2,249277.51160654775,234667.874608896,14609.636997651745,15751.214408389638,62.07612498865367,,19316987.25,"trend_up,macd_bearish"
20251111,,,,244680.0,239740.0,15569577.0,3809561895780.0,9270.0,242166.0,209046.4,184867.0,248570.20212861733,235409.51352675556,13160.688601861766,15233.109247084065,59.4416572771389,,19076981.25,"trend_up,macd_bearish"
20251112,,,,239710.0,240110.0,11379700.0,2727858420830.0,8370.0,243570.0,210681.4,185143.2,247207.09410883003,235728.06808032922,11479.026028500812,14482.292603367416,54.43560422292642,,18761410.5,macd_bearish
20251115,,,,245100.0,246900.0,11159116.0,2735151123290.0,6156.0,244926.5,212329.6,185470.05,246882.92578439464,236422.2852595641,10460.640524830553,13677.962187660043,58.51599944030624,,19134362.95,"trend_up,macd_bearish"
20251116,,,,249880.0,252450.0,16388244.0,4095134979960.0,8697.0,246249.0,213997.6,185847.75,247344.01412525697,237419.1530181149,9924.86110714206,12927.341971556447,61.78444045677644,,18504281.2,"trend_up,macd_bearish"
20251117,,,,254030.0,249900.0,8901031.0,2261128818520.0,8283.0,247804.0,215681.4,186246.65,248372.62733675592,238649.58612788416,9723.041208871757,12286.48181901951,64.40646091671073,,17807303.7,"trend_up,macd_bearish"
20251118,,,,253850.0,254000.0,9211140.0,2338236374170.0,8161.0,249065.0,217259.8,186643.9,249215.30005417808,239775.54271100386,9439.75734317422,11717.136923850452,64.20070858453268,,16555336.8,"trend_up,macd_bearish"
20251119,,,,256440.0,256900.0,5903810.0,1513946609150.0,6158.0,250164.0,218790.0,187079.6,250326.7923535353,241009.9469546332,9316.845398902107,11237.078618860784,65.88927528236356,,15343687.25,"trend_up,macd_bearish"
20251122,,,,262410.0,260800.0,11034383.0,2895549781660.0,8324.0,251531.0,220361.6,187547.7,252185.74737606832,242595.1360691048,9590.611306963518,10907.785156481332,69.46453486552736,,14948778.7,"trend_up,macd_bearish"
20251123,,,,265910.0,266600.0,17744853.0,4718504516900.0,9398.0,252910.0,221911.0,188044.75,254297.1708566732,244322.16302694887,9975.007829724345,10721.229691129935,71.35980451278509,,15064549.7,"trend_up,rsi_overbought,macd_bearish"
20251125,,,,268140.0,266380.0,19500820.0,5228898613100.0,15492.0,254174.5,223528.0,188549.95,256426.8368787235,246086.4472471749,10340.389631548605,10645.06167921367,72.52971112644201,,14966261.15,"trend_up,rsi_overbought,macd_bearish"
20251126,,,,261790.0,260100.0,14146637.0,3703387749950.0,10415.0,254866.0,225128.4,188998.95,257251.93889738142,247249.6733770138,10002.265520367626,10516.502447444462,64.45568761757599,,14195439.65,"trend_up,macd_bearish"
20251129,,,,255180.0,253940.0,8491098.0,2166795219420.0,7262.0,255200.5,226701.8,189407.3,256933.17906701504,247837.10497871647,9096.07408829857,10232.416775615284,57.30454341045791,,13736878.2,macd_bearish
20251130,,,,253770.0,255900.0,9956123.0,2526540399640.0,9160.0,255403.5,228352.8,189825.85,256446.5361336281,248276.57868399672,8169.957449631387,9819.924910418504,55.88032834347473,,13606626.75,macd_bearish
20251201,,,,257070.0,255940.0,9885776.0,2541384518180.0,8824.0,255474.0,230158.6,190279.1,256542.45365153148,248927.94322592288,7614.510425608605,9378.842013456524,58.4811543564005,,12768239.35,"trend_up,macd_bearish"
20251202,,,,256620.0,254820.0,6257940.0,1605891319980.0,6980.0,255197.0,231855.4,190726.35,256554.38385898818,249497.72520918783,7056.658649800345,8914.405340725289,57.97923405800555,,12063514.2,"trend_up,macd_bearish"
20251203,,,,254820.0,254450.0,8017758.0,2043079697450.0,8883.0,254945.0,233489.2,191187.25,256287.55557298998,249891.96778628504,6395.587786704942,8410.64182992122,55.9120969730817,,11480905.25,macd_bearish
20251206,,,,260740.0,262460.0,14259541.0,3717979342000.0,9721.0,255134.5,235245.6,191668.65,256972.5470232992,250695.5257280417,6277.021295257495,7983.917722988475,60.8552515979429,,11590072.6,"trend_up,macd_bearish"
20251207,,,,264710.0,261100.0,15346011.0,4062307366580.0,12103.0,255302.0,236977.8,192173.2,258162.9244043301,251733.63493337197,6429.289470958116,7672.992072582404,63.78747493014469,,11721966.05,"trend_up,macd_bearish"
20251208,,,,272650.0,272650.0,10094351.0,2752224800150.0,2558.0,256232.5,238762.0,192700.85,260391.70526520238,253282.99530867775,7108.709956524632,7560.13564937085,68.8182879367134,,12034870.4,"trend_up,macd_bearish"
20251209,,,,273590.0,270000.0,15232761.0,4167552086160.0,12409.0,257554.5,240455.0,193218.1,262422.21214747895,254787.21787840532,7634.994269073621,7575.107373311404,69.3609711603824,,11924033.5,"trend_up,macd_bullish"
20251210,,,,273540.0,273330.0,15483289.0,4235376413450.0,12885.0,258997.5,242040.8,193716.65,264132.6410478668,256176.3128503753,7956.328197491472,7651.351538147418,69.2918906266168,,11919719.1,"trend_up,macd_bullish"
20251213,,,,276840.0,275670.0,9451221.0,2616481901250.0,9777.0,260854.0,243704.0,194236.45,266087.619348195,257706.9563429401,8380.663005254872,7797.21383156891,71.3219937232337,,11823295.15,"trend_up,rsi_overbought,macd_bullish"
20251214,,,,273730.0,273880.0,10650854.0,2915407927380.0,10852.0,262285.5,245188.8,194766.5,267263.37021770346,258893.84846568527,8369.52175201819,7911.675415658767,66.83747170506977,,11797882.05,"trend_up,macd_bullish"
20251215,,,,280130.0,281940.0,13426206.0,3761050194550.0,7211.0,263798.0,246682.0,195350.4,269242.8517226722,260466.89672748637,8775.954995185806,8084.531331564175,70.89338494435812,,11649780.15,"trend_up,rsi_overbought,macd_bullish"
20251216,,,,286520.0,283450.0,24159192.0,6922094442240.0,10814.0,265422.5,248260.4,195955.85,271900.87453456875,262396.756229154,9504.11830541474,8368.448726334289,74.2762238177492,,12412688.2,"trend_up,rsi_overbought,macd_bullish"
20251217,,,,289760.0,291780.0,10925718.0,3165798397750.0,8598.0,267218.0,249863.0,196566.3,274648.43229848123,264423.6631751426,10224.769123338629,8739.712805735158,75.81130345869123,,12498417.1,"trend_up,rsi_overbought,macd_bullish"
20251220,,,,298340.0,298450.0,11706671.0,3492599022210.0,5122.0,269313.0,251737.2,197225.0,278293.28886794567,266935.98442142835,11357.304446517315,9263.23113389159,79.3291818129335,,12788560.15,"trend_up,rsi_overbought,macd_bullish"
20251221,,,,301640.0,300750.0,16199011.0,4886195835550.0,12061.0,271274.5,253606.8,197923.0,281885.0905805694,269506.65224206325,12378.438338506152,9886.272574814502,80.50362893759258,,13046791.55,"trend_up,rsi_overbought,macd_bullish"
20251222,,,,296740.0,293840.0,15020011.0,4457024623900.0,14488.0,272816.0,255259.0,198575.8,284170.4612604818,271523.93726116966,12646.523999312136,10438.32285971403,73.79874022715948,,12910549.45,"trend_up,rsi_overbought,macd_bullish"
20251223,,,,297910.0,299960.0,8752769.0,2607564638360.0,9846.0,274304.5,256833.0,199211.05,286284.2364511769,273478.4604270089,12805.776024168008,10911.813492604826,74.34811642709064,,12373146.9,"trend_up,rsi_overbought,macd_bullish"
20251224,,,,306170.0,306840.0,12550292.0,3842506137930.0,8117.0,276523.5,258621.0,199866.85,289343.5846894574,275900.0559509342,13443.528738523193,11418.1565417885,77.87513093573845,,12293329.65,"trend_up,rsi_overbought,macd_bullish"
20251227,,,,314650.0,315350.0,15628015.0,4917414561750.0,7963.0,279497.0,260681.4,200565.0,293236.8793526178,278770.4221767909,14466.457175826887,12027.816668596179,80.79464641162753,,12650175.5,"trend_up,rsi_overbought,macd_bullish"
20251228,,,,323220.0,324080.0,13104744.0,4235676971190.0,7094.0,282969.5,262786.4,201304.05,297849.66714452277,282062.9834970286,15786.683647494181,12779.59006437578,83.20645145784414,,12807606.55,"trend_up,rsi_overbought,macd_bullish"
20251229,,,,317740.0,313530.0,22782950.0,7239035266400.0,15340.0,286003.0,264672.6,201998.55,300909.71835305775,284705.7254602117,16203.992892846058,13464.470630069834,76.58366912383399,,13452465.25,"trend_up,rsi_overbought,macd_bullish"
20251230,,,,308240.0,308210.0,3826935.0,1179630409100.0,2164.0,288584.0,266378.8,202672.35,302037.45399104885,286449.00505575154,15588.448935297318,13889.266291115333,66.67581618839563,,13330915.0,"trend_up,macd_bullish"
20251231,,,,313990.0,317480.0,13211722.0,4148338265810.0,6643.0,291542.5,268086.0,203370.1,303876.3072231952,288489.0787553255,15387.228467869689,14188.858726466206,69.26743494501052,,13590613.2,"trend_up,macd_bullish"
20260104,,,,321140.0,323400.0,20004923.0,6424469550810.0,9102.0,294562.5,269819.6,204125.55,306532.2599580883,290907.6655141903,15624.594443898008,14476.005869952565,72.1661634801065,,13877882.3,"trend_up,rsi_overbought,macd_bullish"
20260105,,,,330770.0,330770.0,3391426.0,1121781978020.0,1013.0,297865.5,271733.6,204951.75,310261.1430414593,293860.4310316576,16400.712009801704,14860.947097922395,75.51581289312337,,13280153.05,"trend_up,rsi_overbought,macd_bullish"
20260106,,,,340690.0,340690.0,2644388.0,900916547720.0,770.0,301267.5,273780.8,205852.0,314942.5056504656,297329.28799227555,17613.217658190057,15411.40120997593,78.39957040839496,,12907654.9,"trend_up,rsi_overbought,macd_bullish"
20260107,,,,350910.0,350910.0,7942922.0,2787250759020.0,1678.0,305133.5,275942.0,206806.05,320475.96631962474,301298.2296224774,19177.736697147368,16164.668307410217,80.8960098842456,,12543162.95,"trend_up,rsi_overbought,macd_bullish"
20260110,,,,348470.0,340390.0,36607037.0,12756457924250.0,17266.0,308880.0,277952.2,207764.15,324782.7407319902,304792.4348356272,19990.30589636299,16929.795825200774,78.56151922777369,,13599350.35,"trend_up,rsi_overbought,macd_bullish,volume_spike"
20260111,,,,357980.0,358920.0,14827209.0,5307894036190.0,6054.0,312937.0,280142.0,208766.5,329890.0113886071,308732.2544774326,21157.75691117451,17775.38804239552,80.87773847676009,,13868149.75,"trend_up,rsi_overbought,macd_bullish"
20260112,,,,368710.0,368710.0,3870061.0,1426930191310.0,1061.0,317686.0,282522.0,209799.15,335862.31732882134,313175.0504420672,22687.266886754136,18757.763811267243,83.09675093089739,,13529110.1,"trend_up,rsi_overbought,macd_bullish"
20260113,,,,372000.0,365690.0,22423902.0,8341590429460.0,16639.0,322279.5,284848.8,210842.2,341421.960816695,317532.4541130252,23889.506703669787,19784.112389747752,83.72054495283322,,13978994.9,"trend_up,rsi_overbought,macd_bullish"
20260114,,,,360840.0,360840.0,3887554.0,1402784985360.0,1938.0,325995.5,286822.4,211845.8,344409.35146028036,320740.42047502333,23668.93098525703,20561.076108849607,73.77490654422664,,12965413.0,"trend_up,rsi_overbought,macd_bullish"
20260118,,,,371540.0,371660.0,9307177.0,3457947817270.0,3240.0,330084.5,289056.0,212926.85,348583.297389468,324503.35229168826,24079.94509777974,21264.849906635634,76.64022878316426,,12884485.95,"trend_up,rsi_overbought,macd_bullish"
20260119,,,,381560.0,382680.0,21482080.0,8196621470550.0,10057.0,334245.5,291548.2,214034.9,353656.6362526268,328729.7706404521,24926.865612174675,21997.253047743445,78.95868034742668,,13373256.4,"trend_up,rsi_overbought,macd_bullish"
20260120,,,,384690.0,379450.0,23811983.0,9160160275750.0,15149.0,338398.0,294014.8,215154.9,358430.99990606884,332874.97281523346,25556.027090835385,22709.007856361837,79.6385102930264,,13753905.0,"trend_up,rsi_overbought,macd_bullish"
20260121,,,,375020.0,373150.0,15663979.0,5874227525060.0,11967.0,342312.0,296434.4,216240.5,360983.15376667364,335996.8266807717,24986.327085901925,23164.471702269853,71.90859170400503,,13786103.4,"trend_up,rsi_overbought,macd_bullish"
20260124,,,,363770.0,363770.0,3136884.0,1141104292680.0,1934.0,345605.0,298766.8,217253.8,361411.8993410315,338054.0987784923,23357.800562539196,23203.13747432372,64.11204709275631,,13505309.15,"trend_up,macd_bullish"
20260125,,,,352860.0,352860.0,2097949.0,740282284140.0,755.0,347939.5,300930.4,218229.75,360096.22251933435,339150.83220230765,20945.3903170267,22751.588042864318,57.590789861461765,,12982692.0,"trend_up,macd_bearish"
20260126,,,,342280.0,342280.0,2162417.0,740152090760.0,539.0,349321.0,302981.8,219164.95,357355.26520866755,339382.62240954407,17972.64279912348,21795.79899411615,52.060526155786015,,12309412.1,macd_bearish
20260127,,,,332020.0,332020.0,2153469.0,714994777380.0,755.0,349761.0,304720.2,220062.55,353457.53209964174,338837.24297180003,14620.289127841708,20360.697020861266,47.31546022693644,,11761848.35,macd_bearish
20260128,,,,322060.0,322060.0,4248323.0,1368214905380.0,2222.0,349977.0,306163.8,220887.5,348627.1425458507,337594.48423314816,11032.658312702551,18495.089279229524,43.19917195858051,,10835117.0,macd_bearish
20260131,,,,313670.0,312400.0,10761024.0,3375389437950.0,4718.0,350248.5,307356.6,221673.75,343249.1206157198,335822.30021587794,7426.820399841876,16281.435503351993,40.039252729108476,,11181821.45,macd_bearish
20260201,,,,306790.0,309220.0,26761100.0,8210011875850.0,15293.0,349888.5,308415.4,222421.05,337640.0251363783,333671.75945914624,3968.2656772320624,13818.80153812801,37.60977745273627,,11859290.35,"macd_bearish,volume_spike"
20260202,,,,315370.0,315990.0,9440267.0,2977156153530.0,6615.0,349600.0,309594.0,223187.7,334213.86742308934,332316.07357328356,1897.7938498057774,11434.600000463563,42.310922466574574,,11331057.55,macd_bearish
20260203,,,,310380.0,309370.0,12880290.0,3997775148560.0,9154.0,348580.5,310553.4,223906.95,330547.1185887679,330691.1792345218,-144.0606457539252,9118.867871220065,40.40409903015753,,11805500.75,macd_bearish
20260207,,,,319690.0,319690.0,2945874.0,941766459060.0,1124.0,347530.5,311629.0,224691.7,328876.7926520344,329876.2770690017,-999.4844169673161,7095.197413582589,45.35247096802739,,11820575.05,macd_bearish
20260208,,,,322560.0,313570.0,13599188.0,4386536751630.0,10434.0,346113.0,312717.4,225475.7,327904.9783978752,329334.330619446,-1429.3522215707926,5390.287486551913,46.818437112890386,,12103388.35,macd_bearish
20260209,,,,313010.0,312890.0,3004068.0,940305375140.0,1203.0,344340.0,313741.8,226187.95,325613.44325974054,328125.12094393146,-2511.677684190916,3809.894452403348,42.71248043832554,,10423239.9,macd_bearish
20260210,,,,304010.0,303690.0,11457031.0,3483074386500.0,8472.0,341641.5,314718.4,226829.65,322289.8366043959,326338.81568882545,-4048.979084429564,2238.119745036766,39.22151435414487,,10254731.0,macd_bearish
20260214,,,,300440.0,294890.0,7714975.0,2317885750820.0,7123.0,338228.0,315651.8,227429.0,318928.3232806426,324420.38489706063,-5492.06161641801,692.0834727458107,37.89832722447577,,10446976.7,macd_bearish
20260215,,,,291440.0,291430.0,4095392.0,1193545342500.0,1576.0,334200.0,316339.2,227965.35,314699.350468236,321977.3934232043,-7278.0429549682885,-901.9418127970092,34.71841067624804,,9530551.2,macd_bearish
20260216,,,,284040.0,286300.0,6347308.0,1802883877710.0,5733.0,330360.0,316887.6,228437.1,309982.52731927665,319167.2161325966,-9184.688813319954,-2558.4912129015984,32.31733877178907,,9653538.9,macd_bearish
20260217,,,,286630.0,288280.0,3806389.0,1091031216250.0,6747.0,326114.5,317523.8,228893.35,306389.8308086187,316757.0519746265,-10367.221166007803,-4120.237203522839,34.03682850068559,,9378499.5,macd_bearish
20260218,,,,280500.0,278040.0,5522069.0,1548916217430.0,5892.0,321061.5,317919.0,229300.95,302406.77991498506,314071.34442095045,-11664.56450596539,-5629.10266401135,31.96684300914211,,8580498.95,macd_bearish
20260221,,,,272090.0,272090.0,2473528.0,673022233520.0,573.0,315431.5,318066.6,229636.7,297742.65992806427,310961.6152045838,-13218.955276519526,-7147.073186512986,29.331302094617826,,7513576.2,"trend_down,rsi_oversold,macd_bearish"
20260222,,,,263928.0,263928.0,2664688.0,703285774464.0,1513.0,309876.9,317892.16,229956.59,292540.4045545159,307477.643707948,-14937.239153432078,-8705.106379896804,27.00434221498837,,6863611.65,"trend_down,rsi_oversold,macd_bearish"
20260223,,,,264487.0,262220.0,8387502.0,2218382146899.0,7400.0,304912.75,317710.1,230264.025,288224.49616151344,304293.1515814333,-16068.655419919873,-10177.816187901419,27.428981987665665,,7126142.55,"trend_down,rsi_oversold,macd_bearish"
20260224,,,,256664.0,256553.0,5590265.0,1434822377880.0,3808.0,300102.95,317372.58,230562.795,283369.0352135883,300765.0662791049,-17396.03106551664,-11621.459163424464,25.218022074389026,,7300758.35,"trend_down,rsi_oversold,macd_bearish"
20260225,,,,257670.0,258262.0,5743240.0,1479858120299.0,5361.0,295872.45,316989.18,230893.445,279415.33748842083,297572.8391473194,-18157.501658898545,-12928.667662519281,26.04359662268058,,7479799.5,"trend_down,rsi_oversold,macd_bearish"
20260228,,,,257670.0,258262.0,0.0,0.0,0.0,292154.95,316667.98,231223.295,276069.9009517407,294617.073284555,-18547.172332814313,-14052.36859657829,26.04359662268058,,7372126.05,"trend_down,rsi_oversold,macd_bearish"
20260302,,,,257670.0,258262.0,0.0,0.0,0.0,288935.45,316218.78,231540.845,273239.14695916517,291880.25304125465,-18641.106082089478,-14970.116093680528,26.04359662268058,,7159709.9,"trend_down,rsi_oversold,macd_bearish"
20260303,,,,257670.0,258262.0,0.0,0.0,0.0,286135.45,315641.78,231829.495,270843.89358083205,289346.160223384,-18502.266642551927,-15676.546203454809,26.04359662268058,,6621658.7,"trend_down,rsi_oversold,macd_bearish"
20260304,,,,257670.0,258262.0,0.0,0.0,0.0,283679.45,314999.98,232126.445,268817.1407222425,286999.77798461483,-18182.63726237236,-16177.764415238318,26.04359662268058,,5283603.7,"trend_down,rsi_oversold,macd_bearish"
20260307,,,,257670.0,258262.0,0.0,0.0,0.0,280794.45,314186.58,232393.845,267102.1959957436,284827.2018376063,-17725.0058418627,-16487.212700563196,26.04359662268058,,4811590.35,"trend_down,rsi_oversold,macd_bearish"
20260308,,,,257670.0,258262.0,0.0,0.0,0.0,278158.95,313307.18,232630.645,265651.0889194754,282815.5572570429,-17164.468337567523,-16622.66382796406,26.04359662268058,,4167575.85,"trend_down,rsi_oversold,macd_bearish"
20260309,,,,257670.0,258262.0,0.0,0.0,0.0,275057.95,312525.78,232835.945,264423.22908570996,280952.92338615085,-16529.694300440897,-16604.06992245943,26.04359662268058,,4020282.15,"trend_down,rsi_oversold,macd_bullish"
20260310,,,,257670.0,258262.0,0.0,0.0,0.0,271813.45,311720.98,233013.245,263384.2707648315,279228.26239458413,-15843.991629752622,-16452.054263918068,26.04359662268058,,3340322.75,"trend_down,rsi_oversold,macd_bullish"
20260314,,,,257670.0,258262.0,0.0,0.0,0.0,269046.45,310750.98,233207.795,262505.1521856267,277631.35406905937,-15126.201883432688,-16186.883787820992,26.04359662268058,,3190119.35,"trend_down,rsi_oversold,macd_bullish"
20260315,,,,257670.0,258262.0,0.0,0.0,0.0,266729.45,309611.38,233391.295,261761.2826186072,276152.73524912907,-14391.452630521875,-15827.797556361169,26.04359662268058,,2617267.8,"trend_down,rsi_oversold,macd_bullish"
20260316,,,,257670.0,258262.0,0.0,0.0,0.0,264590.95,308300.38,233546.345,261131.85452343686,274783.6437491936,-13651.789225756715,-15392.595890240278,26.04359662268058,,2231519.05,"trend_down,rsi_oversold,macd_bullish"
20260317,,,,257670.0,258262.0,0.0,0.0,0.0,262902.45,307098.98,233711.245,260599.2615198312,273515.9664344385,-12916.704914607282,-14897.41769511368,26.04359662268058,,2026749.45,"trend_down,rsi_oversold,macd_bullish"
20260318,,,,257670.0,258262.0,0.0,0.0,0.0,261583.95,306087.58,233905.295,260148.60590139564,272342.1911429986,-12193.585241602937,-14356.651204411533,26.04359662268058,,1709384.05,"trend_down,rsi_oversold,macd_bullish"
20260325,,,,257670.0,258262.0,0.0,0.0,0.0,260135.95,304961.18,234087.695,259767.28191656555,271255.3621694431,-11488.080252877553,-13782.937014104738,26.04359662268058,,1519064.6,"trend_down,rsi_oversold,macd_bullish"
20260328,,,,257670.0,258262.0,0.0,0.0,0.0,258994.45,303691.78,234298.595,259444.62316017086,270249.03904578066,-10804.415885609807,-13187.232788405752,26.04359662268058,,1242961.15,"trend_down,rsi_oversold,macd_bullish"
20260329,,,,257670.0,258262.0,0.0,0.0,0.0,258273.45,302229.78,234503.195,259171.60421245228,269317.25837572286,-10145.654163270578,-12578.917063378718,26.04359662268058,,1119284.75,"trend_down,rsi_oversold,macd_bullish"
20260330,,,,257670.0,258262.0,0.0,0.0,0.0,257960.55,300569.38,234692.395,258940.5881797673,268454.4984960397,-9513.910316272406,-11965.915713957456,26.04359662268058,,986050.35,"trend_down,rsi_oversold,macd_bullish"
20260331,,,,257670.0,258262.0,0.0,0.0,0.0,257619.7,298704.58,234896.095,258745.11307518772,267655.6467555923,-8910.533680404595,-11354.839307246884,26.04359662268058,,566675.25,"rsi_oversold,macd_bullish"
20260404,,,,257670.0,258262.0,0.0,0.0,0.0,257670.0,296888.58,235110.695,258579.71106362037,266915.96921814105,-8336.258154520678,-10751.123076701642,26.04359662268058,,287162.0,"rsi_oversold,macd_bullish"
20260405,,,,257670.0,258262.0,0.0,0.0,0.0,257670.0,294882.38,235353.095,258439.7555153711,266231.08260938985,-7791.32709401875,-10159.163880165064,26.04359662268058,,0.0,"rsi_oversold,macd_bullish"
20260406,,,,257670.0,258262.0,0.0,0.0,0.0,257670.0,292661.58,235568.545,258321.3315899294,265596.92834202765,-7275.596752098238,-9582.4504545517,26.04359662268058,,0.0,"rsi_oversold,macd_bullish"
20260407,,,,257670.0,258262.0,0.0,0.0,0.0,257670.0,290374.98,235796.145,258221.12672994027,265009.7484648404,-6788.621734900138,-9023.684710621386,26.04359662268058,,0.0,"rsi_oversold,macd_bullish"
20260408,,,,257670.0,258262.0,0.0,0.0,0.0,257670.0,288311.58,236055.095,258136.33800225717,264466.0633933708,-6329.725391113607,-8484.892846719831,26.04359662268058,,0.0,"rsi_oversold,macd_bullish"
20260411,,,,257670.0,258262.0,0.0,0.0,0.0,257670.0,286034.18,236325.745,258064.59369421762,263962.6512901581,-5898.057595940481,-7967.525796563961,26.04359662268058,,0.0,"rsi_oversold,macd_bullish"
20260412,,,,257670.0,258262.0,0.0,0.0,0.0,257670.0,283556.38,236619.545,258003.8869720303,263496.52897236863,-5492.642000338325,-7472.549037318834,26.04359662268058,,0.0,"rsi_oversold,macd_bullish"
20260413,,,,257670.0,258262.0,0.0,0.0,0.0,257670.0,281015.98,236900.795,257952.51974556412,263064.93423367466,-5112.414488110546,-7000.5221274771775,26.04359662268058,,0.0,"rsi_oversold,macd_bullish"
20260415,,,,257670.0,258262.0,0.0,0.0,0.0,257670.0,278668.98,237183.545,257909.0551693235,262665.3094756247,-4756.254306301213,-6551.668563241985,26.04359662268058,,0.0,"rsi_oversold,macd_bullish"
20260418,,,,257670.0,258262.0,0.0,0.0,0.0,257670.0,276546.98,237466.295,257872.27745096604,262295.28655150434,-4423.0091005383,-6125.936670701249,26.04359662268058,,0.0,"rsi_oversold,macd_bullish"
20260419,,,,257670.0,258262.0,0.0,0.0,0.0,257670.0,274643.18,237749.045,257841.1578431251,261952.67273287437,-4111.514889749262,-5723.052314510851,26.04359662268058,,0.0,"rsi_oversold,macd_bullish"
20260420,,,,257670.0,258262.0,0.0,0.0,0.0,257670.0,272950.98,238031.795,257814.8258672597,261635.4377156244,-3820.6118483647006,-5342.564221281621,26.04359662268058,,0.0,"rsi_oversold,macd_bullish"
20260421,,,,257670.0,258262.0,0.0,0.0,0.0,257670.0,271463.98,238314.545,257792.54496460437,261341.7015885411,-3549.156623936724,-4983.882701812642,26.04359662268058,,0.0,"rsi_oversold,macd_bullish"
20260422,,,,257670.0,258262.0,0.0,0.0,0.0,257670.0,270176.18,238597.295,257773.6918931268,261069.7236930936,-3296.0317999668187,-4646.312521443478,26.04359662268058,,0.0,"rsi_oversold,macd_bullish"
20260425,,,,257670.0,258262.0,0.0,0.0,0.0,257670.0,269056.18,238880.045,257757.7392941842,260817.89230842,-3060.1530142358097,-4329.080620001944,26.04359662268058,,0.0,"rsi_oversold,macd_bullish"
20260426,,,,257670.0,258262.0,0.0,0.0,0.0,257670.0,268073.78,239162.795,257744.2409412328,260584.7151003889,-2840.4741591560887,-4031.3593278327735,26.04359662268058,,0.0,"rsi_oversold,macd_bullish"
20260427,,,,257670.0,258262.0,0.0,0.0,0.0,257670.0,266919.78,239445.545,257732.8192579662,260368.81027813785,-2635.991020171641,-3752.2856663005473,26.04359662268058,,0.0,"rsi_oversold,macd_bullish"
20260428,,,,257670.0,258262.0,0.0,0.0,0.0,257670.0,265865.58,239758.445,257723.15475674064,260168.8984056832,-2445.74364894256,-3490.9772628289497,26.04359662268058,,0.0,"rsi_oversold,macd_bullish"
20260429,,,,257670.0,258262.0,0.0,0.0,0.0,257670.0,264625.18,240100.595,257714.97710185745,259983.79482007702,-2268.817718219565,-3246.545353907073,26.04359662268058,,0.0,"rsi_oversold,macd_bullish"
20260502,,,,257670.0,258262.0,0.0,0.0,0.0,257670.0,263327.38,240471.095,257708.05754772553,259812.40261118242,-2104.345063456887,-3018.105295817036,26.04359662268058,,0.0,"rsi_oversold,macd_bullish"
20260503,,,,257670.0,258262.0,0.0,0.0,0.0,257670.0,262220.58,240869.095,257702.20254038315,259653.7061214652,-1951.503581082041,-2804.784952870037,26.04359662268058,,0.0,"rsi_oversold,macd_bullish"
20260504,,,,257670.0,258262.0,0.0,0.0,0.0,257670.0,261293.78,241293.795,257697.24830340114,259506.76492728258,-1809.5166238814418,-2605.731287072318,26.04359662268058,,0.0,"rsi_oversold,macd_bullish"
20260505,,,,257670.0,258262.0,0.0,0.0,0.0,257670.0,260438.38,241723.345,257693.05625672406,259370.7082660024,-1677.6520092783321,-2420.115431513521,26.04359662268058,,0.0,"rsi_oversold,macd_bullish"
20260506,,,,257670.0,258262.0,0.0,0.0,0.0,257670.0,259762.98,242177.645,257689.509140305,259244.72987592814,-1555.220735623152,-2247.136492335447,26.04359662268058,,0.0,"rsi_oversold,macd_bullish"
20260509,,,,257670.0,258262.0,0.0,0.0,0.0,257670.0,259235.58,242655.845,257686.50773410423,259128.08321845197,-1441.5754843477334,-2086.0242907379047,26.04359662268058,,0.0,"rsi_oversold,macd_bullish"
20260510,,,,257670.0,258262.0,0.0,0.0,0.0,257670.0,258656.38,243114.445,257683.9680827036,259020.07705412217,-1336.10897141858,-1936.04122687404,26.043596622680596,,0.0,"rsi_oversold,macd_bullish"
20260511,,,,257670.0,258262.0,0.0,0.0,0.0,257670.0,258199.78,243591.145,257681.81914690306,258920.07134640942,-1238.252199506358,-1796.4834214005036,26.043596622680596,,0.0,"rsi_oversold,macd_bullish"
20260512,,,,257670.0,258262.0,0.0,0.0,0.0,257670.0,257911.38,244074.645,257680.0008166103,258827.4734688976,-1147.4726522873098,-1666.681267577865,26.043596622680596,,0.0,"rsi_oversold,macd_bullish"
20260513,,,,257670.0,258262.0,0.0,0.0,0.0,257670.0,257786.22,244565.945,257678.4622294395,258741.7346934237,-1063.2724639842054,-1545.9995068591331,26.043596622680596,,0.0,"rsi_oversold,macd_bullish"
20260516,,,,257670.0,258262.0,0.0,0.0,0.0,257670.0,257649.88,245037.695,257677.16034798726,258662.34693835527,-985.1865903680155,-1433.8369235609096,26.043596622680596,,0.0,"rsi_oversold,macd_bullish"
20260517,,,,257670.0,258262.0,0.0,0.0,0.0,257670.0,257670.0,245500.395,257676.05875598922,258588.83975773636,-912.7810017471493,-1329.6257391981576,26.043596622680596,,0.0,"rsi_oversold,macd_bullish"
20260518,,,,257670.0,258262.0,0.0,0.0,0.0,257670.0,257670.0,245965.545,257675.12663968318,258520.7775534596,-845.6509137764224,-1232.8307741138105,26.043596622680596,,0.0,"rsi_oversold,macd_bullish"
20260519,,,,252711.0,249940.0,19852740.0,5017015078355.0,7828.0,257422.05,257570.82,246387.25,256911.41484896268,258090.42366061074,-1179.008811648062,-1222.0663816206609,7.697745362395452,,992637.0,"trend_down,rsi_oversold,macd_bullish,volume_spike"
20260520,,,,258657.0,260292.0,20857686.0,5394995051080.0,6882.0,257471.4,257590.56,246813.435,257179.96641066074,258132.3922783433,-952.4258676825557,-1168.13827883304,51.66419217730556,,2035521.3,"macd_bullish,volume_spike"
20260523,,,,266416.0,266416.0,3156687.0,840991923792.0,689.0,257908.7,257765.48,247278.415,258600.89465517446,258745.99285031785,-145.09819514339324,-963.5302620951106,71.04570264826785,,2193355.65,"trend_up,rsi_overbought,macd_bullish"
20260524,,,,274408.0,274408.0,2129937.0,584471752296.0,424.0,258745.6,258100.24,247783.355,261032.75701591687,259906.14152807207,1126.6154878447996,-545.5011121071286,79.95948354788817,,2299852.5,"trend_up,rsi_overbought,macd_bullish"
20260525,,,,282640.0,282640.0,2475792.0,699757850880.0,560.0,259994.1,258599.64,248374.205,264356.94824423734,261590.13104451116,2766.8171997261816,116.96255025953343,85.06105017795893,,2423642.1,"trend_up,rsi_overbought,macd_bullish"
20260526,,,,291119.0,291119.0,2868368.0,835036423792.0,762.0,261666.55,259268.62,249031.1,268474.1869758931,263777.45467084367,4696.732305049431,1032.9165012175129,88.35051553733446,,2567060.5,"trend_up,rsi_overbought,macd_bullish"
20260530,,,,299852.0,299852.0,2166883.0,649744201316.0,547.0,263775.65,260112.26,249755.61,273301.5428257557,266449.64321374416,6851.899612011563,2196.713123376323,90.63723496564074,,2675404.65,"trend_up,rsi_overbought,macd_bullish"
20260531,,,,308847.0,308847.0,2103034.0,649515741798.0,445.0,266334.5,261135.8,250543.745,278770.0746987164,269590.18816087424,9179.886537842161,3593.3478062694912,92.31132898408606,,2780556.35,"trend_up,rsi_overbought,macd_bullish"
20260601,,,,318112.0,318112.0,2314469.0,736260362528.0,756.0,269356.6,262344.64,251379.905,284822.6785912216,273184.3964452539,11638.282145967649,5202.3346742091235,93.5838847322986,,2896279.8,"trend_up,rsi_overbought,macd_bullish"
20260602,,,,327655.0,327655.0,2597008.0,850922656240.0,756.0,272855.85,263744.34,252245.23,291412.2665002644,277219.2559678277,14193.010532436718,7000.469845854643,94.57910791458715,,3026130.2,"trend_up,rsi_overbought,macd_bullish"
20260603,,,,337484.0,337484.0,6084117.0,2053292141628.0,1300.0,276846.55,265340.62,253141.8,298500.22550022375,281683.3110813219,16816.91441890184,8963.758760464083,95.37486706371192,,3330336.05,"trend_up,rsi_overbought,macd_bullish"
20260606,,,,347608.0,347608.0,2464287.0,856605875496.0,757.0,281343.45,267139.38,254102.74,306055.2677309586,286566.6213715944,19488.64635936421,11068.73628024411,96.02252516736786,,3453550.4,"trend_up,rsi_overbought,macd_bullish"
20260607,,,,358036.0,358036.0,2248515.0,805049316540.0,538.0,286361.75,269146.7,255117.12,314052.3034646573,291860.6494181429,22191.654046514363,13293.31983349816,96.5572822785811,,3565976.15,"trend_up,rsi_overbought,macd_bullish"
20260608,,,,355082.0,347295.0,59020679.0,20957167423662.0,23032.0,291232.35,271094.94,256094.38,320364.5644700946,296543.71242420643,23820.852045888198,15398.826275976171,92.75301252786849,,6517010.1,"trend_up,rsi_overbought,macd_bullish,volume_spike"
20260609,,,,365734.0,365734.0,1337902.0,489316250068.0,654.0,296635.55,273256.22,257131.25,327344.47762854164,301668.9189113023,25675.558717239357,17454.17276422881,93.7146686455066,,6583905.2,"trend_up,rsi_overbought,macd_bullish"
20260610,,,,376706.0,376706.0,1567583.0,590517921598.0,1065.0,302587.35,275636.94,258218.58,334938.5579933814,307227.22121416876,27711.336779212637,19505.605567225575,94.521144645403,,6662284.35,"trend_up,rsi_overbought,macd_bullish"
20260613,,,,388007.0,388007.0,1108714.0,430188792998.0,511.0,309104.2,278243.68,259378.915,343102.93368670734,313210.90853163775,29892.025155069598,21582.88948479438,95.20376534240333,,6717720.05,"trend_up,rsi_overbought,macd_bullish"
20260614,,,,399647.0,399647.0,1113452.0,444987751444.0,612.0,316203.05,281083.22,260619.1,351802.0208118293,319613.5819737386,32188.43883809069,23703.999355453645,95.78612590989141,,6773392.65,"trend_up,rsi_overbought,macd_bullish"
20260615,,,,411636.0,411636.0,1426180.0,587067030480.0,690.0,323901.35,284162.54,261931.33,361007.24837924016,326430.0573830913,34577.190996148856,25878.63768359269,96.2862917052952,,6844701.65,"trend_up,rsi_overbought,macd_bullish"
20260616,,,,423985.0,423985.0,1889459.0,801102274115.0,850.0,332217.1,287488.84,263283.655,370696.13324397244,333656.34942878823,37039.7838151842,28110.866909910994,96.71836394321856,,6939174.6,"trend_up,rsi_overbought,macd_bullish"
20260617,,,,436704.0,436704.0,1861093.0,812746757472.0,1203.0,341416.75,291069.52,264680.275,380851.18966797664,341289.5087303595,39561.680937617144,30401.029715452227,97.09345100423296,,6039592.25,"trend_up,rsi_overbought,macd_bullish"
20260620,,,,436704.0,436704.0,0.0,0.0,0.0,350319.1,294650.2,266091.945,389443.9297190571,348357.24882440694,41086.68089465017,32538.15995129182,97.09345100423296,,4996707.95,"trend_up,rsi_overbought,macd_bullish"
20260621,,,,436704.0,436704.0,0.0,0.0,0.0,358833.5,298230.88,267517.465,396714.70976227906,354901.4526151916,41813.25714708748,34393.179390450954,97.09345100423296,,4838873.6,"trend_up,rsi_overbought,macd_bullish"
20260622,,,,432574.0,449337.0,27682022.0,11974531099232.0,8944.0,366741.8,301728.96,268913.535,402231.5236450053,360654.9746436959,41576.54900130938,35829.85331262264,92.79211020154774,,6116477.85,"trend_up,rsi_overbought,macd_bullish,volume_spike"
20260623,,,,445551.0,445551.0,2393054.0,1066227602754.0,729.0,374887.35,305486.58,270393.04,408896.0584688506,366943.56911453325,41952.48935431737,37054.38052096158,93.73176459889342,,6112340.95,"trend_up,rsi_overbought,macd_bullish"
20260627,,,,458917.0,458917.0,1907062.0,875183171854.0,916.0,383277.25,309511.52,271938.775,416591.5879351813,373756.41584679007,42835.172088391206,38210.53883444751,94.52365112785917,,6064275.65,"trend_up,rsi_overbought,macd_bullish"
20260628,,,,471381.0,472684.0,61227562.0,28861499191679.0,19477.0,391853.7,313785.74,273536.18,425020.7282528457,380987.86652480566,44032.861728040036,39375.003413166014,95.14021160714863,,9017309.6,"trend_up,rsi_overbought,macd_bullish,volume_spike"
20260629,,,,484348.0,485522.0,21718311.0,10519226245188.0,8445.0,400628.75,318319.3,275213.27,434148.000829331,388644.1727081534,45503.82812117762,40600.768354768334,95.68455940787831,,9998073.45,"trend_up,rsi_overbought,macd_bullish,volume_spike"
20260630,,,,498688.0,498878.0,7054086.0,3517790016768.0,3101.0,409657.55,323139.66,276939.91,444077.2314709724,396795.56732236425,47281.664148608164,41936.9475135363,96.19247980390627,,10235054.3,"trend_up,rsi_overbought,macd_bullish"
20260701,,,,511200.0,513648.0,14596164.0,7461555902588.0,6750.0,418834.8,328210.26,278706.11,454403.8112446689,405269.9697429299,49133.84150173899,43376.32631117685,96.57163721583376,,10835012.1,"trend_up,rsi_overbought,macd_bullish"
20260707,,,,526536.0,526536.0,1589808.0,837091145088.0,815.0,428287.4,333587.58,280525.34,465501.0710531814,414252.63865086104,51248.43240232038,44950.747529405555,96.96992805892808,,10610296.65,"trend_up,rsi_overbought,macd_bullish"
20260708,,,,526782.0,510740.0,23793741.0,12534107248976.0,18715.0,437246.1,338969.82,282326.85,474928.9062757689,422588.1468989454,52340.759376823495,46428.749898889146,96.97599686803466,,11676769.35,"trend_up,rsi_overbought,macd_bullish,volume_spike"
20260711,,,,526782.0,510740.0,0.0,0.0,0.0,445683.4,344352.06,284111.56,482906.305310266,430306.2100916161,52600.09521864989,47663.01896284129,96.97599686803466,,11564343.6,"trend_up,rsi_overbought,macd_bullish"
20260712,,,,526782.0,510740.0,0.0,0.0,0.0,454268.4,349734.3,285870.82,489656.4121856097,437452.5648996445,52203.84728596517,48571.18462746607,96.97599686803466,,8613309.65,"trend_up,rsi_overbought,macd_bullish"
20260713,,,,510979.0,510979.0,2220256.0,1134504190624.0,603.0,461530.65,354800.48,287526.065,492936.81031090044,442898.96749967086,50037.84281122958,48864.51626421878,83.54976207108129,,8657427.35,"trend_up,rsi_overbought,macd_bullish"
20260714,,,,495650.0,495650.0,2108463.0,1045059685950.0,496.0,467477.85,359560.08,289085.165,493354.22410922346,446806.45138858416,46547.7727206393,48401.167555502885,72.99301204944777,,8684471.35,"trend_up,rsi_overbought,macd_bearish"
20260715,,,,480781.0,480781.0,3108094.0,1494312541414.0,971.0,472116.55,364022.3,290546.87,491419.8819385737,449323.0846190594,42096.79731951427,47140.29350830516,64.4820876890285,,8784440.35,"trend_up,macd_bearish"
20260718,,,,466358.0,466358.0,2052366.0,957137303028.0,350.0,475452.1,368196.06,291942.21,487564.20779417775,450584.9302028328,36979.27759134496,45108.09032491312,57.480816505893195,,8831386.05,macd_bearish
20260719,,,,452368.0,452368.0,4641823.0,2099812186864.0,1255.0,477488.7,372090.02,293295.2,482149.40659507347,450717.0094470674,31432.39714800607,42372.95168953172,51.625518169811166,,8992168.2,macd_bearish
20260720,,,,450015.0,455300.0,51978135.0,23390944119455.0,26494.0,478790.2,375936.92,294662.725,477205.6517342929,450665.0087472846,26540.642987008323,39206.48994902704,50.69024307628064,,11496602.0,"macd_bearish,volume_spike"
20260721,,,,463515.0,463515.0,3912817.0,1813649371755.0,1380.0,480130.75,380053.82,296124.2,475099.39762132475,451616.8599511894,23482.537670135323,36061.6994932487,55.654158472039796,,11599188.2,macd_bearish
20260722,,,,470420.0,466560.0,40659362.0,19126963538460.0,25668.0,481816.55,384308.82,297642.4,474379.4902949671,453009.6851399902,21369.8051549769,33123.320625594344,57.983971685690754,,13632156.3,"macd_bearish,volume_spike"
20260725,,,,475184.0,478100.0,22925874.0,10894000866345.0,15552.0,483740.55,388659.1,299159.42,474503.26101881836,454652.2269814724,19851.034037345962,30468.86330794467,59.56247508761886,,14778450.0,macd_bearish
20260726,,,,489439.0,489439.0,4969102.0,2432072313778.0,833.0,486583.8,393294.48,300740.965,476801.0670159232,457229.0249828448,19572.04203307838,28289.499052971412,63.92929523325405,,13642804.0,"trend_up,macd_bearish"
20260727,,,,503620.0,504122.0,26291734.0,13241038064131.0,8935.0,489487.25,398213.48,302394.465,480927.0567057812,460665.3935026341,20261.663203147124,26683.931883006557,67.66967059747641,,14837738.0,"trend_up,macd_bearish"
20260728,,,,506180.0,498898.0,16463569.0,8333532054401.0,12920.0,491850.4,403183.68,304034.865,484812.1249048918,464036.8458357723,20775.27906911954,25502.201320229156,68.30855227143614,,15565563.35,"trend_up,macd_bearish"
20260729,,,,490995.0,490995.0,4495920.0,2207474240400.0,1314.0,492831.1,407850.18,305572.64,485763.3364579854,466033.7461442336,19729.590313751774,24347.679118933684,60.652286614852024,,12728981.25,macd_bearish
20260801,,,,476266.0,476266.0,2361751.0,1124821701766.0,1158.0,492427.0,412222.1,307009.27,484302.2077721415,466791.6908742904,17510.516897851077,22980.246674717164,54.295352380019445,,11761153.25,macd_bearish
20260802,,,,488388.0,490553.0,19197640.0,9375903420138.0,10782.0,491912.0,416836.46,308479.96,484930.791191812,468391.4174761948,16539.37371561723,21692.072082897175,58.18015255813982,,12368330.95,macd_bearish
20260803,,,,502945.0,503039.0,7114976.0,3578439683311.0,2473.0,491499.25,421741.96,310026.285,487702.2079315332,470950.94210758776,16751.26582394546,20703.910831106834,62.321865523977834,,11994271.55,"trend_up,macd_bearish"
20260805,,,,518033.0,518033.0,2916294.0,1510736529702.0,1314.0,491074.1,427048.4,311619.0,492368.4836343743,474438.50195147016,17929.981682904123,20149.125001466295,66.07241561023119,,12060595.85,"trend_up,macd_bearish"
20260808,,,,533573.0,533573.0,1362336.0,726905706528.0,993.0,491413.65,432546.72,313259.515,498707.63999831665,478818.83514025016,19888.80485806649,20097.060972786334,69.44590273527808,,10939025.6,"trend_up,macd_bearish"
20260809,,,,523951.0,517566.0,26108905.0,13679779979006.0,14659.0,491272.1,437697.42,314841.27,502591.2338447295,482161.95846319455,20429.275381534942,20163.50385453606,65.12781327459533,,12244470.85,"trend_up,macd_bullish,volume_spike"
20260810,,,,521912.0,539669.0,36704244.0,19156385143697.0,21315.0,491028.6,442647.5,316402.68,505563.65940707875,485106.4059844394,20457.253422639333,20222.253768156712,64.21658172342609,,14079683.05,"trend_up,macd_bullish,volume_spike"
20260811,,,,536622.0,537000.0,22537856.0,12094321042342.0,11608.0,492310.75,447727.14,318062.64,510341.8656521436,488922.37591151794,21419.489740625664,20461.700962650502,67.72498009811542,,15095563.05,"trend_up,macd_bullish"
20260815,,,,521021.0,520524.0,10602309.0,5524025708918.0,5495.0,493579.3,452325.18,319626.945,511984.80939796765,491300.051769924,20684.757628043648,20506.31229572913,60.90469828888335,,15520255.35,"trend_up,macd_bullish"
