date,close,return_1d,sma5,sma20,sma50,ema12,ema26,rsi14,macd,macd_signal,atr14,volume_ratio20,roc20,drawdown_60,breakout_up20,breakout_down20,composite_score,prediction,future_return_5d,prediction_correct
20200826,100000.0,,,,,,,,,,,,,0.0,False,False,0,NEUTRAL,0.0,
20200831,100000.0,0.0,,,,,,,,,,,,0.0,False,False,0,NEUTRAL,0.0,
20200901,100000.0,0.0,,,,,,,,,,,,0.0,False,False,0,NEUTRAL,0.0,
20200902,100000.0,0.0,,,,,,,,,,,,0.0,False,False,0,NEUTRAL,0.0,
20200905,100000.0,0.0,100000.0,,,,,,,,,,,0.0,False,False,0,NEUTRAL,0.0,
20200906,100000.0,0.0,100000.0,,,,,,,,,,,0.0,False,False,0,NEUTRAL,0.0,
20200907,100000.0,0.0,100000.0,,,,,,,,,,,0.0,False,False,0,NEUTRAL,0.0,
20200908,100000.0,0.0,100000.0,,,,,,,,,,,0.0,False,False,0,NEUTRAL,0.0,
20200909,100000.0,0.0,100000.0,,,,,,,,,,,0.0,False,False,0,NEUTRAL,0.0,
20200912,100000.0,0.0,100000.0,,,,,,,,,,,0.0,False,False,0,NEUTRAL,0.0,
20200913,100000.0,0.0,100000.0,,,,,,,,,,,0.0,False,False,0,NEUTRAL,0.0,
20200914,100000.0,0.0,100000.0,,,100000.0,,,,,,,,0.0,False,False,0,NEUTRAL,0.0,
20200915,100000.0,0.0,100000.0,,,100000.0,,,,,,,,0.0,False,False,0,NEUTRAL,0.0,
20200916,100000.0,0.0,100000.0,,,100000.0,,,,,0.0,,,0.0,False,False,0,NEUTRAL,0.0,
20200919,100000.0,0.0,100000.0,,,100000.0,,100.0,,,0.0,,,0.0,False,False,-1,NEUTRAL,0.0,
20200920,100000.0,0.0,100000.0,,,100000.0,,100.0,,,0.0,,,0.0,False,False,-1,NEUTRAL,0.0,
20200921,100000.0,0.0,100000.0,,,100000.0,,100.0,,,0.0,,,0.0,False,False,-1,NEUTRAL,0.0,
20200922,100000.0,0.0,100000.0,,,100000.0,,100.0,,,0.0,,,0.0,False,False,-1,NEUTRAL,0.0,
20200923,100000.0,0.0,100000.0,,,100000.0,,100.0,,,0.0,,,0.0,False,False,-1,NEUTRAL,0.0,
20200926,100000.0,0.0,100000.0,100000.0,,100000.0,,100.0,,,0.0,,,0.0,False,False,-2,DOWN,0.0,False
20200927,100000.0,0.0,100000.0,100000.0,,100000.0,,100.0,,,0.0,,0.0,0.0,False,False,-2,DOWN,0.0,False
20200928,100000.0,0.0,100000.0,100000.0,,100000.0,,100.0,,,0.0,,0.0,0.0,False,False,-2,DOWN,0.0,False
20200929,100000.0,0.0,100000.0,100000.0,,100000.0,,100.0,,,0.0,,0.0,0.0,False,False,-2,DOWN,0.0,False
20200930,100000.0,0.0,100000.0,100000.0,,100000.0,,100.0,,,0.0,,0.0,0.0,False,False,-2,DOWN,0.0,False
20201003,100000.0,0.0,100000.0,100000.0,,100000.0,,100.0,,,0.0,,0.0,0.0,False,False,-2,DOWN,0.0,False
20201004,100000.0,0.0,100000.0,100000.0,,100000.0,100000.0,100.0,0.0,,0.0,,0.0,0.0,False,False,-3,DOWN,0.0,False
20201005,100000.0,0.0,100000.0,100000.0,,100000.0,100000.0,100.0,0.0,,0.0,,0.0,0.0,False,False,-3,DOWN,0.0,False
20201006,100000.0,0.0,100000.0,100000.0,,100000.0,100000.0,100.0,0.0,,0.0,,0.0,0.0,False,False,-3,DOWN,0.0,False
20201007,100000.0,0.0,100000.0,100000.0,,100000.0,100000.0,100.0,0.0,,0.0,,0.0,0.0,False,False,-3,DOWN,0.0,False
20201010,100000.0,0.0,100000.0,100000.0,,100000.0,100000.0,100.0,0.0,,0.0,,0.0,0.0,False,False,-3,DOWN,0.0,False
20201011,100000.0,0.0,100000.0,100000.0,,100000.0,100000.0,100.0,0.0,,0.0,,0.0,0.0,False,False,-3,DOWN,0.0,False
20201012,100000.0,0.0,100000.0,100000.0,,100000.0,100000.0,100.0,0.0,,0.0,,0.0,0.0,False,False,-3,DOWN,0.0,False
20201013,100000.0,0.0,100000.0,100000.0,,100000.0,100000.0,100.0,0.0,,0.0,,0.0,0.0,False,False,-3,DOWN,0.0,False
20201014,100000.0,0.0,100000.0,100000.0,,100000.0,100000.0,100.0,0.0,0.0,0.0,,0.0,0.0,False,False,-4,DOWN,0.0,False
20201018,100000.0,0.0,100000.0,100000.0,,100000.0,100000.0,100.0,0.0,0.0,0.0,,0.0,0.0,False,False,-4,DOWN,0.0,False
20201019,100000.0,0.0,100000.0,100000.0,,100000.0,100000.0,100.0,0.0,0.0,0.0,,0.0,0.0,False,False,-4,DOWN,0.0,False
20201020,100000.0,0.0,100000.0,100000.0,,100000.0,100000.0,100.0,0.0,0.0,0.0,,0.0,0.0,False,False,-4,DOWN,0.0,False
20201021,100000.0,0.0,100000.0,100000.0,,100000.0,100000.0,100.0,0.0,0.0,0.0,,0.0,0.0,False,False,-4,DOWN,0.0,False
20201024,100000.0,0.0,100000.0,100000.0,,100000.0,100000.0,100.0,0.0,0.0,0.0,,0.0,0.0,False,False,-4,DOWN,0.0,False
20201026,100000.0,0.0,100000.0,100000.0,,100000.0,100000.0,100.0,0.0,0.0,0.0,,0.0,0.0,False,False,-4,DOWN,0.0,False
20201027,100000.0,0.0,100000.0,100000.0,,100000.0,100000.0,100.0,0.0,0.0,0.0,,0.0,0.0,False,False,-4,DOWN,0.0,False
20201028,100000.0,0.0,100000.0,100000.0,,100000.0,100000.0,100.0,0.0,0.0,0.0,,0.0,0.0,False,False,-4,DOWN,0.0,False
20201031,100000.0,0.0,100000.0,100000.0,,100000.0,100000.0,100.0,0.0,0.0,0.0,,0.0,0.0,False,False,-4,DOWN,0.0,False
20201101,100000.0,0.0,100000.0,100000.0,,100000.0,100000.0,100.0,0.0,0.0,0.0,,0.0,0.0,False,False,-4,DOWN,0.0,False
20201102,100000.0,0.0,100000.0,100000.0,,100000.0,100000.0,100.0,0.0,0.0,0.0,,0.0,0.0,False,False,-4,DOWN,0.0,False
20201104,100000.0,0.0,100000.0,100000.0,,100000.0,100000.0,100.0,0.0,0.0,0.0,,0.0,0.0,False,False,-4,DOWN,0.0,False
20201107,100000.0,0.0,100000.0,100000.0,,100000.0,100000.0,100.0,0.0,0.0,0.0,,0.0,0.0,False,False,-4,DOWN,0.0,False
20201108,100000.0,0.0,100000.0,100000.0,,100000.0,100000.0,100.0,0.0,0.0,0.0,,0.0,0.0,False,False,-4,DOWN,0.0,False
20201109,100000.0,0.0,100000.0,100000.0,,100000.0,100000.0,100.0,0.0,0.0,0.0,,0.0,0.0,False,False,-4,DOWN,0.0,False
20201110,100000.0,0.0,100000.0,100000.0,100000.0,100000.0,100000.0,100.0,0.0,0.0,0.0,,0.0,0.0,False,False,-5,DOWN,0.0,False
20201111,100000.0,0.0,100000.0,100000.0,100000.0,100000.0,100000.0,100.0,0.0,0.0,0.0,,0.0,0.0,False,False,-5,DOWN,0.0,False
20201114,100000.0,0.0,100000.0,100000.0,100000.0,100000.0,100000.0,100.0,0.0,0.0,0.0,,0.0,0.0,False,False,-5,DOWN,0.0,False
20201115,100000.0,0.0,100000.0,100000.0,100000.0,100000.0,100000.0,100.0,0.0,0.0,0.0,,0.0,0.0,False,False,-5,DOWN,0.0,False
20201116,100000.0,0.0,100000.0,100000.0,100000.0,100000.0,100000.0,100.0,0.0,0.0,0.0,,0.0,0.0,False,False,-5,DOWN,0.0,False
20201117,100000.0,0.0,100000.0,100000.0,100000.0,100000.0,100000.0,100.0,0.0,0.0,0.0,,0.0,0.0,False,False,-5,DOWN,0.0,False
20201118,100000.0,0.0,100000.0,100000.0,100000.0,100000.0,100000.0,100.0,0.0,0.0,0.0,,0.0,0.0,False,False,-5,DOWN,0.0,False
20201121,100000.0,0.0,100000.0,100000.0,100000.0,100000.0,100000.0,100.0,0.0,0.0,0.0,,0.0,0.0,False,False,-5,DOWN,0.0,False
20201122,100000.0,0.0,100000.0,100000.0,100000.0,100000.0,100000.0,100.0,0.0,0.0,0.0,,0.0,0.0,False,False,-5,DOWN,0.0,False
20201123,100000.0,0.0,100000.0,100000.0,100000.0,100000.0,100000.0,100.0,0.0,0.0,0.0,,0.0,0.0,False,False,-5,DOWN,0.0,False
20201124,100000.0,0.0,100000.0,100000.0,100000.0,100000.0,100000.0,100.0,0.0,0.0,0.0,,0.0,0.0,False,False,-5,DOWN,0.13739999999999997,False
20201125,100000.0,0.0,100000.0,100000.0,100000.0,100000.0,100000.0,100.0,0.0,0.0,0.0,,0.0,0.0,False,False,-5,DOWN,0.06170000000000009,False
20201128,100000.0,0.0,100000.0,100000.0,100000.0,100000.0,100000.0,100.0,0.0,0.0,0.0,,0.0,0.0,False,False,-5,DOWN,0.059900000000000064,False
20201129,100000.0,0.0,100000.0,100000.0,100000.0,100000.0,100000.0,100.0,0.0,0.0,0.0,,0.0,0.0,False,False,-5,DOWN,0.0827,False
20201130,100000.0,0.0,100000.0,100000.0,100000.0,100000.0,100000.0,100.0,0.0,0.0,0.0,,0.0,0.0,False,False,-5,DOWN,0.04469999999999996,False
20201201,113740.0,0.13739999999999997,102748.0,100687.0,100274.8,102113.84615384616,101017.77777777778,100.0,1096.068376068375,219.21367521367503,981.4285714285714,20.0,0.13739999999999997,0.0,True,False,5,UP,-0.11069104976261646,False
20201202,106170.0,-0.06655530156497269,103982.0,100995.5,100398.2,102737.86982248521,101399.42386831275,62.761770906535496,1338.4459541724646,443.06013100543294,1452.0408163265306,13.702820400656123,0.06170000000000009,-0.06655530156497269,False,False,3,UP,-0.05566544221531511,False
20201205,105990.0,-0.0016953941791466587,105180.0,101295.0,100518.0,103238.19754210286,101739.46654473402,62.1689495271855,1498.7309973688389,654.1943042781141,1361.1807580174925,7.011218119751269,0.059900000000000064,-0.0681378582732548,False,False,3,UP,-0.055193886215680776,False
20201206,108270.0,0.021511463345598614,106834.0,101708.5,100683.4,104012.32099716396,102223.20976364262,66.48701132372334,1789.1112335213402,881.1776901267594,1426.8107038733858,5.348430511074046,0.0827,-0.048092139968348824,False,False,5,UP,-0.03786829223238197,False
20201207,104470.0,-0.03509744158123207,107728.0,101932.0,100772.8,104082.73315144642,102389.63867003945,55.18199307038723,1693.0944814069662,1043.561048382801,1596.3242250252868,4.00239486203747,0.04469999999999996,-0.08150167047652546,False,False,3,UP,-0.035608308605341255,False
20201208,101150.0,-0.03177945821767014,105210.0,101989.5,100795.8,103631.54343583928,102297.81358336986,47.57138401085617,1333.7298524694197,1101.5948092001247,1719.4439232377663,2.3878657082609474,0.011500000000000066,-0.11069104976261646,False,False,1,NEUTRAL,-0.0412259021255561,
20201209,100260.0,-0.008798813643104308,104028.0,102002.5,100801.0,103112.84444571017,102146.86442904617,45.749805518091556,965.9800166640052,1074.4718506929007,1660.197928720783,2.0353865680128056,0.0025999999999999357,-0.11851591348689994,False,False,-3,DOWN,-0.054957111510073764,True
20201212,100140.0,-0.0011968880909635216,102858.0,102009.5,100803.8,102655.48376175476,101998.20780467238,45.4968411970587,657.2759570823837,991.0326719707973,1550.1837909550127,2.293355483963491,0.0014000000000000679,-0.11957095129242135,False,False,-3,DOWN,-0.053724785300579225,True
20201213,104170.0,0.04024365887757142,102038.0,102218.0,100887.2,102888.48625994634,102159.08130062257,54.57980348877798,729.4049593237723,938.7071294413923,1727.313520172512,3.171038781133296,0.04170000000000007,-0.08413926499032887,False,False,3,UP,-0.12441201881539787,False
20201214,100750.0,-0.03283094940961884,101294.0,102255.5,100902.2,102559.48837380075,102054.70490798386,47.365798411196636,504.78346581688675,851.9223967164913,1848.219697303047,1.5943133869675157,0.007500000000000062,-0.11420784244768767,False,False,-3,DOWN,-0.11156327543424316,True
20201215,96980.0,-0.03741935483870973,100460.0,102104.5,100841.8,101701.10554706216,101678.8008407258,40.941724422647916,22.30470633636287,685.9988586404656,1985.489718924258,1.368743087212225,-0.030200000000000005,-0.14735361350448395,False,True,-3,DOWN,-0.0813569808207878,True
20201216,94750.0,-0.02299443184161687,99358.0,101842.0,100736.8,100631.70469366798,101165.55633400538,37.685818689100145,-533.8516403373942,442.02875884489373,2002.9547390010969,0.863237218047895,-0.05249999999999999,-0.16695973272375597,False,True,-5,DOWN,-0.06469656992084438,True
20201219,94760.0,0.00010554089709757797,98282.0,101580.0,100632.0,99728.36551002675,100691.0706796346,37.709741138672506,-962.7051696078561,161.08197315434376,1860.6008290724471,0.6959519209860721,-0.0524,-0.1668718129066291,False,False,-4,DOWN,-0.12114816378218662,True
20201220,91210.0,-0.03746306458421278,95690.0,101140.5,100456.2,98417.8477392534,99988.76914780981,32.88349215622773,-1570.9214085564163,-185.31870318780827,1981.2721984244151,0.6357827290562601,-0.08789999999999998,-0.19808334798663618,False,True,-5,DOWN,-0.09889266527793006,True
20201221,89510.0,-0.01863830720315751,93442.0,100616.0,100246.4,97047.40962552211,99212.56402574982,30.8474767093538,-2165.154400227708,-581.2858425957883,1961.1813271083854,0.7033071445380008,-0.1049,-0.21302971689818884,False,True,-5,DOWN,-0.026700927270696062,True
20201222,89090.0,-0.0046922131605406925,91864.0,100070.5,100028.2,95823.19276005717,98462.74446828687,30.347543789589636,-2639.551708229701,-992.9390157225708,1851.0969466006434,0.907479172612609,-0.10909999999999997,-0.21672234921751365,False,True,-5,DOWN,-0.06038837130991137,True
20201223,88620.0,-0.0052755640363677525,90638.0,99501.5,99800.6,94715.0092585099,97733.6522854508,29.76617938718576,-3018.6430269408884,-1398.0798179662343,1752.4471647005973,0.5207828553405424,-0.11380000000000001,-0.22085458062247232,False,True,-4,DOWN,-0.08508237418190023,True
20201226,83280.0,-0.060257278266756975,88342.0,98665.5,99466.2,92955.77706489299,96663.01137541741,24.113933668533264,-3707.2343105244217,-1859.910716477872,2008.7009386505547,0.5203286763125183,-0.16720000000000002,-0.267803762968173,False,True,-4,DOWN,-0.0860951008645533,True
20201227,82190.0,-0.013088376560999038,86538.0,97775.0,99110.0,91299.50367029407,95590.93645871982,23.14771379254691,-4291.432788425751,-2346.215130867448,1943.079443032658,0.7239803585193622,-0.17810000000000004,-0.2773870230349921,False,True,-4,DOWN,-0.0806667477795352,True
20201228,87120.0,0.059982966297603024,86060.0,97131.0,98852.4,90656.50310563344,94963.45968399983,35.69760978046915,-4306.956578366386,-2738.3634203672354,2156.4309113874683,1.0126025890912729,-0.12880000000000003,-0.23404255319148937,False,False,-4,DOWN,-0.11616161616161613,True
20201229,83710.0,-0.039141414141414144,84984.0,95629.5,98526.6,89587.81032015136,94129.87007777762,31.826270550959137,-4542.059757626266,-3099.102687819042,2245.9715605740776,0.58489169775874,-0.2640232108317214,-0.2640232108317214,False,False,-4,DOWN,-0.12292438179428977,True
20201230,81080.0,-0.031417990682116814,83476.0,94375.0,98148.2,88278.91642474345,93163.21303497929,29.196382909528495,-4884.296610235833,-3456.1414723024004,2273.402163390215,0.5958058877789082,-0.23631911085994162,-0.28714612273606466,False,True,-4,DOWN,-0.14948199309324128,True
20210102,76110.0,-0.06129748396645285,82042.0,92881.0,97670.4,86406.77543632138,91900.01206942527,24.993362858251004,-5493.236633103894,-3863.560504462699,2466.016294576628,0.5498085606843608,-0.28191338805547694,-0.3308422718480746,False,True,-4,DOWN,-0.12219156484036264,True
20210103,75560.0,-0.007226382866903136,80716.0,91245.5,97181.6,84738.0407538104,90689.6408050234,24.5718018832452,-5951.600051212998,-4281.168413812759,2329.1579878211546,0.8369241800722849,-0.3021150826637111,-0.33567786179004744,False,True,-4,DOWN,-0.07901005823186869,True
20210104,77000.0,0.019057702488088912,78692.0,89872.0,96721.6,83547.57294553188,89675.59333798464,27.99613496172492,-6128.02039245276,-4650.53880954076,2265.6467029767864,0.9134061594803903,-0.2629463003733129,-0.3230174081237911,False,False,-3,DOWN,-0.10870129870129874,True
20210105,73420.0,-0.046493506493506476,76634.0,88485.5,96190.0,81989.48480006543,88471.47531294875,24.96205002031536,-6481.99051288332,-5016.8291502092725,2359.5290813355873,0.5901817931745184,-0.27414730598121606,-0.3544927026551785,False,True,-4,DOWN,-0.13688368292018527,True
20210106,68960.0,-0.06074639062925635,74210.0,86920.5,95569.2,79984.94867697844,87026.18084532292,21.7932924209169,-7041.232168344475,-5421.709753836313,2509.562718383045,0.654887304994109,-0.31218831039297823,-0.39370494109372256,False,True,-4,DOWN,-0.11934454756380508,True
20210109,66810.0,-0.03117749419953597,72350.0,85254.0,94905.4,77958.03349590485,85528.6859678916,20.44587326260354,-7570.652471986745,-5851.4982974664,2483.8796670699708,0.7591510316108958,-0.33283403235470344,-0.4126077017759803,False,True,-4,DOWN,-0.15491692860350248,True
20210110,69590.0,0.041610537344708876,71156.0,83525.0,94297.2,76670.6437273041,84348.0425628626,26.75205304317312,-7677.3988355585025,-6216.67840508482,2505.0311194221163,1.044945674398101,-0.3319573773639244,-0.3881659926147354,False,False,-3,DOWN,-0.24198879149303065,True
20210111,68630.0,-0.013795085500790338,69482.0,81919.0,93669.8,75433.62161541116,83183.74311376167,25.986007971853,-7750.121498350505,-6523.367023737957,2394.671753749108,0.8750252430208368,-0.31880893300248137,-0.3966062950589063,False,False,-3,DOWN,-0.18446743406673471,True
20210112,63370.0,-0.07664286755063388,67472.0,80238.5,92937.2,73577.67982842482,81716.0584386682,22.22993076703547,-8138.3786102433805,-6846.369341039042,2599.3380570527434,0.6863335722556626,-0.34656630233037744,-0.4428521188675928,False,True,-4,DOWN,-0.028562411235600438,True
20210113,60730.0,-0.04166009152595862,65826.0,78537.5,92151.8,71601.11370097485,80161.53559135945,20.61903945636537,-8560.421890384605,-7189.1798509081555,2602.242481548976,1.0455454991878999,-0.35905013192612134,-0.4660629505890628,False,True,-4,DOWN,0.11493495801086784,False
20210116,56460.0,-0.07031121356825287,63756.0,76622.5,91281.0,69271.71159313257,78405.86628829579,18.30814030885861,-9134.154695163219,-7578.174819759169,2721.3680185811922,0.8261963102680563,-0.4041789784719291,-0.5036047125021981,False,True,-4,DOWN,0.3170386114063053,False
20210118,52750.0,-0.06571023733616721,60388.0,74699.5,90336.0,66729.90980957371,76505.43174842202,16.57043115333032,-9775.52193884831,-8017.644243576998,2791.9845886825356,0.716270500424615,-0.4216642911961408,-0.5362229646562335,False,True,-4,DOWN,0.5141232227488151,False
20210119,55970.0,0.061042654028436116,57856.0,73022.5,89455.4,65074.5390696393,74984.28865594632,23.368805829945146,-9909.749586307022,-8396.065312123003,2822.5571180623547,1.1607278172358795,-0.37470673667746623,-0.5079127835414102,False,False,-3,DOWN,0.5519028050741468,False
20210120,61560.0,0.09987493299982142,57494.0,71646.0,88686.6,64533.84075123325,73989.89690365401,33.49973122096601,-9456.056152420759,-8608.063480182554,3020.2316096293293,0.04759021644506287,-0.3090133572791559,-0.45876560576754,False,False,-4,DOWN,0.47677063027940214,False
20210123,67710.0,0.09990253411306038,58890.0,70600.5,88040.8,65022.4806356589,73524.7193552352,42.50544664610827,-8502.238719576293,-8586.898528061301,3243.786494655806,0.03797781582381544,-0.23595125253893023,-0.40469491823457004,False,False,-2,DOWN,0.4436567715256239,False
20210124,74360.0,0.09821296706542615,62470.0,70154.5,87528.0,66459.02207632677,73586.59199558814,50.33717245214776,-7127.569919261368,-8295.032806301315,3487.0874593232484,2.6624736376377096,-0.10710854947166182,-0.3462282398452611,False,False,1,NEUTRAL,0.29599246906939225,
20210125,79870.0,0.07409897794513176,67894.0,70038.5,87125.4,68522.24944919957,74052.02962554457,55.719365178304436,-5529.780176344997,-7741.9822803100515,3631.5812122287307,1.9690772282868712,-0.028227278257695554,-0.29778442060840515,False,False,1,NEUTRAL,0.13371729059722037,
20210126,86860.0,0.08751721547514713,74072.0,70025.5,86862.6,71343.44184163041,75000.76817180053,61.43003793930112,-3657.3263301701227,-6925.051090282066,3871.4682684981067,4.205393327709725,-0.0029843893480256956,-0.23632846843678568,False,False,1,NEUTRAL,-0.046051116739580955,
20210127,90910.0,0.046626755698825795,79942.0,70385.5,86680.8,74353.68155830266,76179.2297887042,64.30261917511518,-1825.5482304015313,-5905.15051830596,3884.2205350339564,3.803788469555111,0.08601122924381799,-0.2007209425004396,True,False,4,UP,-0.12385876141238583,False
20210130,97750.0,0.07523924760752387,85950.0,71219.0,86635.8,77953.11516471763,77777.06461917056,68.56128580866597,176.05054554707021,-4688.910305535354,4095.3476396743877,2.2372523274790894,0.20559940799210663,-0.14058378758572188,True,False,6,UP,-0.2525831202046036,False
20210131,96370.0,-0.014117647058823568,90352.0,72232.0,86563.2,80786.48206245337,79154.31909182458,66.82903741832456,1632.1629706287931,-3424.695650302525,3901.394236840503,3.7695223460216627,0.2661936670608329,-0.15271672234921752,False,False,3,UP,-0.16882847359136666,False
20210201,90550.0,-0.06039223824841755,92488.0,72981.5,86374.2,82288.56174515285,79998.44360354128,59.94969719910636,2290.1181416115724,-2281.7328919197057,4038.43750563761,2.1944686157357105,0.1983853890947591,-0.2038860559170037,False,False,3,UP,-0.03611264494754285,False
20210202,82860.0,-0.08492545554942021,91688.0,73274.5,86031.4,82376.47532282164,80210.41074401971,52.290359029261516,2166.064578801932,-1392.1733977753784,4299.263398092066,2.05564145734921,0.07610389610389601,-0.2714963952874978,False,False,1,NEUTRAL,0.12877142167511457,
20210203,79650.0,-0.03874004344677773,89436.0,73586.0,85624.4,81957.01758084909,80168.89883705528,49.450243161626624,1788.118743793806,-756.1149694615415,4221.458869656919,1.3432393774168068,0.0848542631435576,-0.29971865658519425,False,False,2,UP,0.2652856246076585,True
20210206,73060.0,-0.08273697426239801,84498.0,73791.0,85085.6,80588.24564533384,79642.31373801416,44.148753201362894,945.9319073196821,-415.70559410529677,4390.640378967139,1.093432359383525,0.05945475638051034,-0.3576578160717425,False,False,0,NEUTRAL,0.35997810019162335,
20210207,80100.0,0.09635915685737739,81244.0,74455.5,84687.6,80513.13093066709,79676.21642408718,50.28105278830131,836.9145065799094,-165.18157396825558,4579.8803518980585,0.22901569839446034,0.19892231701841045,-0.2957622648144892,False,False,2,UP,0.19912609238451928,True
20210208,87280.0,0.08963795255930096,80590.0,75340.0,84433.2,81554.18771056447,80239.45965193257,55.63162777930614,1314.7280586318957,130.80035255177467,4765.60318390534,2.1370461342377483,0.254203190113522,-0.23263583611746086,False,False,5,UP,0.05648487626031162,True
20210209,93530.0,0.07160861594867085,82724.0,76585.0,84303.8,83396.62037047763,81223.94412215978,59.69747490128348,2172.6762483178463,539.175531704989,4871.631527912103,1.443839272333413,0.36281509543931234,-0.1776859504132231,False,False,4,UP,-0.033358280765529824,False
20210213,100780.0,0.07751523575323427,86950.0,78455.5,84044.6,86070.98646732722,82672.54085385165,63.837292106647915,3398.4456134755746,1111.0295480591062,5041.514990204095,1.7393958959542017,0.5903424333280731,-0.11394408299630732,True,False,6,UP,-0.13405437586822777,False
20210214,99360.0,-0.01409009724151622,92210.0,80387.0,83908.4,88115.45008773841,83908.64893875153,62.483508237652686,4206.80114898688,1730.1838682446612,4782.835348046659,1.9185562101227336,0.636094187386794,-0.12642869702831017,False,False,3,UP,-0.15680354267310792,False
20210215,96050.0,-0.033313204508856664,95400.0,82366.5,83709.6,89336.1500742402,84808.0082766218,59.32531110057791,4528.141797618402,2289.7754541194095,4677.6328231861835,0.9144273815971572,0.7012043924902587,-0.15553015649727453,False,False,4,UP,-0.16262363352420617,False
20210216,92210.0,-0.03997917751171265,96386.0,84339.5,83388.4,89778.2808320494,85356.30395983499,55.80153817629614,4421.976872214407,2716.215737738409,4617.801907244313,0.07617211537577015,0.7480568720379146,-0.18929136627395815,False,False,4,UP,-0.1017243249105303,False
20210217,90410.0,-0.019520659364494097,95762.0,86061.5,83107.2,89875.46839634948,85730.65181466202,54.17707668197208,4144.816581687453,3001.935906528218,4416.530342441148,1.2228629211339546,0.6153296408790423,-0.2051169333567786,False,False,4,UP,-0.06437341002101538,False
20210220,87270.0,-0.034730671385908685,93060.0,87347.0,82829.6,89474.6271046034,85844.67760616854,51.36779062307254,3629.9494984348567,3127.538624909546,4325.349603695352,0.21411723396037516,0.4176413255360625,-0.2327237559345876,False,False,2,UP,-0.06050189068408385,False
20210221,83780.0,-0.039990833046866014,89944.0,88150.5,82500.0,88598.5306269721,85691.73852423012,48.365865713385155,2906.7921027419798,3083.3893204760325,4265.68177485997,0.01994347476382017,0.23733569635208984,-0.26340777211183397,False,False,0,NEUTRAL,-0.05478634518978276,
20210222,80430.0,-0.03998567677249942,86820.0,88454.0,82105.8,87341.83360743793,85301.9801150279,45.61050846860339,2039.8534924100386,2874.682154862834,4200.2759337985435,0.017187507380902745,0.08162990855298546,-0.29286091084930543,False,False,-2,DOWN,0.019768743006340905,False
20210223,82830.0,0.02983961208504282,84944.0,88602.0,81679.0,86647.7053601398,85118.87047687768,47.90044821145112,1528.8348832621123,2605.51270054269,4071.6847956700763,1.3567945265080095,0.03706022286215105,-0.27176015473887816,False,False,0,NEUTRAL,0.03223469757334296,
20210224,84590.0,0.021248339973439556,83780.0,88488.5,81355.8,86331.13530473367,85079.69488599786,49.5770256793839,1251.440418735816,2334.6982441813147,3906.5644531222138,1.1075872480874813,-0.026134008749712168,-0.2562862669245648,False,False,0,NEUTRAL,-0.019032982622059325,
20210227,81990.0,-0.030736493675375343,82724.0,88042.5,81056.0,85663.26833477465,84850.82859814617,47.162500046323856,812.4397366284829,2030.2465426707486,3813.2384207563414,0.7909543429720348,-0.09811901880981189,-0.24272651704073156,False,False,0,NEUTRAL,-0.019148676667886333,
20210228,79190.0,-0.03415050615928772,81806.0,87114.5,80744.8,84667.38089865546,84431.50796124645,44.6410238888562,235.87293740901805,1671.3718216184027,3740.864247845174,0.24307849383867633,-0.18987212276214838,-0.26858778978479725,False,False,-2,DOWN,0.05960348528854653,False
20210301,82020.0,0.03573683545902262,82124.0,86397.0,80490.0,84260.09152963155,84252.87774189486,47.68537176971702,7.213787736691302,1338.5402148420605,3675.802515856233,1.5398760281249155,-0.1489052609733319,-0.24244943197561653,False,False,1,NEUTRAL,0.07437210436478914,
20210302,85500.0,0.04242867593269928,82658.0,86144.5,80375.8,84450.846678919,84345.25716842116,51.236593258180385,105.58951049784082,1091.9500739732168,3661.8166218665024,1.1911252401353423,-0.055770292655991205,-0.18158322963530205,False,False,0,NEUTRAL,0.040701754385964906,
20210303,82980.0,-0.02947368421052632,82336.0,86150.5,80245.2,84224.56257446992,84244.12700779737,48.66063754912793,-19.564433327454026,869.6471725130828,3580.258291733181,0.3656717272579265,0.0014482259232440065,-0.20341749064029946,False,False,-2,DOWN,0.0318148951554591,False
20210306,80420.0,-0.030850807423475568,82022.0,86189.0,80071.8,83639.2452553207,83960.85834055312,46.12371873693388,-321.6130852324277,631.3951209639807,3507.382699466525,0.6578024765647024,0.009667294413057137,-0.22799270423346452,False,False,-2,DOWN,0.07958219348420781,False
20210307,83910.0,0.04339716488435719,82966.0,86731.5,79977.6,83680.8998314252,83957.09105606771,49.95430825362592,-276.19122464251996,449.8778518426806,3506.1410780760593,1.5585670448924474,0.14850807555433887,-0.19448977632715758,False,False,-1,NEUTRAL,0.011917530687641564,
20210308,88120.0,0.05017280419497072,84186.0,87132.5,80074.4,84363.83831889824,84265.45468154417,54.18594240988376,98.38363735406892,379.5790089449583,3556.416715356341,1.4318868876859416,0.1001248439450686,-0.15407506959777284,False,False,2,UP,-0.042442124375851153,False
20210309,88980.0,0.009759418974126133,84882.0,87217.5,80210.2,85074.01703906774,84614.68026068904,55.022579285836436,459.3367783786962,395.5305628317059,3363.8155214023163,1.7386745862767554,0.019477543538038544,-0.11708672355626115,False,False,5,UP,-0.029444819060463034,False
20210310,85620.0,-0.03776129467296019,85410.0,86822.0,80180.2,85158.01441767269,84689.14838952689,51.09653490620696,468.86602814579965,410.19765589452464,3363.5429841592936,0.7477247223864846,-0.08457179514594249,-0.15042667195872195,False,False,2,UP,0.0014015416958654825,True
20210313,86820.0,0.014015416958654603,86690.0,86124.0,80242.4,85413.7045072615,84846.98924956193,52.402773639089006,566.7152576995722,441.50117625553423,3209.004199576487,1.3846324381216744,-0.13851954752927165,-0.13851954752927165,False,False,4,UP,-0.038009675190048386,False
20210314,84910.0,-0.021999539276664315,86890.0,85401.5,80319.0,85336.21150614435,84851.65671255735,50.10857114064001,484.55479358699813,450.11189972182706,3116.2181853210236,1.080557219894015,-0.14543075684380036,-0.15747172057948,False,False,2,UP,-0.040866800141326154,False
20210315,84380.0,-0.006241903191614662,86142.0,84818.0,80484.4,85189.1020436606,84816.71917829383,49.46147071510864,372.38286536677333,434.5660928508163,2931.4883149409507,0.9010048830796774,-0.12149921915668926,-0.16273070053582062,False,False,0,NEUTRAL,-0.033301730267836005,
20210316,86360.0,0.02346527613178484,85618.0,84525.5,80700.4,85369.24019078974,84931.03627619799,51.95755241114603,438.2039145917515,435.2936571990034,2863.52486387374,0.9440127859899747,-0.06344214293460582,-0.14308394522722767,False,False,4,UP,-0.06970819823992591,False
20210317,85740.0,-0.007179249652616959,85642.0,84292.0,80875.2,85426.28016143748,84990.95951499815,51.1063704379377,435.3206464393297,435.2990550470687,2703.2730878827583,0.7994189840392932,-0.051653578144010615,-0.14923595951577695,False,False,4,UP,-0.09493818521110331,False
20210327,83520.0,-0.025892232330300913,84982.0,84104.5,81077.2,85133.0062904471,84881.99955092421,48.069743068029176,251.00673952288344,398.44059194223166,2668.7535816054183,0.44752712163384384,-0.04297009281540043,-0.17126413971026,False,False,0,NEUTRAL,-0.10644157088122608,
20210328,81440.0,-0.02490421455938696,84288.0,83987.5,81326.8,84564.85147653216,84627.03662122613,45.350821582291395,-62.18514469396905,306.3154446149916,2626.6997543478888,0.34660856993444844,-0.027930293626163727,-0.19190315538797376,False,False,-2,DOWN,-0.0758840864440079,True
20210330,81570.0,0.0015962671905698222,83726.0,84044.5,81622.0,84104.10509552721,84400.58946409826,45.558085144733774,-296.48436857105116,185.75548197778306,2448.3640576087537,0.43946942590850835,0.014173815740395446,-0.19061321690811672,False,False,-4,DOWN,-0.06191001593723178,True
20210331,80340.0,-0.015079073188672298,82522.0,83920.0,81837.0,83525.01200390764,84099.80505935024,43.8630278915224,-574.7930554425984,33.64577449370677,2361.338053493843,0.2949394984669243,-0.03006157189424119,-0.20281801944830324,False,False,-4,DOWN,-0.08140403286034359,True
20210403,77600.0,-0.03410505352252924,80894.0,83570.5,82016.4,82613.47169561416,83618.33801791689,40.26870789388115,-1004.8663223027252,-174.0566448655796,2388.3853353871395,0.3009326205410547,-0.08263388107341296,-0.23000595356221476,False,True,-5,DOWN,-0.08389175257731962,True
20210404,74630.0,-0.038273195876288635,79116.0,83202.5,82241.6,81385.2452809043,82952.5352017749,36.753083403494415,-1567.289920870593,-452.7033000665823,2429.9292400023437,0.21810485979791727,-0.08976704476155628,-0.25947608652510423,False,True,-5,DOWN,-0.0546697038724373,True
20210405,75260.0,0.0084416454508911,77880.0,83006.0,82532.2,80442.89985307286,82382.7177794212,37.98979026499871,-1939.817926348347,-750.1262253229354,2301.362865716462,0.7269413530834722,-0.049627478216946574,-0.2532248461996428,False,False,-4,DOWN,-0.04411373903800164,True
20210406,76520.0,0.01674196120116922,76870.0,82731.0,82933.4,79839.37679875395,81948.44238835297,40.49583853109782,-2109.0655895990203,-1021.9140981781525,2226.9798038795716,0.5832570138214821,-0.06705681541087538,-0.24072236554871995,False,False,-4,DOWN,-0.008886565603763774,True
20210407,73800.0,-0.035546262415054874,75562.0,82146.0,83354.4,78910.24190663795,81344.8540632898,37.01790622917489,-2434.6121566518414,-1304.4537098728904,2262.195532173888,0.27363377718395704,-0.13684210526315788,-0.2677118475888073,False,True,-5,DOWN,0.010162601626016343,False
20210410,71090.0,-0.03672086720867207,74260.0,81551.5,83656.8,77707.1277671552,80585.23524378685,33.89452266660946,-2878.1074766316597,-1619.1844632246443,2294.1815655900386,0.13505047772976456,-0.14328753916606407,-0.2946021035919826,False,True,-5,DOWN,0.009002672668448453,False
20210411,70550.0,-0.007596005064003375,73444.0,81058.0,83836.6,76606.03118759286,79841.88448498782,33.29174223496571,-3235.8532973949623,-1942.518230058708,2168.882882333607,0.6638599777643734,-0.12273066401392685,-0.2999603095852351,False,True,-5,DOWN,-0.02069454287739192,True
20210412,71940.0,0.019702338766832028,72780.0,80459.5,83921.2,75888.1802356555,79256.55970832206,36.425863642550404,-3368.3794726665656,-2227.69047858028,2113.2483907383494,0.7203918421082721,-0.142652842331069,-0.28616789045445523,False,False,-4,DOWN,-0.011398387545176525,True
20210413,75840.0,0.05421184320266881,72644.0,79845.5,83950.8,75880.7678917085,79003.48121140932,44.329004065405755,-3122.7133197008225,-2406.6950468043883,2240.8735056856103,1.0596709753323814,-0.1393554244212437,-0.24746973605874178,False,False,-4,DOWN,-0.04456751054852326,True
20210414,74550.0,-0.01700949367088611,72794.0,79124.0,83844.4,75676.0343699072,78673.59371426789,42.44925826954745,-2997.559344360692,-2524.867906315649,2172.9539695652097,1.0019328511940158,-0.16217127444369517,-0.26026989482040086,False,False,-4,DOWN,-0.056874580818242815,True
20210417,71730.0,-0.037826961770623724,72922.0,78429.5,83541.8,75068.95215915224,78159.25343913693,38.596246780750036,-3090.301279984691,-2637.954581049458,2219.171543167695,0.24553473121205535,-0.16222845129642605,-0.288251637229609,False,False,-4,DOWN,-0.030670570193782276,True
20210418,69090.0,-0.03680468423253869,72630.0,77543.0,83105.4,74149.11336543651,77487.45688808976,35.360407374603525,-3338.3435226532456,-2778.0323693702157,2249.2307186557164,0.5841302222072088,-0.20421561852107806,-0.3144473109743997,False,True,-5,DOWN,-0.01707917209436971,True
20210419,71120.0,0.029381965552178313,72466.0,76853.5,82572.8,73683.09592460013,77015.79341489793,39.55670976630552,-3332.6974902977963,-2888.965393555732,2233.5713816088796,1.246286909918108,-0.16240725474031326,-0.29430442548124625,False,False,-4,DOWN,-0.02320022497187857,True
20210420,72460.0,0.01884139482564673,71790.0,76257.5,82094.6,73494.92732081549,76678.32723601659,42.223053847886256,-3183.3999152010947,-2947.852297884805,2169.7448543511027,1.669317313081073,-0.14126570277316897,-0.28100813653502676,False,False,-3,DOWN,0.003312172232956101,False
20210421,70310.0,-0.029671542920231886,70942.0,75455.0,81689.8,73004.9385022285,76206.59929260795,39.23262286258124,-3201.66079037945,-2998.6139963837345,2168.334507611738,0.681892800853148,-0.1858499305233905,-0.3023417344711252,False,False,-4,DOWN,0.04906841132129136,False
20210424,69530.0,-0.011093727776987583,70502.0,74644.5,81423.2,72470.33257880874,75712.03638204439,38.17624763538173,-3241.7038032356504,-3047.231957754118,2069.1677570680426,0.6646663608751088,-0.189059948682062,-0.31008136535026787,False,False,-4,DOWN,0.05005033798360414,False
20210425,67910.0,-0.023299295268229492,70266.0,73864.0,81188.4,71768.7429512997,75134.1077611522,36.00768881483912,-3365.364809852501,-3110.8585281737946,2037.0843458488966,0.5325449490331455,-0.18690134099616862,-0.3261559833300258,False,True,-5,DOWN,0.03372110145781182,False
20210426,69470.0,0.022971580032395744,69936.0,73265.5,81116.6,71415.09018956129,74714.54422328908,39.567622554563734,-3299.4540337277867,-3148.577629284593,2003.0068925739756,1.2611415235858374,-0.14697937131630645,-0.3106767215717404,False,False,-4,DOWN,-0.009500503814596217,True
20210427,72700.0,0.04649488988052397,69984.0,72822.0,80968.6,71612.76862193648,74565.31872526766,46.23665742354282,-2952.550103331174,-3109.3721240939094,2090.64925739012,2.131476421735107,-0.10874095868579137,-0.27862671164913677,False,False,-1,NEUTRAL,-0.025584594222833545,
20210428,73760.0,0.01458046767537824,70674.0,72493.0,80698.2,71943.11191086934,74505.66548635895,48.25479803019899,-2562.553575489612,-3000.00841437305,2017.0314532908258,1.8153625525992525,-0.08190191685337311,-0.26810875173645565,False,False,1,NEUTRAL,-0.05816160520607372,
20210501,73010.0,-0.010168112798264684,71370.0,72263.5,80287.8,72107.24853996636,74394.87545033236,46.91296606782285,-2287.6269103660015,-2857.532113571641,1926.5292066271954,1.0266301989077222,-0.059149484536082486,-0.2755507045048621,False,False,0,NEUTRAL,-0.07930420490343792,
20210502,70200.0,-0.038487878372825635,71828.0,72042.0,79676.2,71813.82568766383,74084.14393549293,42.18038649340409,-2270.3182478290983,-2740.0893404231324,1989.6342632966814,0.6229906204703591,-0.059359506900710124,-0.3034332208771582,False,False,-2,DOWN,-0.015669515669515688,True
20210503,68810.0,-0.019800569800569767,71696.0,71719.5,79065.2,71351.69865879248,73693.4666069379,40.02921389098597,-2341.767948145425,-2660.425061967591,1946.8032444897756,0.5721124312535915,-0.08570289662503316,-0.31722564000793807,False,False,-2,DOWN,0.05725911931405325,False
20210505,70840.0,0.029501525940996975,71324.0,71435.5,78561.0,71272.97578820902,73482.09871012768,44.48230946267264,-2209.1229219186644,-2570.164633957806,1952.7458698833632,1.0282855376090252,-0.07422895974908517,-0.2970827545147847,False,False,-2,DOWN,0.02498588368153576,False
20210508,69470.0,-0.01933935629587802,70466.0,71219.0,78106.2,70995.59489771533,73184.9062130812,42.20463508405673,-2189.3113153658633,-2493.9939702394176,1911.1211648916944,0.7150627605920717,-0.05867208672086721,-0.3106767215717404,False,False,-2,DOWN,0.05153303584280988,False
20210509,67220.0,-0.03238808118612346,69308.0,71025.5,77642.4,70414.73414422067,72743.0613084085,38.69985863209652,-2328.327164187838,-2460.860609029102,1935.3267959708592,0.5869425035941294,-0.05443803629202415,-0.3330025798769597,False,True,-3,DOWN,0.07468015471585843,False
20210510,69100.0,0.02796786670633744,69088.0,70953.0,77279.0,70212.46735280211,72473.20491519306,42.96196918672654,-2260.7375623909466,-2420.835999701471,1931.3748819729408,1.4675711988998443,-0.020552799433026236,-0.31434808493748756,False,False,-2,DOWN,0.01736613603473236,False
20210511,72750.0,0.05282199710564406,69876.0,70993.5,77058.4,70602.85699083256,72493.70825480839,50.20133661482004,-1890.8512639758264,-2314.8390525563423,2054.1338189748735,1.975837671590991,0.01125938281901595,-0.27813058146457625,False,False,1,NEUTRAL,-0.030378006872852192,
20210512,72610.0,-0.0019243986254295908,70230.0,70832.0,76902.0,70911.64822301216,72502.32245815592,49.939518134288555,-1590.674235143757,-2170.006089073825,1917.4099747623825,2.0865515117339615,-0.04258966244725737,-0.27951974598134555,False,False,-1,NEUTRAL,-0.04751411651287707,
20210515,73050.0,0.006059771381352386,70946.0,70757.0,76706.4,71240.62541947182,72542.89116495919,50.80785865914201,-1302.2657454873697,-1996.458020356534,1811.8806908507836,2.121154972339394,-0.02012072434607648,-0.2751538003572137,False,False,1,NEUTRAL,-0.09746748802190286,
20210516,72240.0,-0.011088295687885052,71950.0,70782.5,76459.4,71394.37535493769,72520.45478236962,49.11874327853577,-1126.0794274319342,-1822.3823017716143,1740.317784361442,1.2181936982207895,0.007109995817649484,-0.2831911093470927,False,False,0,NEUTRAL,-0.11406423034330015,
20210517,70300.0,-0.026854928017718716,72190.0,70843.0,76225.6,71226.0099157165,72355.97665034223,45.239495069131735,-1129.9667346257338,-1683.8991883424383,1754.5807997641962,0.5959997712625393,0.017513388334057023,-0.29247181964573266,False,False,-2,DOWN,-0.07155049786628731,True
20210518,70540.0,0.003413940256045578,71748.0,70814.0,76052.6,71120.46992868319,72221.45986142798,45.80968064573006,-1100.989932744793,-1567.3173372229094,1646.3964569238965,0.8129761714206272,-0.008155230596175511,-0.2655908381051536,False,False,-2,DOWN,-0.04508080521689817,True
20210519,69160.0,-0.019563368301672823,71058.0,70649.0,75795.4,70818.85917042423,71994.68505687776,43.0349392970317,-1175.825886453531,-1489.0190470690338,1627.3681385721898,0.557885651343162,-0.04554236820314661,-0.2499728879731049,False,False,-2,DOWN,-0.035569693464430285,True
20210522,65930.0,-0.04670329670329665,69634.0,70430.0,75404.0,70066.72699035896,71545.44912673868,37.33478039867818,-1478.7221363797144,-1486.95966493117,1741.8418429598903,0.6270915716957375,-0.06229554828616124,-0.27076650812963166,False,True,-3,DOWN,0.0764447140907023,False
20210523,64000.0,-0.029273471864098233,67986.0,70153.5,75024.4,69133.38437645759,70986.52696920249,34.40256380816268,-1853.1425927449018,-1560.1962504939163,1755.281711319898,0.7855390619250127,-0.07953401409463545,-0.28073724432456737,False,True,-5,DOWN,0.16890625000000004,False
20210524,65270.0,0.019843749999999938,66980.0,70021.5,74721.4,68539.01754931027,70563.08052703935,37.86098516460226,-2024.0629777290742,-1652.969595940948,1720.6187319399053,1.343160027674608,-0.038874981593285285,-0.2664643740166329,False,False,-4,DOWN,0.11950360042898733,False
20210525,67360.0,0.032020836525203045,66344.0,69916.0,74390.4,68357.63023403178,70325.81530281421,43.17091688196021,-1968.1850687824335,-1716.0126905092452,1747.003108229912,1.1454166206452363,-0.03037282280120912,-0.24297594965160707,False,False,-4,DOWN,0.07407957244655572,False
20210526,66700.0,-0.009798099762470258,65852.0,69616.0,73962.0,68102.61019802689,70057.23639149465,41.95176682933468,-1954.6261934677605,-1763.7353911009484,1669.3600290706324,1.058671002813745,-0.08253094910591474,-0.25039334681951,False,False,-4,DOWN,0.105247376311844,False
20210529,70970.0,0.06401799100449779,66860.0,69476.5,73601.8,68543.74709063813,70124.84851064319,51.49546796965377,-1581.1014200050558,-1727.2085968817698,1855.1200269941587,1.632447090760333,-0.03782537960954446,-0.20240503483928973,False,False,1,NEUTRAL,0.04833028040016907,
20210530,74810.0,0.05410736931097637,69022.0,69566.5,73385.6,69507.78599977073,70471.89676911406,58.15785420953943,-964.1107693433296,-1574.589031374082,1996.8971679231474,2.4201395134938704,0.024654156964799334,-0.15924926949876372,True,False,4,UP,-0.012030477208929247,False
20210531,73070.0,-0.02325892260392992,70582.0,69710.0,73110.6,70055.81892288293,70664.34886029079,54.50457273618559,-608.5299374078604,-1381.3772125808377,1978.5473702143513,2.0997572332120287,0.04088319088319081,-0.1788042256686896,False,False,-1,NEUTRAL,-0.014780347611879074,
20210601,72350.0,-0.009853565074586013,71580.0,69887.0,72859.4,70408.76985782401,70789.21190767665,53.02039587133952,-380.44204985264514,-1181.1901800351993,1888.6511294847548,1.254610297415339,0.051446010754250926,-0.18689593167003826,False,False,0,NEUTRAL,-0.00013821700069105436,
20210602,73720.0,0.018935729094678555,72984.0,70031.0,72646.2,70918.18987969724,71006.30732192284,55.50326385640901,-88.11744222560083,-962.5756324732797,1851.6046202358436,1.8761701873515217,0.04065499717673626,-0.17149921330636098,False,False,3,UP,-0.020211611502984228,False
20210607,74400.0,0.009224091155724423,73670.0,70277.5,72407.0,71453.85297512844,71257.69196474337,56.72575796370646,196.16101038506895,-730.8283039016101,1767.9185759332834,1.1479150463480798,0.07096588455448405,-0.16385704652730948,False,False,4,UP,-0.011424731182795744,False
20210608,73910.0,-0.006586021505376349,73490.0,70612.0,72170.4,71831.7217481856,71454.15922661424,55.541602095663556,377.56252157136623,-509.1501388070148,1676.6386776523345,1.0184937902772773,0.09952395120499857,-0.16936390200044948,False,False,4,UP,-0.014747666080368038,False
20210609,71990.0,-0.02597754025165744,73274.0,70756.5,71939.8,71856.07224846474,71493.85113575394,51.045122316317595,362.2211127108021,-334.8758885034514,1694.0216292485964,0.4603915082874953,0.04182344428364693,-0.19094178467071254,False,False,4,UP,0.004583969995832771,True
20210612,72340.0,0.0048617863592166355,73272.0,70736.0,71757.8,71930.52267177786,71556.5288294018,51.81099000103223,373.99384237606137,-193.10194232754884,1598.020084302268,0.6958316149303256,-0.005635738831615167,-0.18700831647561245,False,False,4,UP,0.007602985899917147,True
20210613,72230.0,-0.0015205971799834295,72974.0,70717.0,71571.0,71976.59610688896,71606.41558277943,51.53809507437263,370.18052410952805,-80.44544904013347,1491.7329354235346,0.5146737130374878,-0.005233438920258959,-0.1882445493369297,False,False,4,UP,-0.005399418524158928,False
20210614,73550.0,0.01827495500484555,72804.0,70742.0,71435.2,72218.65824429065,71750.38479886984,54.626550235718106,468.2734454208112,29.29832985205546,1479.4662971789965,1.0628923969318569,0.00684462696783017,-0.1528449665975582,False,False,4,UP,-0.03303874915023797,False
20210615,72820.0,-0.009925220938137302,72586.0,70771.0,71339.6,72311.17236055362,71829.61555450912,52.628991847877266,481.55680604450754,119.75002509054589,1425.9329902376396,0.7921046650544328,0.008028792912513794,-0.1612531674729325,False,False,4,UP,-0.008239494644328493,False
20210616,72320.0,-0.006866245536940374,72652.0,70872.0,71293.4,72312.53045892999,71865.94032824918,51.24671954729226,446.5901306808082,185.11804620859837,1359.7949195063795,0.7635479693795792,0.028733997155049762,-0.16257526632700325,False,False,4,UP,-0.0013827433628318397,False
20210619,72890.0,0.007881637168141609,72762.0,70989.5,71246.0,72401.37192678692,71941.79660023072,52.769647221479254,459.57532655619434,240.00950227811757,1303.3809966844951,0.8680238559117901,0.03331443152821101,-0.15597498842056512,False,False,4,UP,0.005350528193167836,True
20210620,71840.0,-0.014405268212374867,72684.0,71123.5,71152.4,72315.00701497354,71934.25611132474,49.690383331256,380.7509036488045,268.15778255225496,1285.2823540641741,0.6046336747836789,0.03875072296124937,-0.16813339509031955,False,False,4,UP,0.00988307349665929,True
20210621,71120.0,-0.010022271714922093,72198.0,71383.0,71098.8,72131.15978190069,71873.9408438192,47.63761196310092,257.2189380814816,265.9700136581003,1244.9050430595903,0.5043768114104809,0.0787198543910208,-0.1705155120130627,False,False,0,NEUTRAL,0.0126546681664792,
20210622,72220.0,0.015466816647919046,72078.0,71794.0,71121.4,72144.82750776212,71899.57485538816,50.970139625628406,245.25265237396525,261.8265414012733,1234.5546828410481,0.7370487562608606,0.12843749999999998,-0.13529693486590033,False,False,2,UP,-0.00664635834948768,False
20210623,72220.0,0.0,72058.0,72141.5,71154.8,72156.39250656795,71923.31005128534,50.970139625628406,233.08245528260886,256.0777241775404,1146.372205495259,0.9270586162598267,0.10648077217711038,-0.11462547505210252,False,False,2,UP,-0.003600110772639109,False
20210626,73280.0,0.014677374688451872,72136.0,72437.5,71181.6,72329.25519786519,72023.80560304198,54.22592971826553,305.449594823207,265.95209830667375,1140.2027622455978,1.0672228329981317,0.0878859857482186,-0.1016305014098321,False,False,4,UP,-0.0393013100436681,False
20210627,72550.0,-0.009961790393013148,72278.0,72730.0,71115.8,72363.21593665516,72062.78296577961,51.68070658532148,300.432970875554,272.8482728204498,1110.9025649423409,0.600315671934805,0.08770614692653678,-0.09696290764251925,False,False,2,UP,-0.04493452791178498,False
20210628,72020.0,-0.00730530668504481,72458.0,72782.5,71065.2,72310.41348486206,72059.61385720335,49.85120736432852,250.79962765870732,268.4385437881013,1069.4095245893166,0.49327433639535956,0.014794983795970218,-0.07190721649484533,False,False,0,NEUTRAL,-0.019994445987225773,
20210629,71740.0,-0.0038878089419606132,72362.0,72629.0,71065.4,72222.65756411405,72035.93875666977,48.86700066876137,186.718807444282,252.09459651933747,1013.023129975794,0.4082177191448772,-0.041037294479347675,-0.06246732880292738,False,False,0,NEUTRAL,-0.0034848062447727646,
20210630,71960.0,0.0030666294954000417,72310.0,72573.5,71122.8,72182.24870809651,72030.31366358312,49.70716850975538,151.93504451338958,232.0626861181479,956.3786206918087,0.6297758452791729,-0.01519091282332008,-0.059592263460533146,False,False,0,NEUTRAL,-0.02320733740967207,
20210703,70400.0,-0.021678710394663736,71734.0,72476.0,71108.4,71908.05659915858,71909.54968850288,44.165568085420574,-1.493089344308828,185.35153102565658,999.4944334995367,0.5701115246568557,-0.026952315134761595,-0.07997909043387352,False,True,-5,DOWN,-0.01732954545454546,True
20210704,69290.0,-0.015767045454545436,71082.0,72254.5,71045.0,71505.27866082649,71715.50897083602,40.68954921668549,-210.2303100095305,106.23516281861916,1007.3876882495698,0.5834644803391354,-0.06009224091155729,-0.0863660337552743,False,True,-5,DOWN,0.006494443642661274,False
20210705,70580.0,0.01861740510896226,70794.0,72063.5,71050.4,71362.92809762241,71631.39719521854,46.00793299645047,-268.46909759612754,31.294310735669825,1027.574281946029,0.7699737893627975,-0.05134408602150542,-0.06935654008438819,False,False,-4,DOWN,-0.009492774156985018,True
20210706,71490.0,0.012893170869934911,70744.0,71942.5,71089.6,71382.47762106512,71620.92332890606,49.451385300696714,-238.44570784094685,-22.65369297965351,1019.1761189498841,0.893016435729066,-0.03274252469219319,-0.05735759493670889,False,False,-2,DOWN,-0.026856903063365523,True
20210707,70290.0,-0.016785564414603438,70410.0,71857.5,71137.2,71214.40414090126,71522.33641565377,45.34449394313288,-307.9322747525148,-79.70940933422577,1032.0921104534639,0.5133823014115316,-0.023614390887623293,-0.07318037974683544,False,False,-4,DOWN,-0.008109261630388387,True
20210710,69180.0,-0.015791720017072075,70166.0,71699.5,71131.4,70901.41888845491,71348.83001449423,41.879793439200036,-447.4111260393256,-153.24975267524576,1037.6569597067878,0.3965615479423283,-0.04368260989770523,-0.08781645569620256,False,True,-5,DOWN,0.0679387106100029,False
20210711,69740.0,0.00809482509395787,70256.0,71575.0,71072.2,70722.73905946185,71229.65742082799,44.196404130433,-506.9183613661444,-223.98347441342548,1003.5386054420172,0.6397355318501453,-0.034473210577322444,-0.06777168827696833,False,False,-4,DOWN,0.026383710926297654,False
20210712,69910.0,0.0024376254660165575,70122.0,71393.0,70995.2,70597.7022810831,71131.90501928519,44.914216627026626,-534.2027382020897,-286.02732717115833,944.0001336247303,0.707685802953952,-0.04949014276002717,-0.06549926480417056,False,False,-4,DOWN,0.020025747389500692,False
20210713,69570.0,-0.004863395794593051,69738.0,71230.5,70926.4,70439.59423783954,71016.20835118998,43.703399028719325,-576.6141133504425,-344.1446844070152,900.8572669372496,0.6181930612865214,-0.044630595990112654,-0.0700441117497661,False,False,-4,DOWN,0.024723300273106208,False
20210714,69720.0,0.0021561017680034045,69624.0,71100.5,70916.8,70328.88743201808,70920.1929177685,44.415344673333905,-591.3054857504176,-393.57684467569567,847.2246050131604,0.71852586285151,-0.03595132743362828,-0.06803903221494456,False,False,-4,DOWN,0.0048766494549628,False
20210717,73880.0,0.05966724039013194,70564.0,71150.0,71018.2,70875.21244247684,71139.43788682269,59.65413387306347,-264.22544434585143,-367.70656460972685,1083.8514189407917,2.23303594989045,0.01358211002881049,-0.012431493115893644,True,False,4,UP,-0.05684894423389275,False
20210718,71580.0,-0.031131564699512726,70932.0,71137.0,71033.0,70983.6412974804,71172.07211742841,51.28293589069,-188.4308199480147,-331.85141567738447,1170.7191747307352,0.8289353423002774,-0.003619153674833009,-0.043176045983157385,False,False,2,UP,-0.017602682313495377,False
20210719,71310.0,-0.0037720033528918506,71212.0,71146.5,71069.8,71033.85032863726,71182.2889976189,50.389005974863025,-148.4386689816456,-295.1688663382367,1106.382090821397,0.5477138478209208,0.0026715410573678877,-0.04678518914583607,False,False,2,UP,-0.02397980647875475,False
20210726,71290.0,-0.00028046557285088536,71556.0,71100.0,71151.2,71073.25797038537,71190.26759038788,50.31903566202018,-117.00962000251457,-259.5370170710923,1028.78337004844,0.46643707382171146,-0.012877319302132428,-0.0470525330838123,False,False,2,UP,-0.02651143217842611,False
20210727,70060.0,-0.017253471735166226,71624.0,70992.0,71170.4,70917.37212878763,71106.54406517398,46.08104368199346,-189.17193638635217,-245.46400093414428,1043.1559864735514,0.6046019823895551,-0.029908612572694504,-0.06349418526934902,False,False,-2,DOWN,-0.0068512703397087815,True
20210728,69680.0,-0.005423922352269517,70784.0,70812.0,71109.0,70727.00718589722,71000.87413442034,44.8249815881487,-273.8669485231221,-251.14459045193988,995.7877017254406,0.571031613611336,-0.04912663755458513,-0.0685737200908969,False,False,-4,DOWN,0.011768082663605073,False
20210731,70320.0,0.009184845005740572,70532.0,70700.5,71063.2,70664.39069575918,70950.43901335217,47.42427401620677,-286.04831759298395,-258.1253358801487,970.3742944593376,0.9393934125255593,-0.030737422467263964,-0.060018714075658286,False,False,-4,DOWN,0.005830489192264032,False
20210801,69600.0,-0.010238907849829393,70190.0,70579.5,70994.2,70500.638281027,70850.40649384461,44.86365752915935,-349.7682128176093,-276.4539112676408,952.4904162836707,0.570612249141532,-0.03360177728408775,-0.06964309584280182,False,False,-4,DOWN,0.016666666666666607,False
20210802,69400.0,-0.002873563218390829,69812.0,70462.5,70937.4,70331.30931471515,70742.96897578205,44.150538486669404,-411.659661066893,-303.49506122749125,898.7411008348371,0.5235197334963242,-0.03261778645107327,-0.07231653522256387,False,False,-4,DOWN,0.014985590778098024,False
20210803,69580.0,0.002593659942363047,69716.0,70343.5,70923.0,70215.72326629744,70656.82312572411,44.997909773493625,-441.0998594266712,-331.01602086732726,847.4024507752058,0.5365641450037882,-0.03307392996108949,-0.06991043978077793,False,False,-4,DOWN,0.013222190284564617,False
20210804,70500.0,0.013222190284564617,69880.0,70348.5,70922.2,70259.45814840552,70645.2065978927,49.23726467222266,-385.7484494871751,-341.9625065912968,852.5879900055482,1.240784576557122,0.0014204545454545858,-0.05761261863387246,False,False,-2,DOWN,0.028652482269503565,False
20210807,70730.0,0.003262411347517702,69962.0,70420.5,70953.6,70331.84920249699,70651.4875906414,50.26924245581488,-319.6383881444053,-337.49768290191855,808.1174192908662,0.8756201659026714,0.020782219656516165,-0.05453816334714612,False,False,0,NEUTRAL,0.03096281634384268,
20210808,70760.0,0.00042414816909364106,70194.0,70429.5,71050.2,70397.71855595899,70659.52554689017,50.41085120534395,-261.8069909311889,-322.3595445077727,752.5376036272329,1.204552064868435,0.0025502975347124757,-0.05413714744018183,False,False,0,NEUTRAL,0.061475409836065475,
20210809,70440.0,-0.0045223289994347216,70402.0,70377.0,71179.0,70404.22339350375,70643.26439526868,48.814148226674995,-239.04100176492648,-305.69583595920346,721.6420605110019,0.7578824171835618,-0.014687368862777994,-0.05841465044780114,False,False,0,NEUTRAL,0.15005678591709248,
20210810,70500.0,0.0008517887563883608,70586.0,70387.5,71283.6,70418.95825604163,70632.65221784137,49.139435622191954,-213.69396179974137,-287.29546112731106,674.3819133316446,0.903234997793702,0.0029876227059326688,-0.05761261863387246,False,False,0,NEUTRAL,0.18893617021276587,
20210811,72520.0,0.028652482269503565,70990.0,70554.5,71386.8,70742.19544741984,70772.45575726053,58.66374030379548,-30.260309840683476,-235.88843086998554,770.4974909508128,2.7464071463417588,0.04827984966753407,-0.030610880898275683,False,False,3,UP,0.19787644787644787,True
20210814,72920.0,0.005515719801434171,71428.0,70713.5,71511.2,71077.24230166295,70931.53310857456,60.251083044049395,145.70919308839075,-159.56890607831028,744.0333844543262,1.7361978020393305,0.04559793518784061,-0.025264002138751462,False,False,5,UP,0.19843664289632468,True
20210815,75110.0,0.030032912781130072,72298.0,70973.5,71594.0,71697.66656294557,71241.04917460607,67.5893854657022,456.61738833949494,-36.33164719474922,847.31671413616,2.896934987368448,0.0743813474467172,0.0,True,False,6,UP,0.23126081746771399,True
20210822,81010.0,0.07855145786180273,74412.0,71545.5,71718.0,73130.33324556933,71964.67516167229,78.89422140295187,1165.6580838970403,204.0662990236087,1208.2226631264343,2.5997203268792943,0.16443869483972984,0.0,True,False,5,UP,0.1589927169485248,True
20210823,83820.0,0.03468707566967044,77076.0,72250.5,71933.0,74774.89736163558,72842.84737191879,82.09709310864199,1932.0499897167902,549.663037162245,1322.6353300459746,2.329634168915325,0.20223752151462993,0.0,True,False,5,UP,0.045573848723454935,True
20210824,86870.0,0.03638749701741828,79946.0,72900.0,72223.4,76635.68238292242,73881.89571473963,84.79434496828412,2753.7866681827873,990.4877633663535,1446.0185207569764,1.7668589963713572,0.17582566323768267,0.0,True,False,5,UP,-0.018188097156670913,False
20210825,87390.0,0.005985956026246075,82840.0,73690.5,72496.8,78290.19278554973,74882.49603216632,85.20364417470236,3407.6967533834104,1473.929561369765,1379.8743407029067,2.0341284559242148,0.22087175188600172,0.0,True,False,5,UP,-0.015905710035473142,False
20210828,92480.0,0.05824465041766791,86314.0,74749.0,72858.4,80473.24004931132,76186.01484459844,88.47410851191522,4287.225204712886,2036.5886900383891,1644.8833163669847,2.097478831674226,0.29687280886271217,0.0,True,False,5,UP,-0.058066608996539815,False
20210829,93890.0,0.015246539792387548,88890.0,75879.0,73258.0,82537.35696480189,77497.42115240596,89.18709769912259,5039.935812395925,2637.2581145098966,1628.1059366264858,3.191835302903865,0.3170150091176882,0.0,True,False,5,UP,-0.10118223452976893,False
20210830,87640.0,-0.06656725955905851,89654.0,76758.0,73571.0,83322.37897021697,78248.72328926479,68.85473615479343,5073.655680952186,3124.5376277983546,1958.2412268674511,2.1105279534841532,0.2509277761918356,-0.06656725955905851,False,False,3,UP,-0.031150159744408934,False
20210831,85290.0,-0.02681424007302602,89338.0,77538.5,73830.0,83625.0898978759,78770.29934191184,63.035775501710695,4854.790555964064,3470.5882134314966,1986.2239963769189,2.5466387808072954,0.22402411021814017,-0.09159654915326443,False,False,3,UP,-0.03364990034001647,False
20210901,86000.0,0.008324539805369957,89060.0,78322.5,74105.4,83990.46068281808,79305.83272399244,64.02498384254636,4684.627958825644,3713.3961625103266,1895.0651394928532,1.5265909068421517,0.222980659840728,-0.08403450846735538,False,False,5,UP,-0.034418604651162754,False
20210904,87110.0,0.01290697674418606,87986.0,79198.0,74376.6,84470.38980853838,79883.91918888189,65.57600169114083,4586.470619656495,3888.0110539395605,1838.9890581005063,1.1501612503886836,0.251580459770115,-0.07221216316966661,False,False,4,UP,-0.03753874411663416,False
20210905,84390.0,-0.03122488807255197,86086.0,79947.5,74608.0,84458.02214568632,80217.70295266842,58.87724939227614,4240.319193017902,3958.4726817552287,1901.9184110933272,0.6857436019722547,0.21599423631123926,-0.10118223452976893,False,False,4,UP,-0.062329659912311874,False
20210906,84910.0,0.006161867519848263,85540.0,80714.0,74859.8,84527.55720019611,80565.28051173003,59.7243035295212,3962.2766884660814,3959.2334830973996,1803.2099531580895,1.1063610938185662,0.22032193158953728,-0.09564383853445524,False,False,4,UP,-0.08138028500765515,False
20210907,82420.0,-0.029325167824755582,84966.0,81310.0,75050.4,84203.31763093517,80702.66714049077,53.98949450286967,3500.650490444401,3867.5168845668004,1852.2663850753688,0.606106795570656,0.16907801418439727,-0.12216423474278415,False,False,2,UP,-0.02329531667071094,False
20210908,83040.0,0.007522446008250361,84374.0,81925.5,75274.4,84024.34568771436,80875.80290786183,55.14443918329913,3148.5427798525343,3723.7220636239476,1764.2473575699853,0.5787624078421596,0.17404213205146335,-0.11556076259452552,False,False,2,UP,-0.03925818882466281,False
20210911,83840.0,0.009633911368015502,83720.0,82579.5,75528.8,83995.98481268139,81095.37306283502,56.656304471776714,2900.611749846372,3559.1000008684323,1695.3725463149863,0.5986300090179147,0.18485019785189372,-0.10704015337096606,False,False,2,UP,-0.08540076335877866,False
20210912,79130.0,-0.05617843511450382,82668.0,83014.0,75667.0,83247.37176457656,80949.78987299537,46.68050038785778,2297.5818915811833,3306.7963790109825,1910.7030787210588,0.7025903279747968,0.12336740488358888,-0.15720524017467252,False,False,0,NEUTRAL,-0.04461013522052315,
20210913,78000.0,-0.014280298243396938,81286.0,83389.0,75782.6,82440.08380079555,80731.28691944017,44.64928312803315,1708.7968813553744,2987.196479479861,1854.9385730981262,0.6121420500366954,0.1063829787234043,-0.16924060070295022,False,False,0,NEUTRAL,-0.01602564102564108,
20210914,80500.0,0.03205128205128216,80902.0,83788.0,75927.0,82141.60936990393,80714.1545550372,49.8486422911646,1427.4548148667382,2675.2481465572364,1901.0143893054028,0.7663430502442496,0.11003861003860993,-0.1426136968793269,False,False,0,NEUTRAL,-0.08062111801242233,
20210915,79780.0,-0.008944099378881964,80250.0,84131.0,76071.6,81778.28485145718,80644.95792133074,48.43745373805099,1133.3269301264372,2366.8639032710767,1816.6562186407314,0.5016663777988729,0.09407569939659899,-0.15028224518053046,False,False,0,NEUTRAL,-0.05565304587615949,
20210918,76680.0,-0.038856856354976155,78818.0,84209.5,76164.8,80993.93333584839,80351.25733456551,42.81710926016497,642.6760012828745,2022.0263228734364,1908.3236315949648,0.4696634591922424,0.020902676075089888,-0.18329960592182337,False,False,0,NEUTRAL,0.041340636411058895,
20210919,75600.0,-0.014084507042253502,78112.0,83939.0,76242.0,80164.09743802556,79999.31234681992,41.030872089527534,164.78509120564559,1650.5780765398783,1849.1576579096102,0.6585985913410041,-0.06678187878039743,-0.1948024283736287,False,True,-3,DOWN,0.04351851851851851,False
20210920,76750.0,0.015211640211640232,77862.0,83585.5,76337.8,79638.85167832933,79758.62254335177,43.7230934436849,-119.77086502243765,1296.5082882274153,1799.217825201781,0.4927567875415647,-0.08434741111906463,-0.18255405261476199,False,False,-2,DOWN,0.0426058631921824,False
20210921,74010.0,-0.03570032573289905,76564.0,82942.5,76410.0,78772.87449704789,79332.79865125164,39.13824661862675,-559.9241542037489,925.2217997411826,1866.416551973082,0.5500770854307064,-0.14803729711062508,-0.21173713920545323,False,True,-5,DOWN,0.07093635995135794,False
20210922,75340.0,0.017970544521010767,75676.0,82340.0,76531.0,78244.73995904053,79037.03578819596,42.30101842698782,-792.2958291554387,581.7182739618585,1828.1010839750047,0.9899645990955335,-0.13788763016363426,-0.19757162637128556,False,False,-4,DOWN,0.08322272365277406,False
20210925,79850.0,0.05986195911866199,76310.0,81708.5,76716.4,78491.70304226507,79097.2553594407,51.50418434233659,-605.5523171756358,344.26415573435963,2019.6652922625042,1.0146556403997578,-0.13657006920415227,-0.14953669187346896,False,False,-2,DOWN,0.0006261740763933155,False
20210926,78890.0,-0.012022542266750147,76968.0,80958.5,76864.4,78552.97949730122,79081.90311059325,49.68743481955063,-528.9236132920341,169.6266019290809,1943.9749142437538,1.0865674116473683,-0.15976142294174034,-0.15976142294174034,False,False,-2,DOWN,0.013309671694764935,False
20210928,80020.0,0.014323741919127997,77622.0,80577.5,77059.0,78778.67495925487,79151.39176906782,51.840828536221196,-372.71680981294776,61.157919580675156,1885.8338489406285,0.8228931974560224,-0.08694659972615248,-0.14772606241346253,False,False,-2,DOWN,0.009247688077980598,False
20210929,79260.0,-0.009497625593601566,78672.0,80276.0,77260.6,78852.72496552336,79159.43682321094,50.28206611206212,-306.71185768758005,-12.41603587297589,1805.4171454448694,0.7546695770966859,-0.07069996482588814,-0.15582064117584404,False,False,-2,DOWN,-0.015518546555639667,True
20211002,81610.0,0.029649255614433434,79926.0,80056.5,77498.0,79276.92112467361,79340.96002149161,54.80705569611573,-64.03889681800501,-22.740608061981717,1844.3159207702358,1.2578269137827864,-0.051046511627906965,-0.13079135158163813,False,False,0,NEUTRAL,-0.05048400931258423,
20211003,79900.0,-0.020953314544786217,79936.0,79696.0,77697.8,79372.77941318536,79382.37039027002,51.158388136264406,-9.590977084662882,-20.11068186651795,1834.7219264295047,1.0131600202892814,-0.08276891286878663,-0.1490041537969965,False,False,2,UP,-0.033917396745932415,False
20211004,79940.0,0.0005006257822277593,80146.0,79473.5,77905.2,79460.04411884915,79423.67628728705,51.24016089539853,36.36783156210731,-8.8149791807929,1706.5275031131116,0.8762145468862044,-0.052731366275625025,-0.14857812333581855,False,False,4,UP,-0.08056042031523647,False
20211006,80760.0,0.010257693269952517,80294.0,79266.0,78126.0,79660.03733133391,79522.66322896948,52.97818809228225,137.3741023644252,20.422837128250723,1643.2041100336035,1.1190907743308007,-0.048875279707926045,-0.13984449888167005,False,False,4,UP,-0.11911837543338288,False
20211009,78030.0,-0.033803863298662695,80048.0,79046.5,78209.0,79409.26235728254,79412.09558237914,46.97484532008349,-2.8332250966050196,15.771624683279576,1720.832387888346,0.8087797949945399,-0.053263770929386056,-0.16892107785706678,False,False,-4,DOWN,-0.04741765987440727,True
20211010,77490.0,-0.00692041522491349,79224.0,78769.0,78327.2,79113.99122539292,79269.71813183255,45.86766472512636,-155.72690643962414,-18.52808154130117,1636.4872173248928,0.8150303804594486,-0.06683526011560692,-0.1746724890829694,False,False,-4,DOWN,-0.06465350367789391,True
20211011,77190.0,-0.0038714672861014376,78682.0,78436.5,78444.8,78817.99257533246,79115.66493688199,45.22985595063479,-297.67236154952843,-74.35693754294662,1541.023844658829,0.6309586797516864,-0.07931774809160308,-0.1778677175418042,False,False,-4,DOWN,-0.06607073455110768,True
20211012,73500.0,-0.04780411970462495,77394.0,78155.0,78489.0,77999.83987143516,78699.68975637222,38.194658560617434,-699.8498849370517,-199.45552702176764,1694.5221414689127,0.6741945894786789,-0.07114874257550863,-0.2171690275854724,False,True,-5,DOWN,-0.009387755102040818,True
20211013,71140.0,-0.032108843537414944,75470.0,77812.0,78510.6,76944.47989121437,78139.71273738169,34.4987227561097,-1195.232846167317,-398.61099085087756,1742.0562742211332,0.9826008869362622,-0.08794871794871795,-0.24230482479497284,False,True,-5,DOWN,0.0005622715771718134,False
20211016,74330.0,0.04484115827944901,74730.0,77503.5,78603.6,76542.25221564293,77857.51179387193,42.58601018576579,-1315.259578229001,-581.9407083265023,1845.480826062481,0.8631389835247739,-0.07664596273291924,-0.2083288955160294,False,False,-4,DOWN,-0.0784340104937441,True
20211017,72480.0,-0.0248890084757164,73728.0,77138.5,78646.8,75917.29033631325,77459.17758691846,39.53723674828906,-1541.887250605214,-773.9300167822446,1845.803624200875,0.6101642785634238,-0.09150162948107299,-0.22803280434551065,False,False,-4,DOWN,-0.060568432671081696,True
20211018,72090.0,-0.005380794701986713,72708.0,76909.0,78696.6,75328.4764384189,77061.46072862821,38.90491197444501,-1732.9842902093078,-965.7408714676574,1741.8176510436697,0.7565965069278839,-0.059859154929577496,-0.23218660134199598,False,False,-4,DOWN,-0.0475794146206131,True
20211019,72810.0,0.009987515605493158,72570.0,76769.5,78764.8,74941.018524816,76746.53771169278,40.78768722762188,-1805.519186876787,-1133.6965345494834,1668.8306759691218,0.6107781417548201,-0.036904761904761885,-0.22451805304079242,False,False,-4,DOWN,-0.046010163439088037,True
20211020,71180.0,-0.02238703474797421,72578.0,76491.0,78796.8,74362.40029022892,76334.20158490073,37.93733337092014,-1971.8012946718081,-1301.3174865739484,1666.0570562570415,0.4723948574317643,-0.07257328990228018,-0.2418787943337949,False,False,-4,DOWN,-0.04453498173644277,True
20211023,68500.0,-0.037651025568980034,71412.0,76215.5,78756.8,73460.49255327063,75753.89035638956,33.759958280771556,-2293.3978031189326,-1499.7335498829452,1738.4815522386814,0.5505287436287736,-0.07444939872990142,-0.27042283523271915,False,True,-5,DOWN,-0.05065693430656937,True
20211025,68090.0,-0.005985401459854045,70534.0,75853.0,78704.0,72634.26292969052,75186.19477443479,33.158418672467306,-2551.931844744264,-1710.173208855209,1643.5900127930613,0.5632904109385447,-0.09623042208654098,-0.2747896474597934,False,True,-5,DOWN,0.020120428844176752,False
20211026,68660.0,0.008371273314730532,69848.0,75293.5,78662.0,72022.8378635843,74702.77293929146,34.895222894249656,-2679.935075707166,-1904.1255822256007,1566.9050118792711,0.6225574008636168,-0.14013775829680652,-0.26871871338800724,False,False,-4,DOWN,0.04951937081270019,False
20211027,69460.0,0.011651616661811914,69178.0,74822.0,78642.4,71628.55511534055,74314.41938823284,37.35551573664331,-2685.864272892286,-2060.4733203589376,1512.1260824593232,0.6449800386891043,-0.11953352769679304,-0.2601981041644478,False,False,-4,DOWN,0.04837316441117179,False
20211030,68010.0,-0.020875323927440292,68544.0,74221.5,78592.6,71071.85432836508,73847.42535947486,34.789359586566874,-2775.571031109779,-2203.492862509106,1507.6885051408003,0.6746389979865461,-0.1500874781304674,-0.2756417083821493,False,True,-5,DOWN,0.13953830319070715,False
20211031,65030.0,-0.04381708572268783,67850.0,73510.0,78442.8,70142.33827784738,73194.2827402545,30.1980168703316,-3051.9444624071184,-2373.1831824887086,1612.8536119164576,0.7230847498110756,-0.1795357052737825,-0.30738097773990836,False,True,-5,DOWN,0.16500076887590343,False
20211101,69460.0,0.06812240504382583,68124.0,72902.5,78373.6,70037.36315817854,72917.66920393934,42.37353385218889,-2880.3060457607935,-2474.607755143126,1814.0783539224249,1.3009568721307605,-0.1488788138708491,-0.2601981041644478,False,False,-4,DOWN,0.07284768211920523,False
20211102,72060.0,0.03743161531816863,68804.0,72510.5,78312.6,70348.53805692031,72854.13815179569,48.09589972098276,-2505.600094875379,-2480.8062230895766,1870.2156143565373,1.6256514187094808,-0.09812265331664582,-0.23250612418787941,False,False,-3,DOWN,0.0829864002220373,False
20211103,72820.0,0.0105467665834027,69476.0,72154.5,78148.8,70728.76297124027,72851.60939981083,49.669202723167245,-2122.846428570556,-2409.2142641857727,1790.9144990453563,2.0260268608237224,-0.08906680010007506,-0.2244115454254979,False,False,1,NEUTRAL,0.06811315572644872,
20211106,77500.0,0.0642680582257622,71374.0,71991.5,78022.4,71770.49174489561,73195.93462945447,58.09310196588546,-1425.4428845588554,-2212.4599882603893,1997.2777491135453,2.808319311076458,-0.04036651807825653,-0.174565981467675,False,False,1,NEUTRAL,-0.041161290322580646,
20211107,75760.0,-0.022451612903225837,73520.0,71878.0,77800.2,72384.2622456809,73385.86539764302,54.444539696780616,-1001.6031519621174,-1970.288621000735,1978.9007670340063,1.951302824378437,-0.02909137511213633,-0.1930983065289168,False,False,-1,NEUTRAL,-0.015443505807814173,
20211108,74520.0,-0.016367476240760293,74532.0,71729.5,77542.8,72712.83728480693,73469.87536818799,51.94094423070516,-757.0380833810632,-1727.6385134768009,1926.1221408172917,1.4497268438585569,-0.0383275261324042,-0.20630525082543405,False,False,0,NEUTRAL,-0.03542673107890504,
20211109,78040.0,0.04723564143853998,75728.0,71772.0,77254.0,73532.40077945201,73808.40311869259,57.8642746832027,-276.002339240571,-1437.3112786295549,2039.9705593303422,2.5057683397481507,0.011011789091851298,-0.16881457024177227,True,False,4,UP,-0.0785494618144541,False
20211110,77780.0,-0.0033316248077909227,76720.0,71986.0,76931.8,74185.87758261325,74102.5954802709,57.302477579636204,83.28210234234575,-1133.1926024351749,1912.8298050924607,1.629253781954791,0.05823129251700676,-0.1715837682394291,False,False,3,UP,-0.06595525842118799,False
20211113,74310.0,-0.04461301105682691,76082.0,72144.5,76665.2,74204.97333913429,74117.95877802861,50.28546489114783,87.0145611056796,-889.151169727004,2024.0562475858565,1.1329423065617132,0.044560022490863105,-0.20854191074661843,False,False,2,UP,-0.05490512716996365,False
20211114,74590.0,0.003767998923428939,75848.0,72157.5,76451.2,74264.2082100367,74152.92479447094,50.80891882733976,111.28341556576197,-689.0642526684509,1899.4808013297238,0.9346482943381226,0.003497914704695182,-0.20555969751837255,False,False,2,UP,-0.04424185547660542,False
20211115,71880.0,-0.036331947982303214,75320.0,72127.5,76168.8,73897.40694695413,73984.55999488049,45.78425321558327,-87.15304792636016,-568.6820117200327,1957.375029806172,0.7280586963982786,-0.008278145695364225,-0.23442326126318036,False,False,-2,DOWN,0.02045075125208684,False
20211116,71910.0,0.0004173622704508606,74094.0,72118.5,75864.8,73591.65203203811,73830.8888841486,45.84809684720709,-239.2368521104945,-502.7929797981251,1819.705384820017,0.7331508635618132,-0.0024968789013732895,-0.23410373841729681,False,False,-2,DOWN,0.001529689890140462,False
20211117,72650.0,0.010290641079126583,73068.0,72110.5,75630.0,73446.78248864763,73743.41563347093,47.4906664935367,-296.6331448232959,-461.56101280315926,1742.583571618587,0.5683344132676986,-0.0021975003433594154,-0.22622217488550433,False,False,0,NEUTRAL,-0.01830695113558156,
20211120,70230.0,-0.0333103922918101,72252.0,72063.0,75336.4,72951.89287500954,73483.16262358418,42.90706162191466,-531.2697485746467,-475.50275995745676,1790.9704593601166,0.5799657358918707,-0.013346445630795123,-0.25199701778677175,False,False,-4,DOWN,-0.012530257724619132,True
20211121,71290.0,0.01509326498647301,71592.0,72202.5,75113.8,72696.21704808499,73320.70613294833,45.39317547061413,-624.4890848633368,-505.30002493863276,1738.758283691537,0.7641205165853108,0.04072992700729916,-0.24070721056555544,False,False,-4,DOWN,-0.016972927479309896,True
20211122,73350.0,0.02889605835320519,71886.0,72465.5,74920.0,72796.7990406873,73322.87604902622,49.954102635925814,-526.0770083389216,-509.45542161869054,1761.704120570713,0.9560775478132653,0.07725069760610959,-0.2187666418148898,False,False,-2,DOWN,-0.04144512610770279,True
20211123,72020.0,-0.01813224267211999,71908.0,72633.5,74683.6,72677.29149596617,73226.36671206132,47.21233408774733,-549.0752160951524,-517.3793805139829,1730.8681119585194,0.581118434190212,0.048936789979609596,-0.23293215464905737,False,False,-4,DOWN,-0.0261038600388781,True
20211124,71320.0,-0.009719522354901367,71642.0,72726.5,74527.4,72468.47741966369,73085.15436301974,45.787902931772535,-616.6769433560548,-537.2388930823973,1657.2346753900536,0.47901292641991855,0.02677800172761291,-0.18621633957097217,False,False,-4,DOWN,-0.03337072349971959,True
20211127,69350.0,-0.027621985417835115,71466.0,72793.5,74354.4,71988.71166279235,72808.47626205532,41.9518063944612,-819.7645992629696,-593.7440343185118,1679.5750557193353,0.5544035136392763,0.019702984855168415,-0.20388015153254502,False,False,-4,DOWN,0.009805335255948178,False
20211128,70080.0,0.010526315789473717,71224.0,73046.0,74146.0,71695.06371467045,72606.36690931048,43.82976632801785,-911.3031946400297,-657.2558663828154,1611.748266025097,0.41916638210719664,0.07765646624634792,-0.19549994260130865,False,False,-4,DOWN,0.012842465753424737,False
20211129,70310.0,0.0032819634703196154,70616.0,73088.5,73956.6,71481.97698933654,72436.26565676897,44.43965727666798,-954.2886674324254,-716.6624265927375,1513.0519613090187,0.45176075079988975,0.01223725885401672,-0.19285960280105618,False,False,-4,DOWN,-0.006969136680415322,True
20211130,70140.0,-0.002417863746266513,70240.0,72992.5,73825.8,71275.51899097707,72266.17190441572,44.05886769479355,-990.652913438651,-771.4605239619202,1417.1196783583746,0.4578731866593707,-0.026644462947543746,-0.17394888705688372,False,False,-4,DOWN,-0.0029940119760478723,True
20211201,68940.0,-0.017108639863130826,69764.0,72798.5,73692.6,70916.2083769806,72019.78880038494,41.36448671189028,-1103.5804234043317,-837.8845038504026,1401.6111299042047,0.35698124190758396,-0.05328206536665747,-0.188081498056766,False,True,-5,DOWN,0.0348128807658834,False
20211204,70030.0,0.01581085001450533,69900.0,72425.0,73558.2,70779.86862667589,71872.39703739346,44.67414921230942,-1092.5284107175685,-888.8132852238358,1379.3531920539044,1.0077852744895004,-0.09638709677419355,-0.16471851145038163,False,False,-4,DOWN,0.0021419391689276868,False
20211205,70980.0,0.013565614736541498,70080.0,72186.0,73497.6,70810.65806872575,71806.2935531421,47.45778947152645,-995.6354844163434,-910.1777250623373,1348.6851069071968,0.9364616682088927,-0.06309398099260821,-0.15338740458015265,False,False,-4,DOWN,-0.03240349394195552,True
20211206,69820.0,-0.016342631727247148,69982.0,71951.0,73387.2,70658.24913507563,71659.1606973538,44.51276665704165,-1000.9115622781683,-928.3244925055036,1335.2075992709686,0.6372904643962229,-0.06307031669350505,-0.1672232824427481,False,False,-4,DOWN,-0.024634775136064158,True
20211207,69930.0,0.0015754798052134422,69940.0,71545.5,73188.8,70546.21080660247,71531.07471977203,44.86218850939446,-984.8639131695672,-939.6323766383164,1247.6927707516136,0.7439586228049934,-0.10392106611993845,-0.1431197157211126,False,False,-4,DOWN,-0.023738023738023695,True
20211208,71340.0,0.020163020163020073,70420.0,71223.5,73037.8,70668.33222097132,71516.92103682595,49.27196092323076,-848.5888158546295,-921.4236644815791,1259.2861442693554,1.3093129058760578,-0.08279763435330423,-0.12584242127190293,False,False,0,NEUTRAL,-0.046677880571909136,
20211211,70180.0,-0.016260162601625994,70450.0,71017.0,72841.0,70593.20418697574,71417.88984891292,46.011657006628916,-824.6856619371829,-902.0760639726999,1252.1942768215445,0.6078754469402936,-0.05557798412057602,-0.1400563656414655,False,False,-2,DOWN,-0.01909375890567111,True
20211212,68680.0,-0.021373610715303526,69990.0,70721.5,72629.4,70298.86508128716,71215.08319343788,42.129586745691896,-916.2181121507165,-904.9044736083033,1269.8946856200055,0.5786726437143171,-0.07923314117173885,-0.15843646611934814,False,True,-5,DOWN,-0.02023878858474082,True
20211213,68100.0,-0.008444962143273171,69646.0,70532.5,72359.2,69960.57814570452,70984.33629022025,40.69967931561061,-1023.7581445157266,-928.6752077897879,1220.616493790005,0.8041546616224919,-0.05258764607679467,-0.16554343830412943,False,True,-5,DOWN,-0.007929515418502175,True
20211214,68270.0,0.0024963289280470757,69314.0,70350.5,72126.6,69700.48920021152,70783.27434279653,41.328251796767226,-1082.7851425850095,-959.4971947488323,1145.5724585192904,0.8885426709601363,-0.0506188290919205,-0.16346036024996935,False,False,-4,DOWN,0.0019042038962941987,False
20211215,68010.0,-0.0038084077925882864,68648.0,70118.5,71888.0,69440.41393864051,70577.8466137005,40.61910237418617,-1137.4326750599867,-995.0842908110633,1082.3172829107696,0.6096719457162728,-0.06386785960082586,-0.1666462443328024,False,True,-5,DOWN,0.05940302896632854,False
20211218,68840.0,0.012204087634171357,68380.0,70049.0,71649.6,69348.04256346505,70449.11723490787,43.9268696643972,-1101.0746714428242,-1016.2823669374154,1064.2946198457146,0.7586025820692606,-0.019792111633205156,-0.15647592206837402,False,False,-4,DOWN,0.06812899477048218,False
20211219,67290.0,-0.02251597908192915,68102.0,69849.0,71434.8,69031.42063062427,70215.10855084061,39.501586938462076,-1183.68792021634,-1049.7634775932004,1098.9878612853065,0.6702285359163647,-0.05610885117127229,-0.175468692562186,False,True,-5,DOWN,0.06836082627433493,False
20211220,67560.0,0.004012483281319756,67994.0,69559.5,71236.2,68805.04822591285,70018.43384337093,40.62371021945142,-1213.385617458087,-1082.4879055661777,1039.7744426220704,0.788475467783675,-0.07893660531697344,-0.1721602744761671,False,False,-4,DOWN,0.07430432208407334,False
20211221,68400.0,0.01243339253996445,68020.0,69378.5,71060.4,68742.73311423395,69898.54985497308,44.09768445081652,-1155.8167407391302,-1097.1536726007682,1025.5048395776369,1.1003120206005035,-0.05026381560677584,-0.16186741820855288,False,False,-4,DOWN,0.05350877192982462,False
20211222,72050.0,0.05336257309941517,68828.0,69415.0,71031.4,69251.5434043518,70057.91653238249,56.113271754631896,-806.373128030682,-1038.9975636867512,1212.9687796078056,2.867496576363482,0.010235558048233395,-0.11714250704570517,True,False,4,UP,-0.009160305343511421,False
20211225,73530.0,0.020541290770298426,69766.0,69624.0,71079.2,69909.76749598999,70315.10790035415,59.87893272938449,-405.340404364164,-912.2661318222338,1232.042438207248,2.7372479189129812,0.0602739726027397,-0.09900747457419434,True,False,4,UP,-0.033727730178158555,False
20211226,71890.0,-0.02230382156942745,70686.0,69714.5,71030.4,70214.41865045307,70431.76657440199,54.317175747437865,-217.3479239489243,-773.282490247572,1261.1822640495873,1.9270947837840415,0.025827625570776336,-0.11910305109667929,False,False,1,NEUTRAL,-0.0019474196689386325,
20211227,72580.0,0.009597996939769038,71690.0,69828.0,71032.4,70578.35424269106,70590.89497629814,56.16209627189789,-12.540733607078437,-621.1341389194733,1220.383530903188,1.535237330025758,0.03228559237661788,-0.10128776622090141,False,False,3,UP,-0.009920088178561604,False
20211228,72060.0,-0.007164508128961189,72422.0,69924.0,71031.8,70806.29974381551,70699.71757064642,54.379715119022876,106.58217316909577,-475.59087650175957,1170.3561358386746,0.8387788190880582,0.0273738237810095,-0.10772659732540857,False,False,4,UP,-0.01443241742991952,False
20211229,71390.0,-0.009297807382736556,72290.0,70046.5,71003.4,70896.09978322852,70750.84960245038,52.08602557972031,145.2501807781373,-351.4226650457802,1134.616411850198,0.9249354680403884,0.035538149115172724,-0.11602278355621598,False,False,4,UP,-0.0014007564084606017,False
20220101,71050.0,-0.004762571788765935,71794.0,70097.5,71000.8,70919.7767396549,70773.00889115776,50.91245148925411,146.76784849714022,-251.78456233719615,1077.858096718041,0.7453562049567877,0.014565186348707737,-0.08956945156330087,False,False,4,UP,0.0074595355383533235,True
20220102,71750.0,0.009852216748768461,71766.0,70136.0,71065.8,71047.50339509262,70845.37860292385,53.24802254301878,202.1247921687609,-161.00269143600474,1050.8682326667524,0.6916106430050312,0.010848126232741562,-0.08059969246540233,False,False,4,UP,-0.02271777003484321,False
20220103,71860.0,0.0015331010452961369,71622.0,70238.0,71141.2,71172.50287277067,70920.53574344801,53.621460226152976,251.96712932265655,-78.40872728427249,983.6633589048415,0.4838588519321905,0.029217989114866727,-0.0791901588928754,False,False,4,UP,-0.023796270526022845,False
20220104,71020.0,-0.011689396047870892,71414.0,70292.5,71188.4,71149.0408923444,70927.90346615556,50.31625987026636,221.13742618884135,-18.499496589649723,973.4016904116386,0.40988714511262825,0.015587015587015696,-0.08995386981035369,False,False,2,UP,-0.005632216277105084,False
20220105,71290.0,0.003801745987045857,71394.0,70290.0,71225.0,71170.7269089068,70954.72543162553,51.35420318790761,216.00147728127195,28.400698184534615,923.1587125250929,0.5123837123211865,-0.0007008690776563187,-0.08649410558687853,False,False,4,UP,-0.010099593210828983,False
20220108,71580.0,0.004067891709917282,71500.0,70360.0,71296.4,71233.69199984422,71001.04206631993,52.501970535112925,232.64993352428428,69.25054525248456,877.933090201872,0.6645198912049249,0.019948703334283335,-0.0827780625320349,False,False,4,UP,-0.023190835428890777,False
20220109,70120.0,-0.020396758871193077,71174.0,70432.0,71398.2,71062.35476909895,70935.77969103698,46.547484256066916,126.575078061971,80.71545181438185,919.5092980445954,0.6119751682099829,0.0209668025626093,-0.10148641722193752,False,False,0,NEUTRAL,-0.0096976611523103,
20220110,70150.0,0.0004278379920137354,70832.0,70534.5,71412.0,70921.99249692987,70877.5737879972,46.68129819169631,44.418708932673326,73.45610323804016,855.9729196128386,0.5255752946487817,0.03010279001468419,-0.1011019989748847,False,False,-2,DOWN,-0.009693513898788364,True
20220111,70620.0,0.006699928724162474,70752.0,70652.0,71383.2,70875.53211278682,70858.49424814555,48.84206302498049,17.03786464127188,62.172455518686505,828.4034253547787,0.5300753163769633,0.034422147356086175,-0.09507944643772426,False,False,-2,DOWN,-0.03908241291418857,True
20220112,70570.0,-0.0007080147267063408,70608.0,70780.0,71338.2,70828.52717235808,70837.12430383847,48.6163445707423,-8.59713148039009,48.018538118871184,772.8031806865803,0.43712572242387476,0.03764152330539616,-0.09572014351614555,False,False,-4,DOWN,-0.012044778234377218,True
20220115,69920.0,-0.00921071276746488,70276.0,70834.0,71186.6,70688.75376122608,70769.18917022081,45.6620326701627,-80.4354089947301,22.32774869615093,764.0315249232532,0.36299349121359414,0.01568855316676343,-0.1040492055356228,False,False,-4,DOWN,0.02188215102974822,False
20220116,69440.0,-0.006864988558352381,70140.0,70941.5,71060.2,70496.63779796053,70670.73071316742,43.55706599557464,-174.09291520688566,-16.956384084456385,743.7435588573065,0.43264183387092214,0.03195125575865654,-0.11019989748846748,False,False,-4,DOWN,-0.005472350230414702,True
20220117,69470.0,0.000432027649769573,70004.0,71037.0,70959.2,70338.69352135122,70581.78769737724,43.73165577666837,-243.09417602601752,-62.18394247276862,692.7618760817846,0.4963693871984016,0.028271166370633427,-0.10981547924141466,False,False,-4,DOWN,-0.012379444364473913,True
20220118,67860.0,-0.023175471426514993,69452.0,71010.0,70755.6,69957.35605652796,70380.17379386781,37.09934606286082,-422.8177373398503,-134.31070144618496,758.2788849330857,0.5236526080848789,-0.007894736842105288,-0.13044592516658127,False,True,-5,DOWN,-0.004568228706159694,True
20220119,69720.0,0.027409372236958385,69282.0,70893.5,70594.4,69920.83974013904,70331.27203135908,47.08389594302567,-410.43229122004414,-189.5350194009568,836.9732502950081,1.1692460307459809,-0.032338653712699506,-0.10661199384930808,False,False,-4,DOWN,0.0078886976477337,False
20220122,71450.0,0.024813539873780766,69588.0,70789.5,70537.2,70156.09516473304,70414.14076977693,54.34322386484076,-258.0456050438952,-203.2371365295445,900.7608752739361,1.6984232032268098,-0.028287773697810437,-0.08444387493593031,False,False,1,NEUTRAL,0.04296710986703989,
20220123,69060.0,-0.033449965010496796,69512.0,70648.0,70426.6,69987.46513938949,70313.83404608976,45.13178375158912,-326.3689067002706,-227.86349056368977,1007.135098468655,1.0672758011097374,-0.03936569759354569,-0.11506919528446946,False,False,-4,DOWN,0.09716188821314797,False
20220124,68610.0,-0.006516072980017329,69340.0,70449.5,70361.2,69775.54742563725,70187.62411674978,43.63214052770054,-412.0766911125247,-264.70613067345676,967.3397342923225,0.7506443443263875,-0.054698263984568785,-0.12083546899026143,False,False,-4,DOWN,0.09488412767818111,False
20220125,67550.0,-0.015449642909196926,69278.0,70224.0,70274.0,69433.15551400075,69992.2445525461,40.24023322483139,-559.0890385453386,-323.5827122478331,973.9583247000138,1.5147580955816011,-0.06258673327782405,-0.13441824705279348,False,True,-6,DOWN,0.10836417468541826,False
20220126,70270.0,0.040266469282013384,69388.0,70168.0,70226.4,69561.90081953909,70012.81903013527,50.807928646938926,-450.91821059618087,-349.0498119175027,1098.6755872214414,2.65782174550877,-0.015688471774758406,-0.09956432598667353,False,False,1,NEUTRAL,0.047957876761064444,
20220129,74520.0,0.06048100185000704,70002.0,70341.5,70312.2,70324.68530884077,70346.6842871623,62.08881977811353,-21.99897832152783,-283.63964519830773,1323.7701881341957,3.7038896543130284,0.04883884588318077,-0.04510507432086108,True,False,4,UP,-0.004696725711218486,False
20220130,75770.0,0.016774020397208877,71344.0,70542.5,70401.8,71162.42603055757,70748.41137700212,64.65607387237485,414.01465355545224,-144.10878544755573,1318.5008889817532,3.6959104041410464,0.05602787456446001,-0.029087647360327984,True,False,6,UP,-0.06308565395275179,False
20220131,75120.0,-0.008578593110729837,72646.0,70705.5,70437.2,71771.28356431794,71072.23275648344,62.293778224891454,699.050807834501,24.52313320885561,1270.7508254830566,2.8707547218115987,0.045365989423879816,-0.037416709379805235,False,False,3,UP,-0.050053248136315176,False
20220201,74870.0,-0.0033280085197018305,74110.0,70898.0,70494.2,72248.00916980748,71353.54884859578,61.36511592578216,894.4603212117072,198.51057080942596,1197.840052234267,1.4456716037547033,0.054210081667136034,-0.037413216765235235,False,False,4,UP,-0.034993989581942,False
20220202,73640.0,-0.016428476025110217,74784.0,71015.5,70540.6,72462.16160522171,71522.91560055164,56.87282638159655,939.2460046700726,346.6576575815553,1200.1371913603907,1.0858892307292267,0.03296395006312247,-0.028111389732083936,False,False,4,UP,-0.006789788158609422,False
20220205,74170.0,0.007197175448125925,74714.0,71145.0,70637.0,72724.90597364915,71718.9959264367,58.28974361428834,1005.910047212441,478.5081355077325,1152.270249120363,1.1173891861813212,0.036183291422184904,-0.021116536887950343,False,False,4,UP,-0.058379398678711114,False
20220206,70990.0,-0.0428744775515707,73758.0,71188.5,70655.2,72457.9973623185,71664.99622818214,48.08234530694872,793.0011341363715,541.4067352334604,1297.1080884689084,1.073812536585917,0.012407301768396994,-0.06308565395275179,False,False,2,UP,-0.0273277926468517,False
20220207,71360.0,0.005212001690378942,73006.0,71249.0,70676.2,72289.07469119258,71642.40391498346,49.19707839667775,646.6707762091246,562.4595434285932,1230.8860821497005,0.9908978874046562,0.01724875267284398,-0.05820245479741326,False,False,4,UP,-0.0281670403587444,False
20220208,72250.0,0.012471973094170474,72482.0,71330.5,70718.4,72283.06320023988,71687.41103239209,51.87384180943425,595.6521678477875,569.0980683124321,1206.537076281865,0.8128469855848608,0.023081280090625933,-0.04645638115349082,False,False,4,UP,-0.04941176470588238,False
20220209,73140.0,0.012318339100346076,72382.0,71459.0,70802.4,72414.8996309722,71795.01021517787,54.45799428761759,619.8894157943287,579.2563378088115,1183.9272851188746,1.1818788552524744,0.03641774124982278,-0.03471030750956838,False,False,4,UP,-0.0691823899371069,False
20220212,69840.0,-0.0451189499589828,71516.0,71455.0,70798.6,72018.76122620725,71650.19464368321,44.84316066957648,368.56658252404304,537.1183867518579,1335.0753361818122,1.2424751651328851,-0.0011441647597254523,-0.07826316484096607,False,False,-2,DOWN,-0.026775486827033235,True
20220213,69050.0,-0.011311569301259983,71128.0,71435.5,70760.0,71562.02872986767,71457.58763304,42.890877124780644,104.4410968276643,450.58292876701915,1296.141383597397,0.4594746969031879,-0.00561635944700456,-0.08868945492939162,False,False,-2,DOWN,-0.002027516292541609,True
20220214,69350.0,0.004344677769732019,70726.0,71429.5,70750.6,71221.71661758034,71301.4700305926,43.88987996526149,-79.75341301225126,344.51566041116513,1224.9884276261544,0.40241513867430634,-0.001727364329926595,-0.08473010426290084,False,False,-4,DOWN,0.014131218457101635,False
20220216,68680.0,-0.009661139149242937,70012.0,71470.5,70725.6,70830.68329179875,71107.2870653635,42.117871157834315,-276.6037735647551,220.2917736159811,1185.346397081429,0.36698731390391826,0.012083701738874186,-0.09357265408473014,False,False,-4,DOWN,0.021112405358182817,False
20220219,68080.0,-0.008736167734420541,69000.0,71388.5,70660.4,70407.50124690663,70883.04357904028,40.539388525431924,-475.5423321336566,81.12495246605357,1143.5359401470412,0.45252682260482874,-0.02352266207687892,-0.10149135541771148,False,False,-4,DOWN,0.01762632197414815,False
20220220,67970.0,-0.0016157461809636064,68626.0,71214.5,70616.2,70032.50105507484,70667.26257318545,40.241622600085016,-634.7615181106084,-62.05234164927883,1069.7119444222524,0.4744185421144096,-0.04870538838348493,-0.10294311732875805,False,False,-4,DOWN,0.015447991761071034,False
20220221,68910.0,0.013829630719434993,68598.0,71207.0,70620.8,69859.80858506334,70537.09497517171,44.02526188864639,-677.2863901083765,-185.09915134109838,1060.4468055349487,0.6957977987323877,-0.002172024326672406,-0.09053715190708722,False,False,-4,DOWN,0.0036279204759832595,False
20220222,70330.0,0.020606588303584417,68794.0,71293.0,70665.4,69932.14572582283,70521.75460664048,49.25248333265728,-589.6088808176428,-266.0010972364073,1086.1291765681667,1.3122554139733456,0.025069231890394894,-0.0717962254190313,False,False,-4,DOWN,-0.008815583676951566,True
20220223,70130.0,-0.002843736669984387,69084.0,71422.0,70702.6,69962.58484492701,70492.73574688933,48.56458408133079,-530.150901962319,-318.8310581815897,1022.8342353847263,0.9415706168398321,0.03819393042190966,-0.07443579253002508,False,False,-4,DOWN,0.0029944388991871573,False
20220226,69280.0,-0.012120347925281605,69324.0,71372.5,70728.0,69857.57179186132,70402.90346934197,45.64662631095517,-545.3316774806444,-364.1311820414006,1010.4889328572459,0.622462106070922,-0.014088515725060535,-0.0856539527517487,False,False,-4,DOWN,0.04041570438799069,False
20220227,69020.0,-0.0037528868360277023,69534.0,71097.5,70731.6,69728.71459311343,70300.46617531664,44.76070459252603,-571.7515822032146,-405.6552620737634,956.8825805102998,0.39689102211316174,-0.07380568974771873,-0.08908538999604065,False,False,-4,DOWN,0.06215589684149525,False
20220228,69160.0,0.0020283975659229903,69584.0,70767.0,70769.0,69641.22004032675,70215.98719936726,45.37547605560652,-574.767159040508,-439.47764146711233,898.533824759564,0.4779604622000828,-0.08723769301834494,-0.08723769301834494,False,False,-4,DOWN,0.03716020821283972,False
20220302,69710.0,0.007952573742047386,69460.0,70496.5,70812.0,69651.80157258417,70178.5066660808,47.83182764040628,-526.7050934966246,-456.9231318730148,873.6385515624523,0.9981703027058281,-0.07201810436634715,-0.0799788834631121,False,False,-4,DOWN,0.04217472385597465,False
20220305,70340.0,0.00903744082628033,69502.0,70270.0,70850.8,69757.67825372507,70190.46913525999,50.57355808661721,-432.79088153492194,-452.0966818053963,856.23579787942,1.616053342862316,-0.060504875116869195,-0.07166424706348162,False,False,1,NEUTRAL,-0.0014216661927779484,
20220306,72080.0,0.02473699175433608,70062.0,70192.0,70851.4,70114.95852238275,70330.4343845,57.255367745783964,-215.47586211725138,-404.77251786776736,919.3618123166043,1.990020391027547,-0.021184139054861495,-0.04870001319783557,False,False,3,UP,-0.024694783573806833,False
20220307,73310.0,0.017064372918979,70920.0,70149.0,70847.0,70606.50336509309,70551.1429486111,61.24391880315759,55.36041648198443,-312.745930997817,941.5502542939897,2.611599302820551,-0.011594984495078897,-0.03246667546522375,False,False,5,UP,-0.04596917200927564,False
20220308,71730.0,-0.021552312099304305,71434.0,70186.0,70843.8,70779.34900123261,70638.46569315843,54.24215915782676,140.88330807417515,-222.0200831834186,987.1538075587048,0.9832695028225273,0.010424003380757885,-0.05331925564207474,False,False,4,UP,-0.03485292067475254,False
20220309,72650.0,0.01282587480830899,72022.0,70250.5,70845.2,71067.14146258144,70787.46823440595,57.30310695907664,279.6732281754812,-121.68142091163864,982.3571070187973,1.7284820974360602,0.018077354260089606,-0.041177246931503264,False,False,5,UP,-0.0335856847900895,False
20220312,70240.0,-0.03317274604267029,72002.0,70150.0,70808.8,70939.8889298766,70746.91503185737,48.20596309571643,192.97389801923418,-58.750357125464085,1084.3315993745975,0.7855562806427291,-0.027820069204152253,-0.07298403061897851,False,False,2,UP,0.01993166287015935,True
20220313,70300.0,0.0008542141230067912,71646.0,70008.0,70787.0,70841.44447912635,70713.81021468274,48.42548654783234,127.63426444360812,-21.473432811649648,1011.1650565621263,0.6865354536404465,-0.038829641782882174,-0.07219216048568033,False,False,2,UP,0.03712660028449499,True
20220314,69940.0,-0.005120910384068256,70972.0,70013.0,70764.8,70702.76071310692,70656.49093952106,47.134632269107854,46.26977358586737,-7.924791532146244,964.6532668076887,0.5232428849854455,0.001431844215349365,-0.07694338128546918,False,False,0,NEUTRAL,0.042179010580497556,
20220315,69230.0,-0.010151558478695977,70472.0,70022.0,70714.4,70476.18214185971,70550.82494400098,44.609021316109434,-74.64280214127211,-21.26839365397142,946.4637477499966,0.49768412702275333,0.0026068066618392116,-0.0863138445294972,False,False,-4,DOWN,0.05965621840242674,False
20220316,70210.0,0.01415571284125372,69984.0,70065.0,70681.4,70435.23104311207,70525.57865185276,48.69536893333652,-90.34760874068888,-35.08423667131491,948.8591943392827,0.6242709040042577,0.012400865176640297,-0.07337996568562755,False,False,-2,DOWN,0.03532260361771833,False
20220319,71640.0,0.02036746902150699,70264.0,70213.0,70693.8,70620.58011340252,70608.12838134514,54.02517052310736,12.451732057379559,-25.57704292557602,983.2263947436196,1.0010980755732688,0.043098427489807856,-0.05450706084202195,False,False,4,UP,0.02065884980457855,True
20220326,72910.0,0.01772752652149645,70786.0,70454.5,70726.2,70972.79855749445,70778.63739013439,58.18032777705839,194.16116736005642,18.37059913155047,1003.7102236905039,1.2227165580284638,0.07094594594594605,-0.03774580968721131,False,False,4,UP,0.010698120971060154,True
20220327,72890.0,-0.0002743107941297618,71376.0,70700.5,70752.4,71267.75262557222,70935.0346204948,58.09128692786822,332.71800507741864,81.2400803207241,933.4452077126108,1.1509032469746,0.07238487568044727,-0.03800976639831066,False,False,4,UP,0.03128001097544253,True
20220328,73360.0,0.006448072437920116,72202.0,70923.0,70817.2,71589.63683702264,71114.66168564334,59.653954670656894,474.9751513793017,159.98709453243964,900.3419785902814,1.0724571965185734,0.06457698447250038,-0.03180678368747525,True,False,5,UP,0.031897491821155866,True
20220329,72690.0,-0.009133042529989144,72698.0,71041.0,70868.0,71758.9234774807,71231.35341263271,56.424060538159594,527.5700648479833,233.5036885955484,883.8889801195471,0.7176879402715666,0.03355609270581539,-0.04064933350930444,False,False,4,UP,0.029440088045123103,True
20220330,73120.0,0.005915531710001476,72994.0,71190.5,70918.0,71968.3198655606,71371.2531598451,57.995937957548364,597.0667057154933,306.2162920195374,851.4683386824365,0.7308208665922671,0.04263510623128486,-0.03497426422066785,False,False,4,UP,0.012445295404813983,True
20220403,73690.0,0.007795404814004314,73150.0,71411.0,70980.4,72233.19373239743,71543.01218504176,60.052999003522565,690.1815473556635,383.0093430867626,831.3634573479768,0.8828644930479661,0.06365473441108538,-0.027451497954335435,True,False,5,UP,0.014927398561541683,True
20220404,75170.0,0.020084136246437678,73606.0,71718.5,71085.4,72685.01008125936,71811.67794911274,64.86443169239668,873.332132146621,481.07390089873434,877.6946389659785,1.790028822859307,0.08910460736018555,-0.007918701332981337,True,False,6,UP,-0.0038579220433683226,False
20220405,75700.0,0.007050685113742183,74074.0,72045.5,71210.6,73148.85468414254,72099.70180473401,66.42404676245243,1049.1528794085316,594.6896966006938,852.8593076112658,1.2188303160440368,0.0945633314054366,-0.000923848488847856,True,False,5,UP,-0.03672391017173049,False
20220406,74830.0,-0.011492734478203426,74502.0,72301.5,71317.8,73407.49242504369,72301.94611549446,61.591054017895594,1105.5463095492305,696.8610191904011,854.0836427818896,0.7288841066163582,0.07344713814373827,-0.012405965421670828,False,False,4,UP,-0.008552719497527783,False
20220409,74030.0,-0.010690899371909701,74684.0,72486.0,71441.2,73503.26282119082,72429.95010693932,57.45155291704899,1073.3127142515004,772.1513582026209,850.220525440326,0.6785331413661281,0.05245948251350585,-0.022964233865646055,False,False,4,UP,0.013102796163717345,True
20220410,74790.0,0.010266108334459068,74904.0,72621.5,71542.6,73701.22238716146,72604.7686175364,60.18897646092046,1096.4537696250482,837.0118404871065,843.7762021945884,0.5134713416103682,0.037597114317425184,-0.01293387884386965,False,False,4,UP,-0.0022730311538975423,False
20220411,74880.0,0.001203369434416457,74846.0,72700.0,71611.2,73882.57278913661,72773.30427549667,60.51296260398306,1109.2685136399377,891.4631751176728,789.935044894975,0.6320170274520235,0.021415905060701235,-0.011746073643922439,False,False,4,UP,0.023103632478632452,True
20220412,72920.0,-0.026175213675213693,74290.0,72759.5,71688.4,73734.48466773098,72784.17062545988,50.81438563416127,950.3140422711003,903.2333485483583,873.5111131167625,0.5937587795315105,0.01658999024118213,-0.03761383133166163,False,False,4,UP,0.0636313768513439,True
20220413,74190.0,0.01741634668129466,74162.0,72836.5,71800.0,73804.56394961852,72888.30613468509,55.761913690291685,916.2578149334295,905.8382418253726,901.8317478941366,0.9783710180485118,0.021197522367515376,-0.020852580176850988,False,False,4,UP,0.10971829087478091,True
20220416,75000.0,0.010917913465426698,74356.0,73074.5,71949.0,73988.47718813874,73044.7279024862,58.620808322264665,943.7492856525496,913.4204505908081,895.2723373302697,0.654972677623842,0.0677676537585421,-0.010162333377326083,False,False,4,UP,0.09519999999999995,True
20220417,74620.0,-0.005066666666666664,74322.0,73290.5,72036.0,74085.6345438097,73161.41472452425,56.76734638359876,924.2198192854557,915.5803243297377,858.4671703781075,0.5970797806320177,0.06145092460881929,-0.015177510888214285,False,False,4,UP,0.09555079067274197,True
20220418,76610.0,0.026668453497721734,74668.0,73624.0,72077.8,74473.99846014667,73416.8654856706,63.30974194981173,1057.1329744760733,943.8908543590048,939.2909439225284,1.5998006354159797,0.09536745782098932,0.0,True,False,6,UP,0.08249575773397733,True
20220419,77560.0,0.012400469912543954,75596.0,74040.5,72113.6,74948.76792781641,73723.76433858389,65.95819737061927,1225.003589232525,1000.1134013337089,940.0558764994906,1.3064867921247336,0.12032355915065729,0.0,True,False,5,UP,0.06756059824651883,True
20220420,82330.0,0.06150077359463646,77224.0,74646.5,72257.8,76084.34209276774,74361.26327646658,75.51514006818238,1723.0788163011603,1144.7064843271992,1213.6233138923842,2.105329648503818,0.17262498219626843,0.0,True,False,5,UP,0.008502368516944081,True
20220424,82140.0,-0.0023077857403134283,78652.0,75171.5,72403.2,77015.98177080347,74937.46599672831,74.61655022752515,2078.51577407516,1331.4683422767914,1140.507362900071,0.9305927807399994,0.14656616415410384,-0.0023077857403134283,False,False,3,UP,0.00547845142439729,True
20220425,81750.0,-0.0047479912344776665,80078.0,75613.5,72565.4,77744.29226760293,75442.09814511881,72.70413465648627,2302.194122484114,1525.613498318256,1086.8996941214946,0.6325408241369903,0.12124537100534916,-0.007044819628325039,False,False,3,UP,0.01981651376146787,True
20220426,82930.0,0.014434250764526091,81342.0,76115.5,72740.6,78542.09345720249,75996.75754177668,74.80797271151616,2545.335915425807,1729.557981739766,1093.5497159699592,1.195738806438424,0.1377418027164221,0.0,True,False,4,UP,0.04594236102737259,True
20220427,82800.0,-0.001567587121668823,82390.0,76587.5,72976.8,79197.15600224826,76500.701427571,74.13008777684637,2696.4545746772637,1922.9373003272658,1024.7247362578194,0.660221849639029,0.1286804798255179,-0.001567587121668823,False,False,3,UP,0.04251207729468609,True
20220430,83030.0,0.002777777777777768,82530.0,77104.5,73210.2,79786.82430959468,76984.35317367685,74.56916199352517,2802.4711359178327,2098.844067445379,967.9586836679752,0.7587390797032523,0.14224790204980042,0.0,True,False,4,UP,0.018908828134409195,True
20220501,82590.0,-0.005299289413465025,82620.0,77578.0,73417.0,80218.08210811857,77399.586271923,72.04982965003762,2818.495836195565,2242.7744211954164,930.2473491202627,0.4942839308769781,0.12951312910284463,-0.005299289413465025,False,False,3,UP,0.01186584332243612,True
20220502,83370.0,0.009444242644387923,82944.0,78062.0,73621.6,80702.9925530234,77841.83914066946,73.74335624466835,2861.153412353946,2366.4502194271226,919.5153956116725,0.9938606992771104,0.13136110734156592,0.0,True,False,4,UP,0.014153772340170345,True
20220507,86740.0,0.04042221422574066,83706.0,78640.5,73959.6,81631.76292948135,78500.96216728653,79.51773766886811,3130.80076219482,2519.320327980662,1094.5500102108388,1.2820593511008558,0.15391778635093778,0.0,True,False,4,UP,-0.016486050265160257,False
20220508,86320.0,-0.004842056721235832,84410.0,79171.5,74305.0,82353.0301710996,79080.15015489493,77.23791600561127,3272.880016204668,2670.0322656254634,1046.3678666243502,0.8565226229611344,0.14029062087186261,-0.004842056721235832,False,False,3,UP,-0.0324374420759963,False
20220509,84600.0,-0.019925857275254866,84724.0,79660.0,74610.0,82698.71783708427,79489.02792119901,68.56787076040652,3209.689915885261,2777.963795677423,1094.4844475797538,0.8363284056758518,0.13056260857944668,-0.024671431865344706,False,False,4,UP,-0.01643026004728132,False
20220510,83570.0,-0.012174940898345143,84920.0,80137.0,74907.8,82832.76124676362,79791.32214925834,63.939247848261054,3041.439097505281,2830.658856042995,1089.8784156097713,0.5136328878109058,0.12886667567202492,-0.03654599953885174,False,False,4,UP,-0.004427426109848032,False
20220511,84550.0,0.011726696182840834,85156.0,80625.0,75237.2,83096.95182418461,80143.81680486884,66.27213395134028,2953.1350193157705,2855.1540886975504,1082.0299573519305,0.5948549638414182,0.13049872977670818,-0.025247867189301387,False,False,4,UP,-0.04210526315789476,False
20220514,85310.0,0.008988764044943753,84870.0,81146.5,75584.0,83437.42077431006,80526.49704154521,68.00102272032048,2910.9237327648443,2866.3080175110094,1059.0278175410783,0.7337081991174329,0.1392895299145298,-0.016486050265160257,False,False,4,UP,-0.06904231625835189,False
20220515,83520.0,-0.02098229984761457,84310.0,81676.5,75876.2,83450.12527057005,80748.23800143076,60.17695630214109,2701.88726913929,2833.4238678366655,1111.240116288144,0.6803743146104188,0.1453647833241909,-0.03712243486280842,False,False,2,UP,-0.04992816091954022,False
20220516,83210.0,-0.0037116858237548067,84032.0,82127.5,76133.8,83413.18292125159,80930.59074206551,58.912744941532914,2482.5921791860746,2763.257530106547,1054.0086794104195,0.5185663826328997,0.12157972772610859,-0.04069633387133964,False,False,2,UP,-0.07547169811320753,False
20220517,83200.0,-0.00012017786323759161,83958.0,82537.5,76395.2,83380.38554875134,81098.69513154215,58.86978092449055,2281.690417209189,2666.944107527076,979.4366308811038,0.7714582972376903,0.10933333333333328,-0.040811620936131,False,False,2,UP,-0.07800480769230766,False
20220518,80990.0,-0.026562500000000044,83246.0,82856.0,76629.4,83012.63392586651,81090.6436403168,50.163026251558435,1921.9902855497057,2517.953343131602,1067.3340143895964,0.6109044472882614,0.08536585365853666,-0.06629006225501499,False,False,0,NEUTRAL,-0.04025188294851212,
20220521,79420.0,-0.019385109272749723,82068.0,82996.5,76837.4,82459.92101419473,80966.8922595526,45.06401644904958,1493.0287546421314,2312.968425433708,1103.2387276474824,0.7085456334653225,0.03667928468868298,-0.08439013142725382,False,False,0,NEUTRAL,-0.014857718458826441,
20220522,79350.0,-0.00088139007806598,81234.0,83086.0,77041.2,81981.47162739554,80847.12246254871,44.84513922822501,1134.3491648468334,2077.244573316333,1029.4359613869478,0.4970527501940216,0.02307890665291379,-0.08519714088079322,False,False,0,NEUTRAL,-0.03049779458097035,
20220523,76930.0,-0.03049779458097035,79978.0,82816.0,77185.6,81204.32214625776,80556.96524310065,37.97761278398189,647.3569031571096,1791.2670392844884,1128.761964145023,0.8511046715273881,-0.0655896999878538,-0.11309661056029519,False,True,-3,DOWN,0.0027297543221109777,False
20220524,76710.0,-0.002859742623163908,78680.0,82544.5,77313.0,80512.88796991041,80272.00485472282,37.41664005634726,240.88311518759292,1481.1902544651093,1063.8503952775213,0.5266025528872954,-0.0661066471877283,-0.1156329259857044,False,True,-3,DOWN,0.014861165428236234,False
20220525,77730.0,0.01329683222526401,78028.0,82343.5,77426.0,80084.75135915497,80083.70819881743,41.71527912177167,1.043160337532754,1185.160835639594,1060.7182241862697,0.9416054167604274,-0.049174311926605485,-0.10387364537698873,False,False,0,NEUTRAL,-0.006561173292165212,
20220528,78240.0,0.006561173292165101,77792.0,82109.0,77524.6,79800.94345774651,79947.13722112725,43.794061363619356,-146.19376338073926,918.8899158355274,1021.3812081729648,0.8376219942527833,-0.05655372000482339,-0.0979940050726309,False,False,-2,DOWN,-0.04358384458077713,True
20220529,76930.0,-0.016743353783231107,77308.0,81815.5,77628.6,79359.25984886244,79723.64557511781,39.86134991716441,-364.38572625537927,662.2347874173462,1041.9968361606102,0.5556058557657518,-0.07089371980676329,-0.11309661056029519,False,False,-4,DOWN,-0.02742753152216304,True
20220530,77140.0,0.0027297543221109777,77350.0,81521.0,77718.4,79017.83525672976,79532.26442140539,40.779433246481226,-514.4291646756319,426.90199699875063,982.5684907205666,0.5461852727858884,-0.07093821510297482,-0.11067558219967721,False,False,-4,DOWN,-0.029556650246305383,True
20220531,77850.0,0.009204044594244287,77578.0,81284.0,77870.6,78838.16829415594,79407.65224204204,43.897833085985916,-569.4839478860958,227.62480802178135,963.0993128119546,0.7011658042621276,-0.05739193606974213,-0.10249020059949276,False,False,-4,DOWN,-0.04547206165703277,True
20220601,77220.0,-0.008092485549133,77476.0,80976.5,78009.0,78589.21932582426,79245.6039278167,41.794789533246124,-656.3846019924385,50.82292601893738,939.3065047539578,0.4670668165789277,-0.07376754228139615,-0.10975328568134657,False,False,-4,DOWN,-0.01139601139601143,True
20220606,74830.0,-0.030950530950530908,76794.0,80381.0,78106.8,78010.87789108207,78918.52215538583,34.95350108713781,-907.644264303759,-140.8705120456019,1042.9274687001036,0.9413255181822708,-0.13730689416647457,-0.13730689416647457,False,True,-5,DOWN,0.05078177201657086,False
20220607,74820.0,-0.00013363624214890457,76372.0,79806.0,78218.6,77519.97360014638,78614.92792165354,34.927739475989426,-1094.9543215071608,-331.6872739379137,969.1469352215248,0.6258910935332326,-0.1332252085264134,-0.13742218123126582,False,True,-5,DOWN,0.03969526864474737,False
20220608,74860.0,0.0005346164127237873,75916.0,79319.0,78311.6,77110.74689243155,78336.78511264216,35.1336821077865,-1226.038220210612,-510.5574631924534,902.7792969914159,0.49089166850440685,-0.11513002364066194,-0.1369610329721005,False,False,-4,DOWN,0.029388191290408816,False
20220611,74310.0,-0.007347047822602204,75208.0,78856.0,78365.0,76679.86275513438,78038.50473392793,33.560890365774625,-1358.6419787935447,-680.1743663126717,877.5807757777433,0.5082687497018484,-0.11080531291133178,-0.14330182153562365,False,True,-5,DOWN,0.03983313147624812,False
20220612,76340.0,0.02731799219485942,75032.0,78445.5,78433.6,76627.5761774214,77912.68956845178,43.59704692308873,-1285.113391030376,-801.1621712562126,959.8964346507616,1.259659080039512,-0.09710230632761685,-0.11989854738298367,False,False,-4,DOWN,0.008383547288446369,False
20220613,78630.0,0.029997380141472352,75792.0,78111.5,78548.4,76935.64138089505,77965.82367449238,52.34278405005458,-1030.1822935973323,-846.9661957244366,1054.9038321757073,1.2366878486175967,-0.07830266088383542,-0.09349780954576892,False,False,0,NEUTRAL,-0.022128958412819588,
20220614,77790.0,-0.010682945440671499,76386.0,77825.0,78637.0,77067.08116844966,77952.79969860405,49.32171118903783,-885.7185301543941,-854.7166626104281,1039.5535584488712,0.8100553943408747,-0.06860632183908044,-0.10318192298824069,False,False,-4,DOWN,-0.022753567296567634,True
20220615,77060.0,-0.009384239619488421,76826.0,77517.5,78724.4,77065.99175791894,77886.66638759634,46.7940256312699,-820.6746296774072,-847.9082560238239,1017.4425899882375,0.5839743203316361,-0.07390938589111884,-0.11159787871800786,False,False,-2,DOWN,-0.019335582662860062,True
20220618,77270.0,0.0027251492343627337,77418.0,77221.0,78807.4,77097.37764131602,77840.98739592254,47.62556983398211,-743.6097546065139,-827.048555740362,959.768119274792,0.7707137329625956,-0.07127403846153846,-0.10917685035738989,False,False,0,NEUTRAL,-0.026918597126957433,
20220619,76980.0,-0.003753073637893123,77546.0,77020.5,78873.2,77079.31954265203,77777.21055178012,46.54376276236405,-697.8910091280995,-801.2170464179095,911.9275393265925,0.580374998876021,-0.049512285467341655,-0.1125201752363385,False,False,-2,DOWN,-0.03117692907248637,True
20220620,76890.0,-0.001169134840218189,77198.0,76894.0,78907.6,77050.1934591671,77711.49125164827,46.1930789360763,-661.2977924811712,-773.2331956305619,853.2184293746931,0.628761735436173,-0.03185595567867039,-0.11355775881946051,False,False,-2,DOWN,-0.025881128885420712,True
20220621,76020.0,-0.011314865392118567,76844.0,76727.5,78914.0,76891.70215775678,77586.19560337803,42.83339680697519,-694.4934456212504,-757.4852456286997,854.4171129907864,0.6767577335339134,-0.04196597353497167,-0.12358773345630625,False,False,-2,DOWN,-0.009602736122073185,True
20220622,75570.0,-0.005919494869771058,76546.0,76659.5,78928.8,76688.36336425574,77436.84778090559,41.16563493229775,-748.4844166498515,-755.6850798329301,825.5301763485875,0.5341334290506778,-0.017678408943195167,-0.12877565137191604,False,False,-2,DOWN,-0.007939658594680377,True
20220625,75190.0,-0.005028450443297583,76130.0,76583.5,78952.0,76457.84592360101,77270.41461194963,39.7578691924528,-812.5686883486196,-767.0618015360681,793.7065923236884,0.6624904562590008,-0.019814887237648238,-0.13315655983398667,False,False,-4,DOWN,-0.008910759409495927,True
20220626,74580.0,-0.00811278095491419,75650.0,76426.0,78947.8,76168.94655073932,77071.12464069409,37.53862613850884,-902.1780899547739,-794.0850592198093,780.5846928719964,0.8209282965870537,-0.04052489386337321,-0.14018907078625775,False,False,-4,DOWN,0.005229283990345834,False
20220627,74900.0,0.0042906945561813625,75252.0,76259.0,78948.2,75973.72400447173,76910.30059323527,39.44810278188389,-936.5765887635353,-822.5833651285545,747.6857862382823,0.9126477573309342,-0.04268916155419222,-0.13649988471293517,False,False,-4,DOWN,0.0012016021361815898,False
20220628,75290.0,0.005206942590120223,75106.0,76177.0,78995.6,75868.53569609147,76790.2783270697,41.78395223250879,-921.7426309782313,-842.41521829849,722.1368015069764,1.1559912813368778,-0.021318081372676434,-0.1320036891860733,False,False,-4,DOWN,0.0049143312524904115,False
20220629,74970.0,-0.004250232434586221,74986.0,76068.5,79011.2,75730.29943515432,76655.4428954349,40.406617054831074,-925.1434602805821,-858.9608666949084,693.412744256478,0.5734715228509847,-0.028130671506352067,-0.13569287525939588,False,False,-4,DOWN,0.0012004801920768582,False
20220702,74520.0,-0.00600240096038418,74852.0,75902.0,79001.6,75544.09952205366,76497.2619402175,38.48541300392865,-953.1624181638472,-877.8011769886962,676.0261196667296,0.7779032424558038,-0.04277456647398847,-0.1408807931750058,False,False,-4,DOWN,0.006038647342995196,False
20220703,74970.0,0.006038647342995196,74930.0,75789.5,79008.6,75455.77651866079,76384.13142612731,41.48179173426555,-928.3549074665207,-887.911923084261,659.8813968333918,0.5752698582345527,-0.029137529137529095,-0.13569287525939588,False,False,-4,DOWN,-0.014272375616913413,True
20220704,74990.0,0.00026677337601710427,74948.0,75797.5,78976.2,75384.11859271297,76280.86243159937,41.617904993607546,-896.7438388863957,-889.678306244688,614.1755827738638,0.6469659657584464,0.002138179874382029,-0.13546230112981328,False,False,-4,DOWN,-0.015202026936924962,True
20220705,75660.0,0.00893452460328037,75022.0,75839.5,78938.2,75426.56188614175,76234.87262185126,46.137748586707566,-808.3107357095141,-873.4047921376532,618.1630411471591,1.5933357233019163,0.01122694466720131,-0.12773806778879415,False,False,-1,NEUTRAL,0.0029077451757864026,
20220706,75060.0,-0.007930214115781098,75040.0,75849.5,78792.8,75370.16774981224,76147.84502023265,42.93229861115866,-777.677270420405,-854.2592877942036,616.8656810652192,1.013092146134345,0.0026716537536735085,-0.13465529167627388,False,False,-2,DOWN,0.003597122302158251,False
20220709,74970.0,-0.0011990407673860837,75130.0,75882.5,78649.4,75308.60348061036,76060.59724095615,42.45581742748344,-751.9937603457947,-833.8061823045218,579.2324181319892,0.6116309071158473,0.008881711748082388,-0.13569287525939588,False,False,-2,DOWN,-0.004801920768307322,True
20220711,73900.0,-0.014272375616913413,74916.0,75760.5,78492.4,75091.89525282415,75900.55300088532,37.1735370300479,-808.6577480611741,-828.7764954558523,614.2872454082757,1.2252220249258072,-0.031962274037201976,-0.14802859119206824,False,True,-3,DOWN,0.06738836265223269,False
20220712,73850.0,-0.0006765899864682456,74688.0,75521.5,78310.8,74900.83444469736,75748.66018600493,36.942235594798305,-847.8257413075626,-832.5863446261944,573.9810135933989,0.701387622830582,-0.060791046674297355,-0.14860502651602492,False,True,-5,DOWN,0.08503723764387261,False
20220713,75880.0,0.027488151658767723,74732.0,75426.0,78172.4,75051.4752993593,75758.38906111568,50.428391351207516,-706.9137617563829,-807.4518280522323,677.9823697652989,1.6525763147554466,-0.024553284483866844,-0.12520175236338482,False,False,1,NEUTRAL,0.08434370057986285,
20220716,75330.0,-0.007248286768582024,74786.0,75339.5,78018.4,75094.32525330402,75726.65653807008,47.466377883024215,-632.3312847660563,-772.4277193949972,668.8407719249204,0.8668109560273609,-0.022450038930703298,-0.13154254092690798,False,False,-2,DOWN,0.0610646488782689,False
20220717,74610.0,-0.009557945041816063,74714.0,75206.5,77858.8,75019.81367587263,75643.94123895378,43.83642078842639,-624.1275630811433,-742.7676881322266,672.4950025017118,0.7774233479715527,-0.03442474440274368,-0.1398432095918838,False,False,-2,DOWN,0.01916633159093961,False
20220719,78880.0,0.057230934191127236,75710.0,75301.5,77769.0,75613.68849496914,75883.64929532757,62.26636742285998,-269.96080035842897,-648.2063105774671,929.4596451801609,2.747490395082877,0.024681735515718284,-0.09061563292598573,True,False,4,UP,-0.036130831643002015,False
20220720,80130.0,0.01584685598377278,76966.0,75463.5,77636.8,76308.50564958928,76198.19379196998,65.80399044781538,110.31185761929373,-496.5026769381149,952.3553848101494,1.931849177205715,0.04213811939133838,-0.07620474982706937,True,False,6,UP,-0.05229002870335708,False
20220723,82280.0,0.026831398976662868,78246.0,75776.5,77556.0,77227.19708811402,76648.69795552776,70.86374842953853,578.4991325862502,-281.50231503324187,1037.9014287522816,1.9445282255651584,0.08234675085503818,-0.05141803089693331,True,False,5,UP,-0.08568303354399609,False
20220724,79930.0,-0.02856101118133203,79166.0,75994.5,77462.6,77643.01292071186,76891.75736622942,60.3523069724499,751.2555544824427,-74.95074113010497,1131.6227552699759,2.706630003235668,0.05769485245467787,-0.07851049112289599,False,False,3,UP,-0.07631677718003249,False
20220725,76040.0,-0.04866758413611916,79452.0,76037.0,77312.0,77396.39554829465,76828.6642279902,47.73098205624721,567.7313203044469,53.58567115680539,1328.6497013221203,1.3904137959560714,0.011304694773241142,-0.12335715932672353,False,False,2,UP,-0.023540241977906384,False
20220726,76030.0,-0.00013150973172015856,78882.0,76109.5,77141.6,77186.180848557,76769.50391480574,47.703363869717016,416.6769337512669,126.20392367569771,1234.4604369419687,0.7219095366700982,0.0194422097076965,-0.12347244639151489,False,False,0,NEUTRAL,-0.027752203077732518,
20220727,75940.0,-0.0011837432592397557,78044.0,76161.5,76954.2,76994.46071800978,76708.05918037568,47.43732677975169,286.4015376340976,158.24344646737768,1152.7132628746854,0.6031476954095301,0.013885180240320372,-0.1245100299746369,False,False,0,NEUTRAL,-0.022122728469844644,
20220730,75230.0,-0.009349486436660559,76634.0,76158.5,76788.4,76723.00522293134,76598.57331516268,45.291425700879856,124.43190776866686,151.48113872763554,1121.0908869550651,0.7387611942907811,-0.0007969185814848956,-0.13269541157482134,False,False,-2,DOWN,-0.0066462847268377034,True
20220731,73830.0,-0.018609597235145547,75414.0,76101.5,76600.8,76277.92749632652,76393.49381033581,41.32202070441735,-115.56631400929473,98.07164818024948,1141.0129664582748,0.6514441891327855,-0.015206082432973167,-0.14883560064560752,False,True,-5,DOWN,0.009345794392523255,False
20220801,74250.0,0.005688744412840396,75056.0,76088.0,76421.8,75965.93865073782,76234.71649105169,42.93773426588542,-268.77784031386545,24.7017504814265,1089.5120402826838,0.4246324674156235,-0.0036231884057971175,-0.1439935439243717,False,False,-4,DOWN,0.0036363636363636598,False
20220802,73920.0,-0.004444444444444473,74634.0,76035.5,76280.4,75651.17885831662,76063.25601023305,41.96010296321195,-412.0771519164264,-62.65402999814408,1035.261180262492,0.4109604387640168,-0.014005602240896309,-0.14779801706248563,False,False,-4,DOWN,0.02137445887445888,False
20220803,74260.0,0.004599567099567103,74298.0,75999.0,76177.2,75437.15134165253,75929.68149095653,43.39023773623316,-492.5301493040024,-148.62925385931575,985.5996673865997,0.4507216980440493,-0.00973463128417118,-0.1397126969416126,False,False,-4,DOWN,0.013870185833557702,False
20220806,74730.0,0.006329113924050667,74198.0,75952.5,76084.8,75328.35882755215,75840.81619533013,45.39332420333834,-512.4573677779845,-221.39487664304949,948.7711197161282,0.8389912517895692,-0.012291831879460702,-0.12401828625014655,False,False,-4,DOWN,0.007761273919443257,False
20220809,74520.0,-0.002810116419108777,74336.0,75925.5,76036.6,75203.99593100566,75742.977958639,44.63339280812227,-538.9820276333485,-284.9123068411093,896.001754022119,0.6351651906931937,-0.007194244604316502,-0.12647989684679406,False,False,-4,DOWN,-0.0010735373054213682,True
20220810,74520.0,0.0,74390.0,75903.0,75992.8,75098.76578777401,75652.38699873982,44.63339280812227,-553.6212109658081,-338.65408766604907,832.0016287348247,0.5568343017636921,-0.00600240096038418,-0.12647989684679406,False,False,-4,DOWN,-0.01328502415458932,True
20220813,75500.0,0.01315083199141176,74706.0,75983.0,75948.2,75160.49412811646,75641.09907290725,49.233187454955576,-480.60494479078625,-367.04425909099655,842.5729409680515,1.2691903656116155,0.021650879566982306,-0.11499238072910567,False,False,-4,DOWN,-0.022913907284768165,True
20220814,75290.0,-0.0027814569536424028,74912.0,76055.0,75889.2,75180.41810840624,75615.09173417339,48.30704266974821,-434.6736257671437,-380.570132426226,797.3891594703335,1.1317508933511162,0.019498984427894328,-0.09853927203065138,False,False,-4,DOWN,-0.01846194713773408,True
20220815,75310.0,0.00026563952716163186,75028.0,76026.5,75856.8,75200.35378403605,75592.49234645683,48.40658563781021,-392.138562420776,-382.88381842513604,741.8613623653098,0.9029937803095336,-0.007511860832894013,-0.09494051195769737,False,False,-4,DOWN,-0.01699641481874914,True
20220816,74440.0,-0.011552250697118627,75012.0,75982.0,75802.8,75083.37627879974,75507.12254301558,44.40117023061842,-423.74626421583525,-391.05630758327595,751.0141221963592,1.3280669125052897,-0.01181468206557812,-0.1052884615384615,False,False,-4,DOWN,0.003358409457280942,False
20220817,73530.0,-0.012224610424502957,74814.0,75928.0,75716.4,74844.39531283054,75360.66902131072,40.61550828874022,-516.2737084801774,-416.0997877626563,762.3702563251907,0.871877887565719,-0.014475271411338975,-0.10634419056878952,False,True,-5,DOWN,0.03998368013055886,False
20220820,73770.0,0.003263973888208982,74468.0,75672.5,75647.4,74679.10372624123,75242.84168639881,42.019561101479205,-563.7379601575813,-445.62742224164134,725.0580951591056,1.1313731020799658,-0.06478194726166331,-0.1034273213417598,False,False,-4,DOWN,0.086349464551986,False
20220821,73900.0,0.0017622339704486123,74190.0,75361.0,75628.8,74559.2416145118,75143.37193185075,42.808348263750645,-584.130317338946,-473.3280012611023,682.5539455048838,0.7400581299222552,-0.07774865843005119,-0.10184735051045213,False,False,-4,DOWN,0.07104194857916113,False
20220822,74030.0,0.0017591339648173054,73934.0,74948.5,75613.0,74477.81982766383,75060.89993689884,43.634156160846025,-583.0801092350157,-495.278422855885,643.0858065402492,0.6972912227860845,-0.10026737967914434,-0.10026737967914434,False,False,-4,DOWN,0.07132243684992567,False
20220823,74690.0,0.008915304606240682,73984.0,74686.5,75609.6,74510.46293110016,75033.42586749894,47.75843339383822,-522.962936398777,-500.8153255644634,644.2939632159457,1.1351608373063744,-0.06555736269235579,-0.09224598930481287,False,False,-2,DOWN,0.0583746150756459,False
20220824,76470.0,0.02383183826482793,74572.0,74708.0,75652.8,74811.93017246937,75139.83876620271,56.91475702155197,-327.9085937333439,-466.2339791982396,725.4158229862353,1.9904815237326687,0.005654918463966263,-0.07061254253767624,True,False,4,UP,0.033869491303779364,True
20220827,80140.0,0.04799267686674513,75846.0,74913.5,75728.8,75631.6332228587,75510.22107981732,68.9848291526108,121.41214304137975,-348.7047547503157,935.7432642015043,3.7191743993378314,0.05405760883861643,-0.02600875060768104,True,False,6,UP,-0.03780883453955575,False
20220828,79150.0,-0.012353381582231093,76896.0,75074.0,75739.2,76172.92041934197,75779.83433316418,63.79313524176208,393.086086177791,-200.3465865646944,939.6187453299683,1.187506993973648,0.0422702133263102,-0.038040836169178416,False,False,4,UP,-0.02678458622867974,False
20220829,79310.0,0.00202147820593801,77952.0,75278.0,75769.6,76655.54804713551,76041.32808626314,64.26126274957298,614.2199608723749,-37.43327707728055,883.9316920921135,0.9997485024860061,0.054233683370995545,-0.03609625668449201,False,False,4,UP,-0.031774051191526875,False
20220830,79050.0,-0.0032782751229353257,78824.0,75539.0,75809.4,77023.92527065313,76264.19267246587,62.83944596160656,759.7325981872564,121.99989797562684,839.3651426569625,0.6482409873989006,0.07070296627387251,-0.039256198347107474,False,False,4,UP,-0.03934218848829851,False
20220831,79060.0,0.0001265022137888483,79342.0,75779.5,75845.2,77337.16753670649,76471.28951154246,62.873470330174435,865.8780251640273,270.775523413307,780.1247753243223,0.5131838403159874,0.06478114478114483,-0.03913466212931449,False,False,4,UP,-0.046546926385024,False
20220903,77110.0,-0.024664811535542674,78736.0,75939.0,75847.8,77302.2186849055,76518.60139957635,52.73394840824982,783.61728532915,373.34387579647563,863.6872913725849,0.6580138237337678,0.04315476190476186,-0.06283422459893051,False,False,4,UP,-0.029827519128517666,False
20220904,77030.0,-0.001037478926209312,78312.0,76077.5,75850.6,77260.33888722773,76556.4827773855,52.36087269178963,703.8561098422215,439.4463226056248,807.7096277031145,0.3728312835784343,0.0373013735523835,-0.06380651434127371,False,False,4,UP,-0.025444631961573427,False
20220905,76790.0,-0.003115669219784456,77808.0,76180.5,75866.0,77187.97905842346,76573.78034943102,51.190821854059784,614.1987089924369,474.39679988298724,767.1589400100348,0.42344646931032964,0.0275659039207814,-0.06672338356830332,False,False,4,UP,0.011980726657116803,True
20220906,75940.0,-0.011069149628857966,77186.0,76251.5,75873.4,76995.98228020447,76526.83365688057,47.170501023441574,469.1486233238975,473.34716457116934,773.0761585807467,0.3845867506657673,0.019055287171229285,-0.07705396208070003,False,False,0,NEUTRAL,0.04780089544377142,
20220907,75380.0,-0.007374242823281585,76450.0,76294.5,75877.2,76747.36962171146,76441.88301563016,44.68082097474331,305.4866060813074,439.775052873197,757.8564329678362,0.34631422261815875,0.011540526033279708,-0.08385999027710256,False,False,-2,DOWN,0.05651366410188374,False
20220910,74810.0,-0.007561687450252097,75990.0,76260.0,75881.8,76449.31275683278,76321.00279225013,42.23716894885107,128.30996458264417,377.48203521508646,744.4381163272765,0.6530918951958256,-0.009139072847682117,-0.09078755469129796,False,False,-2,DOWN,0.03796283919262122,False
20220911,75070.0,0.003475471193690627,75598.0,76249.0,75885.2,76237.11079424311,76228.33591875013,43.74841831796074,8.774875492978026,303.7406032706648,709.8353937324711,0.44076019866595767,-0.0029220347987780615,-0.0876276130286825,False,False,-2,DOWN,0.031437325163180985,False
20220912,77710.0,0.03516717730118546,75782.0,76369.0,75933.6,76463.70913359032,76338.08881365752,56.26155667293796,125.62031993280107,268.11654660309205,847.7042941801517,1.6205311533368798,0.031868277785154664,-0.055542051531356385,False,False,3,UP,-0.019173851499163508,False
20220913,79570.0,0.02393514348217729,76508.0,76625.5,76025.6,76941.60003611489,76577.48964227548,62.5777461428345,364.11039383940806,287.31531605035525,920.0111303101409,1.7977215946471128,0.06891456206340685,-0.03293631502187655,False,False,5,UP,-0.04813371873821792,False
20220914,79640.0,0.000879728540907454,77360.0,76931.0,76128.0,77356.73849209721,76804.34226136618,62.79549562437658,552.3962307310285,340.3314989864899,859.2960495737022,0.8804626188504312,0.08309533523731805,-0.03208556149732622,False,False,4,UP,-0.06855851330989449,False
20220918,77650.0,-0.024987443495730788,77928.0,77125.0,76181.6,77401.85564715917,76866.98357533907,53.30043647823787,534.8720718201075,379.2396135532135,940.0606174612949,0.5128773811453267,0.05259590619493015,-0.05627126883811373,False,False,4,UP,-0.03386992916934961,False
20220919,77430.0,-0.0028332260141661347,78400.0,77301.5,76230.4,77406.18554759622,76908.68849568433,52.357883964702026,497.49705191189423,402.89110122494964,888.6277162140595,0.46811432836475986,0.0477672530446549,-0.05894506562955759,False,False,4,UP,-0.0071031899780447105,False
20220920,76220.0,-0.015627017951698297,78102.0,77411.0,76241.6,77223.69546335065,76857.67453304105,47.3937526535037,366.0209303096053,395.5170670418808,911.5828793416267,0.4358472459825085,0.029582601647980544,-0.07365094798249883,False,False,-2,DOWN,-0.017318289162949307,True
20220921,75740.0,-0.00629755969561796,77336.0,77463.5,76255.2,76995.43462283516,76774.88382688985,45.548826785257226,220.5507959453098,360.52381282256664,880.7555308172248,0.4643298005709627,0.014058106841611906,-0.07948468643655815,False,False,-2,DOWN,-0.013467124372854467,True
20220924,74180.0,-0.020596778452600994,76244.0,77349.0,76239.4,76562.29083470667,76582.6702100832,40.08709407840183,-20.37937537653488,284.3431751827464,929.2729929017087,0.8406555794856585,-0.029946384202955367,-0.09844433641225081,False,True,-5,DOWN,0.009975734699379846,False
20220926,75020.0,0.01132380695605284,75718.0,77093.0,76261.8,76325.01532167487,76466.91686118815,43.982194923851495,-141.90153951327375,199.09423224354236,922.8963505515866,0.7840482733266229,-0.06388819565759918,-0.08823529411764708,False,False,-4,DOWN,0.004265529192215345,False
20220928,76880.0,0.024793388429751984,75608.0,76979.5,76322.4,76410.39757987874,76497.51561221125,51.501009312636384,-87.11803233250976,141.85177932833196,989.8323255121876,1.521245648939971,-0.028679722046746736,-0.06562955760816724,False,False,-1,NEUTRAL,0.002991675338189337,
20221001,74900.0,-0.02575442247658688,75344.0,76759.0,76302.8,76178.02872143587,76379.18112241782,44.63319997442821,-201.152400981955,73.25094326627458,1060.558587975603,0.9374790082417155,-0.055604589585172115,-0.08969372873116188,False,False,-4,DOWN,0.010280373831775602,False
20221002,74720.0,-0.0024032042723631797,75140.0,76542.5,76290.6,75953.71661044573,76256.27881705355,44.05799946624336,-302.5622066078213,-1.9116867085446003,997.6615459773456,0.7362586289180498,-0.054775458570525015,-0.09188138065143414,False,False,-4,DOWN,0.019807280513918668,False
20221003,74920.0,0.002676659528907832,75288.0,76335.5,76296.8,75794.68328576177,76157.29520097551,44.907562097131496,-362.61191521373985,-74.05173240958365,940.685721264678,0.614810460345298,-0.052365292183152,-0.08945065629557614,False,False,-4,DOWN,0.025360384410037407,False
20221004,75340.0,0.005605979711692521,75352.0,76247.0,76226.0,75724.73201102919,76096.75481571807,46.736875129900696,-372.02280468888057,-133.64594686544302,903.4938840314868,1.2395505234368045,-0.022954221242381,-0.08434613514827416,False,False,-4,DOWN,0.014733209450491058,False
20221008,77110.0,0.02349349615078311,75398.0,76251.0,76165.6,75937.85016317855,76171.81001455378,53.712294878995735,-233.95985137522803,-153.70872776740003,965.3871780292377,1.7528193756829622,0.0010385564065948927,-0.06283422459893051,False,False,1,NEUTRAL,-0.011801322785630952,
20221009,75670.0,-0.018674620671767617,75552.0,76195.0,76033.4,75896.64244576647,76134.6389023646,48.18366582660801,-237.9964565981354,-170.56627353354713,999.2880938842922,0.8506166235198387,-0.01458523245214216,-0.08033543996110837,False,False,-4,DOWN,0.004096735826615516,False
20221010,76200.0,0.0070040967358266926,75848.0,76208.0,75958.8,75943.31283872547,76139.4804651524,50.2148154906271,-196.16762642693357,-175.68654411222442,965.7675157496998,0.819858619259195,0.0034237555965235256,-0.07389402041808457,False,False,-2,DOWN,0.006561679790026309,False
20221011,76820.0,0.00813648293963265,76228.0,76280.0,75974.4,76078.18778661385,76189.88931958555,52.557651667472534,-111.701532971696,-162.88954188411876,941.0698360532926,1.2868233064800125,0.019103210400636783,-0.0663587749149247,False,False,2,UP,0.009893256964332187,True
20221012,76450.0,-0.004816454048424901,76450.0,76362.0,75982.8,76135.38966559633,76209.15677739403,51.01477057697615,-73.76711179770064,-145.06505586683514,900.2791334780575,0.6386615387001423,0.021922202914048894,-0.07085561497326198,False,False,2,UP,0.00810987573577493,True
20221015,76200.0,-0.0032701111837802888,76268.0,76418.5,75988.0,76145.32971704306,76208.47849758706,49.94783994639094,-63.14878054399742,-128.68180080226762,853.8306239439105,0.8112351507382547,0.015052617556946757,-0.07389402041808457,False,False,0,NEUTRAL,0.0280839895013123,
20221016,75980.0,-0.002887139107611514,76330.0,76332.0,76003.0,76119.89437595951,76191.55416443245,48.97710489615493,-71.65978847294173,-117.27739833640246,808.5570079479169,0.7059987434254833,-0.022262257109767036,-0.07656781720952843,False,False,-2,DOWN,0.020531718873387783,False
20221017,76700.0,0.009476177941563524,76430.0,76188.5,76060.4,76209.14139504266,76229.21681891894,52.24802430183838,-20.075423876274726,-97.83700344437692,802.2315073802085,0.8878263821492662,-0.036068870177202506,-0.0678172095284395,False,False,2,UP,0.0016949152542373724,True
20221018,77580.0,0.011473272490221564,76582.0,76085.5,76127.0,76420.04271888225,76329.27483233236,55.96379960982451,90.76788654988923,-60.11602544552369,807.7863997101937,1.0351781236904718,-0.02586639879457564,-0.05712202236266406,False,False,4,UP,-0.016112400103119318,False
20221019,77070.0,-0.006573859242072655,76706.0,76056.5,76190.0,76520.03614674651,76384.1433632707,53.371758989780055,135.89278347580694,-20.914263661257564,786.5159425880371,0.7541070324744193,-0.007469414037347022,-0.06332036947010211,False,False,4,UP,-0.024393408589593824,False
20221022,78340.0,0.016478526015310857,77134.0,76102.0,76271.6,76800.03058570859,76529.02163265806,58.52350968479699,271.00895305053564,37.47037968110108,821.0505181174631,1.72535710546769,0.011752550690946606,-0.04788526981040353,True,False,6,UP,-0.03050804186877709,False
20221023,77540.0,-0.010211896859841696,77446.0,76168.0,76327.8,76913.87203406112,76603.90891912783,54.442961623526536,309.9631149332854,91.96892673153795,819.5469096805015,0.7743643003733631,0.017318289162949307,-0.03244322435737457,False,False,4,UP,-0.007480010317255648,False
20221024,76830.0,-0.009156564353881902,77472.0,76222.5,76374.0,76900.96864420557,76620.65640659984,51.041507101784035,280.312237605729,129.63758890637618,811.7221304176085,1.0583326861431088,0.014391338790599395,-0.041302720239580704,False,False,4,UP,0.019393466093973633,True
20221025,76330.0,-0.006507874528179136,77222.0,76330.0,76410.2,76813.1273143278,76599.12630240725,48.73243559124999,214.0010119205399,146.51027350920893,789.4562639592078,0.7786014144961917,0.028983553518468597,-0.04754180184676815,False,False,0,NEUTRAL,0.039303026333027624,
20221026,75190.0,-0.014935150006550546,76846.0,76338.5,76404.0,76563.41541981582,76494.74657630302,43.86044483098768,68.66884351280169,130.9419875099275,814.4951022478359,1.2289223250519874,0.0022660623833643534,-0.061766907911155466,False,False,-2,DOWN,0.058385423593563024,False
20221029,75950.0,0.010107727091368535,76368.0,76292.0,76417.2,76469.04381676724,76454.39497805835,47.62008718969622,14.648838708890253,107.68335774972005,810.6025949444191,1.3736762721659315,-0.012096774193548376,-0.05228350386823055,False,False,-2,DOWN,0.10678077682685982,False
20221030,76960.0,0.013298222514812386,76252.0,76395.0,76450.2,76544.57553726458,76491.84720190588,52.201354391472144,52.72833535869722,96.69235327151549,824.8452667341035,1.7693453856839187,0.027503337783711723,-0.03968055902171197,False,False,3,UP,0.09615384615384626,True
20221031,78320.0,0.017671517671517645,76550.0,76575.0,76527.8,76817.7177623008,76627.26592769062,57.58132791393424,190.45183461018314,115.44424953924903,863.0706048245247,1.2213912125199176,0.04817987152034253,-0.022710257050162164,False,False,4,UP,0.1294688457609805,True
20221101,79330.0,0.012895812053115518,77150.0,76795.5,76643.8,77204.22272194683,76827.46845156538,61.08444700989536,376.75427038145426,167.70625370769008,873.565561622773,1.2729917149577064,0.05886278697277092,-0.010107312203643581,True,False,5,UP,0.15000630278583138,True
20221102,79580.0,0.0031513929156687936,78028.0,77007.5,76760.0,77569.7269185704,77031.35967737535,61.92268524316073,538.3672411950538,241.8384512051628,829.0251643640034,1.347569289975243,0.056278205468542675,-0.006987771400049914,True,False,5,UP,0.1666247800955014,True
20221105,84060.0,0.056295551646142306,79650.0,77355.0,76963.2,78568.23046955957,77551.99970127348,73.10330479610673,1016.2307682860846,396.7169146213472,1089.809081195146,3.4068844002157075,0.09013098171443401,0.0,True,False,5,UP,0.12122293599809653,True
20221106,84360.0,0.0035688793718773315,81130.0,77789.5,77169.8,79459.27193578117,78056.29601969766,73.66103754129448,1402.9759160835092,597.9687149137796,1033.3941468240641,1.9881713951156645,0.11484075591383647,0.0,True,False,5,UP,0.10538169748696058,True
20221107,88460.0,0.0486012328117591,83158.0,78402.5,77445.2,80843.99933027638,78826.94075897933,79.81987083361722,2017.0585712970496,881.7866861904338,1252.4374220509167,3.473886829462176,0.1608923884514435,0.0,True,False,5,UP,0.021139498078227348,True
20221108,91230.0,0.03131358806240114,85538.0,79123.0,77740.4,82441.84558715695,79745.68588794382,82.75393957498639,2696.1596992131235,1244.6612887949718,1360.8347490472795,2.35414704751439,0.1875813590210882,0.0,True,False,5,UP,0.043297161021593755,True
20221109,92840.0,0.017647703606269882,88190.0,79942.5,77994.4,84041.56165067125,80715.63508142947,84.19253708673037,3325.926569241783,1660.9143448843342,1378.6322669724739,2.766195872080736,0.21438848920863318,0.0,True,False,5,UP,0.05590262817750968,True
20221112,94250.0,0.015187419215855202,90228.0,80845.0,78296.4,85612.09062749107,81718.18063095321,85.34545813346054,3893.9099965378555,2107.513475215039,1380.872819331583,1.4293122677922496,0.2368766404199476,0.0,True,False,4,UP,0.0031830238726791027,True
20221113,93250.0,-0.010610079575596787,92006.0,81708.5,78575.2,86787.15360787706,82572.38947310482,80.8420600529047,4214.764134772238,2528.963607126479,1353.6676179507558,1.5571240163282423,0.2272966570150039,-0.010610079575596787,False,False,2,UP,0.03399463806970515,True
20221114,90330.0,-0.031313672922251956,92380.0,82390.0,78800.8,87332.2068989729,83147.02728991187,69.33691783040126,4185.17960906103,2860.2068075133893,1465.5485023828446,1.3598477703870095,0.1777053455019557,-0.041591511936339476,False,False,4,UP,0.062105612753238226,True
20221115,95180.0,0.0536920181556515,93170.0,83270.0,79123.2,88539.5596837463,84038.35860177025,75.55878781516346,4501.201081976047,3188.4056624059212,1707.2950379269273,2.329326076261744,0.2268625934519206,0.0,True,False,5,UP,-0.003677243118302198,False
20221116,98030.0,0.029943265391888962,94208.0,84318.0,79541.6,89999.62742470841,85074.77648312059,78.34009794778997,4924.850941587822,3535.6947182423014,1788.9168209321467,1.7189948366108052,0.27196055533930186,0.0,True,False,5,UP,-0.021320004080383592,False
20221119,94550.0,-0.035499336937672155,94268.0,85128.5,79892.0,90699.68474398403,85776.64489177833,68.14319601216955,4923.039852205708,3813.1637450349826,1909.7084765798504,1.3011804473339346,0.20691856012254273,-0.035499336937672155,False,False,4,UP,0.009624537281861523,True
20221120,96420.0,0.019777895293495495,94902.0,86072.5,80284.6,91579.73324490957,86565.04156646141,70.3746821677288,5014.691678448158,4053.469331717618,1906.872156824147,0.9628740433591777,0.24348723239618253,-0.01642354381311839,False,False,3,UP,-0.022920555901265294,False
20221121,95940.0,-0.004978220286247614,96024.0,87028.0,80684.6,92250.54351492348,87259.48293190871,69.03789022688898,4991.060583014769,4240.987581977048,1804.9527170509937,0.7395435815068357,0.24873096446700504,-0.021320004080383592,False,False,4,UP,-0.017615176151761558,False
20221122,94830.0,-0.01156973108192616,95954.0,87953.0,81073.6,92647.38297416602,87820.26197398955,65.91951891673077,4827.12100017647,4358.214265616933,1755.313237261637,0.6038224810175404,0.24236866238700383,-0.03264306844843412,False,False,4,UP,0.000949066751028127,True
20221123,95940.0,0.01170515659601401,95536.0,88990.5,81496.2,93153.93943967893,88421.72404999033,67.50041323093566,4732.215389688601,4433.0144904312665,1709.2194346000913,0.654715421938768,0.27596754887618036,-0.021320004080383592,False,False,4,UP,-0.00823431311236189,False
20221126,95460.0,-0.00500312695434646,95718.0,89966.0,81904.0,93508.71798742063,88943.07782406511,66.07308245259544,4565.6401633555215,4459.5396250161175,1621.4180464143703,0.6019230668643267,0.25687952600395003,-0.026216464347648682,False,False,4,UP,-0.005133040016760959,False
20221127,94210.0,-0.013094489838675893,95276.0,90828.5,82234.0,93616.60752781745,89333.2202074677,62.37415081977884,4283.38732034975,4424.309164082844,1594.888185956201,0.7554389755403164,0.22414241164241155,-0.03896766296031828,False,False,2,UP,0.007430209107313512,True
20221128,94250.0,0.0004245833775606833,94938.0,91625.0,82527.6,93714.05252353784,89697.42611802564,62.44660036387528,4016.626405512201,4342.772612368716,1483.8247441021865,0.6362052849809914,0.2033963227783453,-0.03855962460471285,False,False,2,UP,0.005198938992042379,True
20221129,94920.0,0.007108753315649974,94956.0,92404.5,82833.2,93899.58290453201,90084.28344261633,63.70717794947483,3815.2994619156816,4237.277982278109,1425.6944052377446,0.4988337058312553,0.19652086222110166,-0.03172498214832198,False,False,2,UP,-0.006321112515802807,False
20221130,95150.0,0.0024230931310578185,94798.0,93183.0,83183.2,94091.95476537323,90459.52170612624,64.15203709151072,3632.4330592469923,4116.308997671887,1340.287662006477,0.3614174240286396,0.19565217391304346,-0.029378761603590764,False,False,2,UP,-0.027009984235417783,False
20221203,94970.0,-0.0018917498686285006,94700.0,93728.5,83534.0,94227.0386476235,90793.63120937615,63.49607608919728,3433.407438247348,3979.728685786979,1257.4099718631571,0.43673910957189116,0.12978824649060194,-0.03121493420381516,False,False,2,UP,-0.06180899231336212,False
20221204,94910.0,-0.000631778456354648,94840.0,94256.0,83907.8,94332.10962491219,91098.54741608903,63.263862995209124,3233.562208823161,3830.4953903942155,1171.880688158646,0.3187578575447276,0.12505926979611193,-0.031826991737223254,False,False,2,UP,-0.04035401959751339,False
20221205,94740.0,-0.0017911705826572089,94938.0,94570.0,84287.8,94394.86199031031,91368.28464452688,62.56569737131418,3026.5773457834293,3669.7117814720586,1100.3177818616,0.36521891639608267,0.07099253900067826,-0.033561154748546373,False,False,2,UP,-0.028604602068819873,False
20221206,94320.0,-0.004433185560481334,94818.0,94724.5,84690.6,94383.3447610318,91586.93022641378,60.781035675292244,2796.4145346180158,3495.05233210125,1051.7236545857716,0.40790348375588337,0.03387043735613293,-0.03784555748240337,False,False,0,NEUTRAL,0.0032866836301950197,
20221207,92580.0,-0.01844783715012721,94304.0,94711.5,85041.8,94105.90710548844,91660.49095038313,53.91909655195731,2445.416155105311,3285.1250967020624,1100.886250686788,0.9580185178177782,-0.0028005170185264605,-0.055595225951239446,False,False,0,NEUTRAL,0.030676171959386433,
20221210,89100.0,-0.0375891121192482,93130.0,94454.0,85286.2,93335.76755079791,91470.82495405845,43.372586600951884,1864.9425967394636,3001.088596709543,1270.822947066303,0.8843846446449254,-0.0546419098143236,-0.0910945628889116,False,True,-1,NEUTRAL,0.05521885521885528,
20221211,91080.0,0.022222222222222143,92364.0,94345.5,85609.8,92988.72638913669,91441.87495746154,49.433021544546776,1546.8514316751534,2710.2411637026653,1321.4784508472815,1.1931350085245127,-0.023270777479892812,-0.07089666428644292,False,False,0,NEUTRAL,0.04347826086956519,
20221212,92030.0,0.0104303908651735,91822.0,94430.5,85956.0,92841.23002157721,91485.43977542735,52.082811767234936,1355.7902461498597,2439.350980192104,1294.9442757867614,0.8097491957245447,0.018819882652496345,-0.06120575334081402,False,False,0,NEUTRAL,0.021188742801260485,
20221213,94630.0,0.028251657068347313,91884.0,94403.0,86350.2,93116.42540287302,91718.37016243274,58.493376897837834,1398.0552404402843,2231.09183224174,1388.1625418019926,1.3191309812509038,-0.0057785249001891525,-0.03468326022646129,False,False,2,UP,-0.012786642713727203,False
20221214,95420.0,0.00834830392053254,92452.0,94272.5,86751.8,93470.8214947387,91992.5649652155,60.23419424030714,1478.2565295232052,2080.524771698033,1345.436645958993,0.8291851716752424,-0.026624502703254116,-0.026624502703254116,False,False,2,UP,-0.017291972332844296,False
20221217,94020.0,-0.014671976524837538,93436.0,94246.0,87090.0,93555.31049554814,92142.7453381625,55.77019993104367,1412.5651573856449,1946.9328488355554,1349.3340283904934,0.6518842984718095,-0.0056054997355896585,-0.040905845149444064,False,False,0,NEUTRAL,0.029568176983620464,
20221218,95040.0,0.01084875558391829,94228.0,94177.0,87477.4,93783.72426546381,92357.3567945949,58.200756685683196,1426.3674708689068,1842.819773242226,1325.8101692197438,0.9268898498978242,-0.01431238332296203,-0.030500867081505678,False,False,2,UP,0.018202861952862026,True
20221219,93980.0,-0.011153198653198637,94618.0,94079.0,87833.0,93813.92053231553,92477.55258758787,54.82874206414037,1336.3679447276663,1741.529407539314,1306.8237285611906,0.824703979751294,-0.020429435063581414,-0.0413138835050495,False,False,0,NEUTRAL,0.02170674611619483,
20221220,93420.0,-0.005958714620131977,94376.0,94008.5,88165.0,93753.31737349775,92547.3635070258,53.07909219069576,1205.953866471944,1634.4142993258401,1253.4791765211055,0.6168647120432222,-0.014868712432774434,-0.047026420483525455,False,False,0,NEUTRAL,0.07000642260757872,
20221221,93770.0,0.0037465210875615718,94046.0,93900.0,88511.4,93755.88393142117,92637.92917317204,54.06570027175187,1117.9547582491214,1531.1223911104964,1188.9449496267407,0.5341122582188284,-0.022618303106108018,-0.04345608487197794,False,False,0,NEUTRAL,0.021435427108883465,
20221224,96800.0,0.03231310653727215,94602.0,93967.0,88923.4,94224.20948043329,92946.23071590003,61.59457549502651,1277.9787645332544,1480.4936657950482,1320.4488817962592,2.1256809883662675,0.014037293107060478,-0.012547179434866829,True,False,4,UP,-0.015909090909090873,False
20221225,96770.0,-0.00030991735537189147,94948.0,94095.0,89339.2,94615.86956036663,93229.47288509262,61.48711707762138,1386.3966752740089,1461.6742676908405,1228.273961667955,1.3510577847548888,0.027173336163889283,-0.012853208201570987,False,False,2,UP,0.01829079260101274,True
20221226,96020.0,-0.007750335847886758,95356.0,94183.5,89725.6,94831.88962800252,93436.17859730798,58.728620403117,1395.7110306945397,1448.4816202915804,1194.1115358345298,0.9098002253944408,0.01877984084880646,-0.020503927369172725,False,False,2,UP,0.08050406165382218,True
20221228,99960.0,0.04103311810039578,96664.0,94435.5,90173.2,95620.8296852329,93919.42462713702,67.08321508684665,1701.405058095872,1499.0663078524387,1390.2464261320633,2.89694953257089,0.053097345132743445,0.0,True,False,6,UP,0.030112044817927064,True
20221231,95780.0,-0.041816726690676265,97066.0,94467.0,90547.4,95645.31742596629,94057.24502512687,54.48242983080223,1588.0724008394172,1516.8675264498347,1589.5145385512017,1.5886688867754315,0.0066211245401996965,-0.041816726690676265,False,False,3,UP,0.09114637711422002,True
20230101,95260.0,-0.00542910837335564,96758.0,94481.5,90885.8,95586.03782197149,94146.33798622858,53.14503937390597,1439.699835742911,1501.43398830845,1513.1206429404015,1.0162746227599004,0.0030535958723807433,-0.04701880752300924,False,False,2,UP,0.13121981944152838,True
20230102,98540.0,0.034432080621457084,97112.0,94663.0,91305.8,96040.49354166818,94471.79443169312,59.84135592933061,1568.6991099750594,1514.887012641772,1639.3263113018015,2.2498549267590944,0.038246760088504805,-0.014205682272909192,False,False,5,UP,0.10178607672011375,True
20230103,103750.0,0.052871930180637294,98658.0,95113.5,91844.2,97226.57145833463,95159.06891823438,67.730373164572,2067.5025401002495,1625.4101181334674,1894.3744319231014,2.6161069264677925,0.09510238547603977,0.0,True,False,6,UP,0.08067469879518074,True
20230104,102970.0,-0.007518072289156574,99260.0,95546.0,92377.0,98110.17584936008,95737.65640577256,65.65102627817444,2372.5194435875164,1774.8319832242773,1814.7762582143084,0.9547838736816577,0.09170907548770146,-0.007518072289156574,False,False,4,UP,0.08604447897445855,True
20230107,104510.0,0.014955812372535737,101006.0,96142.5,92963.4,99094.76418022776,96387.45963497458,67.75580215140586,2707.3045452531805,1961.3264956300582,1795.149382627572,1.158539112594672,0.12886152516742277,0.0,True,False,5,UP,0.07195483685771698,True
20230108,107760.0,0.031097502631327156,103506.0,97075.5,93599.6,100427.87738326966,97229.87003238387,71.69734770823547,3198.0073508857895,2208.6626666812044,1899.06728386846,1.4373895758629847,0.20942760942760952,0.0,True,False,4,UP,0.03962509279881221,True
20230109,108570.0,0.007516703786191625,105512.0,97950.0,94231.8,101680.5116319974,98069.87965961469,72.59644806992404,3610.6319723827182,2489.056527821507,1821.2767635921414,1.3662725930577548,0.19202898550724634,0.0,True,False,4,UP,0.05075066777194426,True
20230110,112120.0,0.03269779865524547,107186.0,98954.5,94907.8,103286.58676553627,99110.62931445804,76.16952060780349,4175.957451078226,2826.436712472851,1944.7569947641314,1.0745711056510363,0.21829838096272947,0.0,True,False,4,UP,0.02140563681769536,True
20230111,111830.0,-0.0025865144488048664,108958.0,99814.5,95557.8,104600.95803237685,100052.80492079449,75.30571259980519,4548.15311158236,3170.779992294753,1826.5600665666934,1.3007895083522059,0.1817605410546339,-0.0025865144488048664,False,False,3,UP,0.04828757936153094,True
20230114,112030.0,0.0017884288652418867,110462.0,100645.0,96206.8,105743.88756585732,100940.00455629118,75.51196858434794,4803.88300956614,3497.400595749031,1710.3772046690724,0.8570798309733126,0.17407252148396557,-0.0008027113806635677,False,False,3,UP,0.0489154690707847,True
20230115,112030.0,0.0,111316.0,101545.5,96766.2,106710.98178649467,101761.48570026961,75.51196858434794,4949.496086225059,3787.819693844237,1588.2074043355674,0.0,0.19155498830036155,-0.0008027113806635677,False,False,3,UP,0.06382219048469162,True
20230116,114080.0,0.018298669999107453,112418.0,102497.5,97360.6,107844.67689626472,102673.96824099038,77.7237646904889,5170.708655274342,4064.3974861302586,1621.1925897401695,1.6646833687198241,0.20033670033670026,0.0,True,False,5,UP,0.040322580645161255,True
20230117,114520.0,0.0038569424964935983,112898.0,103524.5,97881.8,108871.64968145476,103551.45207499109,78.17932193367771,5320.197606463669,4315.557510196941,1536.8216904730145,1.1695399962205772,0.21855713981698233,0.0,True,False,4,UP,0.0225288159273489,True
20230118,117230.0,0.023663988822913096,113978.0,104715.0,98401.8,110157.54973046173,104564.67784721397,80.78564510493536,5592.871883247761,4571.020384807105,1620.6201411535135,1.9055919976135172,0.25487047741382995,0.0,True,False,5,UP,-0.032244306065000394,False
20230121,117510.0,0.0023884671159259963,115074.0,105902.0,98895.2,111288.6959257753,105523.59059927218,81.0376595225533,5765.105326503122,4809.837373146309,1524.8615596425482,1.0561450401079973,0.2531726564999466,0.0,True,False,4,UP,-0.044336652199812754,False
20230122,119180.0,0.014211556463279651,116504.0,107021.0,99393.8,112502.74270642526,106535.17648080757,82.51101426692097,5967.566225617687,5041.383143640584,1535.2285910966518,1.1187915106970234,0.23119834710743792,0.0,True,False,4,UP,-0.0968283269004867,False
20230123,118680.0,-0.004195334787716054,117424.0,108116.5,99902.4,113453.08998235984,107434.79303778478,80.49441615200574,6018.296944575064,5236.7659038274805,1461.2836917326053,0.6742279495405268,0.22641314456959805,-0.004195334787716054,False,False,3,UP,-0.10111223458038421,False
20230124,117100.0,-0.01331311088641729,117940.0,109170.5,100437.8,114014.1530619968,108150.73429424517,74.31357803236386,5863.418767751631,5362.096476612311,1469.763428037419,0.4812930336067122,0.21953759633409708,-0.017452592716898807,False,False,3,UP,-0.07472245943637912,False
20230125,113450.0,-0.031169940222032455,117184.0,109845.0,100803.2,113927.36028322806,108543.27249467146,62.39436816507707,5384.087788556601,5366.494739001169,1625.4946117490322,0.7715265865792855,0.13495398159263705,-0.04807853666722606,False,False,4,UP,-0.03137946231820188,False
20230128,112300.0,-0.01013662406346405,116142.0,110671.0,101088.6,113676.99716273144,108821.54860617727,59.174039687863555,4855.448556554169,5264.28550251177,1591.5307109098155,0.47727201774410344,0.17247859678429744,-0.05772780667897304,False,False,2,UP,-0.02626892252894031,False
20230129,107640.0,-0.04149599287622441,113834.0,111290.0,101350.4,112748.22836846506,108734.02648720118,48.29624398876065,4014.2018812638853,5014.268778262192,1810.7070887019715,1.1060936421399254,0.12996010917488987,-0.0968283269004867,False,False,0,NEUTRAL,0.021181716833890807,
20230130,106680.0,-0.00891861761426982,111434.0,111697.0,101555.6,111814.65477331658,108581.87637703812,46.4037573328978,3232.7783962784597,4657.970701865446,1749.9422966518307,0.7358322299300868,0.08260604830525664,-0.10488336969290146,False,False,0,NEUTRAL,0.0675853018372703,
20230131,108350.0,0.015654293213348325,109684.0,111927.0,101803.8,111281.6309620371,108564.70034910938,50.06913304182162,2716.9306129277247,4269.762684077902,1744.2321326052713,0.6518389094652272,0.044337349397590264,-0.09087095150192981,False,False,0,NEUTRAL,0.07134287032764197,
20230201,109890.0,0.014213197969543234,108972.0,112273.0,102105.0,111067.53389095447,108662.8706936198,53.24458126954691,2404.6631973346666,3896.7427867292554,1729.6441231334663,0.7437683434556295,0.06720404001165381,-0.0779493203557644,False,False,0,NEUTRAL,0.06151606151606148,
20230205,109350.0,-0.004914004914004955,108382.0,112515.0,102373.2,110803.2979077307,108713.76916075907,51.99586868037801,2089.5287469716277,3535.29997877773,1644.6695429096474,0.6311881634825656,0.046311357764807104,-0.0824802819264977,False,False,0,NEUTRAL,0.08111568358481946,
20230206,109920.0,0.005212620027434944,108838.0,112623.0,102662.4,110667.40592192598,108803.11959329543,53.24240522791211,1864.286328630551,3201.097248748294,1567.9074327018154,0.6439529896237026,0.020044543429844186,-0.07769760026850148,False,False,0,NEUTRAL,0.07387190684133915,
20230207,113890.0,0.036117176128093176,110280.0,112889.0,103056.0,111163.18962624506,109179.92554934761,60.86484194853441,1983.2640768974525,2957.5306143781263,1739.4854732231142,0.5390543933624523,0.049000644745325506,-0.04438664205403586,False,False,2,UP,0.002897532706997996,True
20230208,116080.0,0.019229080691895772,111826.0,113087.0,103492.6,111919.62199143812,109691.04217532187,64.32026754102199,2228.579816116253,2811.7404547257515,1771.6650822786062,0.8911413801185586,0.0353193007491972,-0.026011075683839535,False,False,2,UP,-0.013094417643004785,False
20230212,116650.0,0.004910406616126739,113178.0,113328.0,103927.2,112647.37245429379,110206.52053270544,65.18196368889339,2440.8519215883425,2737.5627480982703,1685.8318621158487,0.6412785697611525,0.043101135652329425,-0.02122839402584331,False,False,2,UP,0.04732104586369479,True
20230213,118220.0,0.013459065580797347,114952.0,113637.5,104388.6,113504.69976901783,110800.11160435689,67.5095098631694,2704.588164660934,2730.9678314108032,1677.5581576790023,0.5755720540822534,0.05525305721681684,-0.008055042792414868,False,False,2,UP,0.08974792759262384,True
20230214,118040.0,-0.0015225850109964467,116576.0,113938.0,104850.0,114202.43826609201,111336.3996336638,66.95686431693626,2866.0386324282154,2757.9819916142856,1570.5897178447879,0.6522302580864097,0.05364634472909047,-0.00956536331599267,False,False,4,UP,0.08886818027787191,True
20230215,114220.0,-0.032361911216536754,116642.0,113945.0,105236.2,114205.14007130862,111549.99966079982,56.40406528969682,2655.1404105088004,2737.4136753931884,1731.2618808558746,0.6174891714956635,0.0012272089761571348,-0.0416177210941433,False,False,2,UP,0.2294694449308352,True
20230219,114560.0,0.002976711609175231,116338.0,113947.0,105632.6,114259.7339064919,111772.96264888872,57.052859625506294,2486.7712576031918,2687.285191835189,1631.8860322233122,0.489245834303525,0.00034928396786582105,-0.03876489343849643,False,False,2,UP,0.29783519553072635,True
20230220,122170.0,0.06642807262569828,117442.0,114194.0,106189.6,115476.69792087778,112543.11356378585,68.39139210331393,2933.584357091924,2736.5450248865363,2058.89417277879,1.574728185282671,0.04213938411669371,0.0,True,False,6,UP,0.19718425145289342,True
20230221,128830.0,0.054514201522468664,119564.0,114760.0,106914.6,117531.05208689658,113749.54959609802,74.68935461979075,3781.5024907985644,2945.536518068942,2387.5445890088768,1.5714447425289155,0.09633222704450684,0.0,True,False,5,UP,0.14701544671272226,True
20230222,128530.0,-0.0023286501591244235,121662.0,115227.5,107703.2,119223.19791968173,114844.39777416484,73.9743520851396,4378.800145516885,3232.1892435585305,2238.4342612225287,0.9846814423423627,0.07845276053029027,-0.0023286501591244235,False,False,3,UP,0.11024663502684207,True
20230225,140430.0,0.0925853886252237,126904.0,116315.0,108690.2,122485.7828551153,116739.62756867115,81.52820303180812,5746.155286444162,3734.982452135657,2928.546099706634,0.9288452564887989,0.1832659251769464,0.0,True,False,4,UP,-0.02983692943103322,False
20230226,148680.0,0.0587481307412947,133728.0,117894.0,109823.2,126515.6624158668,119105.5810821029,84.81811469847986,7410.081333763897,4470.002228461305,3308.6499497275886,1.649628668872411,0.26968403074295466,0.0,True,False,5,UP,-0.07721280602636538,False
20230227,146260.0,-0.0162765671240247,138546.0,119534.5,110855.8,129553.25281342576,121117.01952046565,80.30020204963606,8436.23329296011,5263.248441361066,3245.1749533184748,1.3911582516013836,0.289202291758484,-0.0162765671240247,False,False,3,UP,-0.0905237248735129,False
20230228,147770.0,0.010324080404758629,142334.0,121308.0,111902.8,132355.82930366794,123091.31437080153,80.9809469088559,9264.514932866412,6063.501739662136,3121.233885224298,1.1835842169266957,0.31585040071237747,-0.006120527306967993,False,False,3,UP,-0.07193611693848545,False
20230301,142700.0,-0.03431007647019013,145168.0,123061.0,112876.4,133947.24018002674,124543.809602594,71.98622587151426,9403.430577432737,6731.487507216257,3260.431464851134,0.9102161736299739,0.32571534745447783,-0.04022060801721816,False,False,3,UP,0.002242466713384683,True
20230304,136240.0,-0.04526979677645415,144330.0,124539.0,113700.4,134299.9724600226,125410.19407647593,62.465799609248045,8889.778383546669,7163.145682482339,3488.9720745046247,0.7342891797867017,0.277090363704537,-0.08366962604250738,False,False,4,UP,0.026497357604227778,True
20230305,137200.0,0.007046388725778119,142034.0,125981.5,114564.8,134746.13054309605,126283.51303377401,63.2437669819565,8462.617509322037,7423.04004785028,3308.3312120400087,0.750068893619943,0.2662667281956621,-0.07721280602636538,False,False,4,UP,0.04431486880466462,True
20230306,133020.0,-0.030466472303206982,139386.0,127138.0,115356.8,134480.57199800434,126782.51206830927,57.641553854225144,7698.059929695068,7478.044024219238,3370.5932683228652,0.7724059749822954,0.2104832104832104,-0.10532687651331718,False,False,4,UP,0.09412118478424292,True
20230307,137140.0,0.030972786047210876,137260.0,128527.5,116224.2,134889.71476754214,127549.73339658265,61.28204458818664,7339.981370959489,7450.431493567289,3424.1223205855176,1.5418289053084222,0.25413808870598986,-0.07761635727737426,False,False,3,UP,0.09559574157794959,True
20230311,143020.0,0.042875893247775965,137324.0,130182.5,117148.6,136140.52788022798,128695.67907090987,65.79971393986904,7444.848809318108,7449.314956717453,3599.5421548294094,1.31806549523918,0.30112809315866085,-0.03806833467850412,False,False,2,UP,0.1253670815270591,True
20230312,139850.0,-0.02216473220528592,138046.0,131480.5,118010.2,136711.21589865445,129521.92506565728,61.6250102982421,7189.290832997169,7397.310131973396,3568.8605723415944,0.5724808306479472,0.22793923961717444,-0.05938929244013991,False,False,2,UP,0.18526993207007503,True
20230313,143280.0,0.02452627815516628,139262.0,132840.5,118955.4,137721.79806809223,130541.04172746044,64.26677085025952,7180.756340631793,7353.999373705075,3558.9419600314804,0.9375293221012794,0.23432115782219154,-0.03631961259079908,False,False,2,UP,0.16980737018425462,True
20230314,145540.0,0.01577331099944157,141766.0,134285.0,119867.0,138924.5983653088,131652.07567357447,65.93096508327545,7272.522691734339,7337.7040373109285,3466.1603914578036,1.1140942488076442,0.24766395199314184,-0.021119182136131287,False,False,2,UP,0.20399890064587045,True
20230315,150250.0,0.03236223718565334,144388.0,135886.5,120956.4,140666.967847569,133029.69969775414,69.15509367720858,7637.2681498148595,7397.616859811715,3555.0060777822464,1.0529673843627265,0.2709355439012011,0.0,True,False,5,UP,0.1844925124792014,True
20230318,160950.0,0.0712146422628952,147974.0,138032.0,122270.2,143787.4343325584,135097.8700905131,74.95391717684916,8689.564242045279,7656.006336258428,4065.362786512086,1.0708986185052927,0.3635208403930872,0.0,True,False,4,UP,0.11519105312208766,True
20230319,165760.0,0.029885057471264354,153156.0,140609.0,123614.6,147167.82905062631,137369.1389726973,77.0432729050315,9798.690077929,8084.543084592543,4118.55115890408,0.8039391962174188,0.45123445981439336,0.0,True,False,4,UP,0.08856177606177607,True
20230325,167610.0,0.01116071428571419,158022.0,143261.5,124891.8,150312.77842745304,139609.2027524975,77.81000068689485,10703.57567495553,8608.349602665141,3956.5117904109316,0.5082091899374058,0.4630761173184357,0.0,True,False,4,UP,0.06097488216693514,True
20230326,175230.0,0.04546268122427066,163960.0,145914.5,126337.0,154146.1971309218,142247.7803263866,80.67324321543008,11898.416804535198,9266.363043039153,4218.189519667294,1.1237618986502476,0.4343128427600884,0.0,True,False,4,UP,0.010728756491468427,True
20230327,177970.0,0.01563659190777833,169504.0,148371.5,127806.2,157811.39757231844,144893.87067258017,81.59298211802118,12917.526899738266,9996.595814378976,4112.604553976773,0.7769660749005698,0.3814328960645812,0.0,True,False,4,UP,-0.020059560600101167,False
20230328,179490.0,0.008540765297522013,173212.0,150919.5,129240.8,161146.56717657714,147456.54691905572,82.10183449009594,13690.02025752142,10735.280703007465,3927.4185144070034,0.6378008276397015,0.39648331128919323,0.0,True,False,4,UP,-0.006629895815922882,False
20230329,180440.0,0.00529277397069472,176148.0,152920.0,130678.2,164114.7876109499,149899.76566579234,82.42877971091286,14215.021945157554,11431.228951437482,3714.745763377932,0.6696586155949464,0.28491063163141783,0.0,True,False,4,UP,-0.019452449567723296,False
20230403,177830.0,-0.014464641986255855,178192.0,154377.5,131992.4,166224.82028618836,151968.67191277066,78.2022187807303,14256.148373417702,11996.212835833527,3635.8353517080795,0.5785826462236138,0.19605864944847995,-0.014464641986255855,False,False,3,UP,-0.00224933925659343,False
20230404,177110.0,-0.00404881066186813,178568.0,155920.0,133298.0,167899.46331908245,153830.9925118247,77.02883983067937,14068.470807257749,12410.664430118373,3427.5613980146454,0.7674132947275448,0.21092574866675773,-0.018454888051429807,False,False,3,UP,-0.015752921912935425,False
20230405,174400.0,-0.015301225227259851,177854.0,157251.5,134545.4,168899.54588537745,155354.62269613397,72.61259968655835,13544.923189243476,12637.516181943396,3376.307012442171,0.5845468001408097,0.18021249238681736,-0.033473730880070884,False,False,3,UP,0.03635321100917421,True
20230408,178300.0,0.02236238532110102,177616.0,159031.5,135870.8,170345.76959531938,157054.28027419813,74.84751098918497,13291.489321121247,12768.310809778966,3413.7136544105874,1.177378453524194,0.24947442186405056,-0.011859898027045013,False,False,3,UP,0.015479528883903582,True
20230409,176930.0,-0.00768367919237245,176914.0,161066.0,137127.8,171358.7281191164,158526.5558094427,72.60609129772803,12832.172309673682,12781.08310975791,3267.734107666974,0.7023067169617416,0.2986641221374047,-0.019452449567723296,False,False,3,UP,0.026564177923472654,True
20230410,177430.0,0.002825976374837502,176834.0,163077.5,138386.0,172292.76994694467,159926.81093466916,72.92476931498271,12365.959012275503,12698.05829026143,3070.03881426219,1.1327633220229552,0.2932215743440234,-0.016681445355796964,False,False,1,NEUTRAL,0.04582088711040977,
20230411,174320.0,-0.01752803922673729,176276.0,165142.5,139527.8,172604.65149356856,160992.97308765663,67.65295684427264,11611.678405911924,12480.78231339153,3072.8931846720334,0.595370828302695,0.3104796271237409,-0.03391709155397915,False,False,2,UP,0.06310234052317587,True
20230415,180740.0,0.0368288205598899,177544.0,167322.5,140792.4,173856.24357148109,162455.71582190428,72.131686948892,11400.52774957681,12264.731400628587,3311.9722429097455,1.1097123778777926,0.31792329006854314,0.0,True,False,2,UP,0.023569768728560314,True
20230416,181060.0,0.0017704990594222814,178096.0,169224.5,142030.0,174964.51379125324,163833.81094620767,72.33728300118084,11130.70284504557,12037.925689511983,3098.2599398447637,0.854164391011045,0.2659767864634317,0.0,True,False,2,UP,0.030321440406495093,True
20230417,181630.0,0.0031481276924776314,179036.0,171313.5,143289.0,175989.9732079835,165152.04717241452,72.72329916650645,10837.926035568991,11797.925758723384,2917.6699441415662,0.8207252370057981,0.2987486592777977,0.0,True,False,2,UP,0.025601497549964103,True
20230418,185560.0,0.02163739470351822,180662.0,173427.5,144658.2,177462.2850221399,166663.7473818653,75.2841730028334,10798.53764027459,11598.048135033625,2989.97923384574,1.000123567219071,0.29508654383026234,0.0,True,False,2,UP,0.030502263418840325,True
20230419,185320.0,-0.0012933821944384194,182862.0,175416.5,146095.6,178671.164249503,168045.69202024565,74.82218562776833,10625.472229257342,11403.53295387837,2793.552145713901,0.56252085515931,0.2733269204342448,-0.0012933821944384194,False,False,1,NEUTRAL,0.06556227066695453,
20230424,185000.0,-0.0017267429311461635,183714.0,177154.0,147549.6,179644.831288041,169301.56668541266,74.16864858386661,10343.264602628333,11191.479283628363,2616.8698495914796,0.510857473091899,0.2312811980033278,-0.0030178917870230526,False,False,1,NEUTRAL,0.06237837837837845,
20230425,186550.0,0.008378378378378404,184812.0,178434.0,149127.8,180707.16493603468,170579.22841241912,75.29429867086584,10127.936523615557,10978.770731625802,2540.6648603349454,0.5872662589762885,0.1590556073314695,0.0,True,False,2,UP,0.06952559635486466,True
20230426,186280.0,-0.0014473331546501766,185742.0,179460.0,150719.8,181564.5241766447,171742.2485300177,74.6837794815829,9822.275646627008,10747.471714626045,2378.4745131681634,0.5986621558198912,0.12379343629343631,-0.0014473331546501766,False,False,1,NEUTRAL,0.061305561520291985,
20230429,191220.0,0.026519218380931964,186874.0,180640.5,152377.2,183049.98199562245,173185.0449352016,78.17127365674189,9864.937060420867,10570.96478378501,2561.4406193704376,0.9311503082289586,0.14086271702165742,0.0,True,False,2,UP,0.08257504445141728,True
20230430,197470.0,0.032684865599832635,189304.0,181752.5,154128.8,185268.44630398822,174983.93049555703,81.62093048177599,10284.515808431199,10513.674988714247,2824.9091465582637,0.6388874235046452,0.12691890657992344,0.0,True,False,2,UP,0.015799868334430478,True
20230501,196540.0,-0.004709576138147598,191612.0,182681.0,155872.6,187002.53148799005,176580.67638477503,79.60500042328587,10421.855103215028,10495.311011614403,2689.5584932326738,0.904292494388858,0.10434342866775292,-0.004709576138147598,False,False,1,NEUTRAL,-0.06461788948814495,
20230502,199520.0,0.015162307927139462,194206.0,183682.5,157664.6,188928.29587445312,178279.88554145838,81.20674725083367,10648.41033299474,10525.93087589047,2710.3043151446254,0.9004070072384932,0.11159396066633231,0.0,True,False,4,UP,-0.04375501202886933,False
20230503,197700.0,-0.009121892542101051,196490.0,184545.5,159340.8,190277.78881684496,179718.41253838738,77.21806977709527,10559.376278457581,10532.619956403893,2646.711149777152,0.6865805006718211,0.09565506539569935,-0.009121892542101051,False,False,3,UP,-0.04881133029843199,False
20230506,207010.0,0.04709155285786548,199648.0,186004.5,161159.4,192851.97515271496,181740.01160961794,82.0696968782971,11111.963543097023,10648.48867374252,3122.6603533644984,2.0782379584238546,0.16408929876848677,0.0,True,False,5,UP,-0.1332302787304961,False
20230507,200590.0,-0.031012994541326555,200272.0,187178.5,162838.2,194042.44051383573,183136.30704594252,70.86280313433238,10906.133467893203,10700.017632572657,3358.184613838463,1.345863277830666,0.13257297724577954,-0.031012994541326555,False,False,3,UP,-0.034398524353158155,False
20230508,183840.0,-0.0835036641906376,197732.0,187650.5,164150.6,192472.83428093794,183188.4324499468,51.21336279531166,9284.401830991148,10416.894472256356,4314.742855707144,0.7870251605094795,0.0541284403669724,-0.11192696005023917,False,False,0,NEUTRAL,0.05575500435161018,
20230509,190790.0,0.037804612706701546,195986.0,188275.0,165605.6,192213.93669925517,183751.5115277285,56.591824340264665,8462.425171526673,10026.00061211042,4502.97550887092,1.4740204458352106,0.0700504767246215,-0.07835370271967534,False,False,2,UP,0.031500602756957985,True
20230510,188050.0,-0.014361339692856023,194056.0,188831.0,167082.2,191573.3310532159,184069.9180812301,54.06139133151086,7503.412971985788,9521.483084085494,4377.048686808711,0.9672682245763796,0.06284971457638622,-0.0915897782715811,False,False,0,NEUTRAL,0.032172294602499374,
20230513,179430.0,-0.04583887264025521,188540.0,188931.0,168379.6,189705.12627579804,183726.22044558346,46.94909616350034,5978.905830214586,8812.967633311313,4680.116637750946,1.015014420295025,0.01127205094967021,-0.1332302787304961,False,False,0,NEUTRAL,0.08426684500919568,
20230514,193690.0,0.07947388953909607,187160.0,189899.5,169810.0,190318.1837718291,184464.27819035505,57.0222068817927,5853.905581474042,8221.15522294386,5364.394020768736,1.2604367689996179,0.11111748508490127,-0.06434471764649052,False,False,2,UP,0.018121740926222207,True
20230515,194090.0,0.002065155661107987,189210.0,190567.0,171115.2,190898.4631915477,185177.29462069913,57.26731413300134,5721.16857084856,7721.157892524801,5009.794447856683,1.5330897483515327,0.07386300763527709,-0.06241244384329259,False,False,3,UP,0.015559791849142135,True
20230517,196800.0,0.013962594672574546,190412.0,191354.0,172480.6,191806.3919313096,186038.23575990662,58.974421155306196,5768.156171402981,7330.557548300438,4845.52341586692,1.2113193021073845,0.08693250856069801,-0.049321288826626786,False,False,2,UP,0.052134146341463516,True
20230520,194100.0,-0.013719512195121908,191622.0,191977.5,173554.0,192159.25471110814,186635.403481395,56.55051244160175,5523.851229713124,6969.216284582975,4692.2717433049975,0.8570304333668893,0.06865605902108673,-0.06236413699821264,False,False,2,UP,0.026532715095311632,True
20230521,194550.0,0.0023183925811436357,194646.0,192427.0,174471.4,192527.06167862995,187221.66989018058,56.86869662549974,5305.391788449371,6636.451385356255,4389.252333068926,0.9891259510991889,0.04844794136667385,-0.06019032896961496,False,False,2,UP,-0.021074273965561607,False
20230522,197200.0,0.013621177075302082,195348.0,193021.0,175490.2,193245.97526653303,187960.8054538709,58.78290559104028,5285.1698126621195,6366.195070817428,4265.020023564003,0.8046578415133558,0.06410533131879981,-0.04738901502342885,False,False,2,UP,-0.026876267748478733,False
20230523,197110.0,-0.0004563894523326173,195952.0,193626.5,176477.0,193840.44061014333,188638.523568399,58.68764248298945,5201.917041744338,6133.339465002811,3966.804307595146,0.776174828635204,0.06545945945945952,-0.047823776629148385,False,False,2,UP,-0.03135305159555579,False
20230524,207060.0,0.05047942773070879,198004.0,194652.0,177764.2,195874.21897781358,190003.07737814722,65.36950649633035,5871.141599666356,6080.899891935521,4394.175428481207,1.5464652499606935,0.10994371482176368,0.0,True,False,4,UP,-0.10320679996136384,False
20230527,199250.0,-0.037718535690138166,199034.0,195300.5,179024.4,196393.5699043038,190688.0346093956,57.50715950098686,5705.535294908186,6005.826972530054,4638.162897875406,0.5413816975315099,0.06962636890702179,-0.037718535690138166,False,False,2,UP,-0.07468005018820578,False
20230528,190450.0,-0.044165621079046424,198214.0,195262.0,180089.4,195479.1745344109,190670.40241610704,50.18311553648823,4808.772118303867,5766.416001684817,4935.436976598591,0.47851215274076375,-0.004026775441899333,-0.08021829421423743,False,False,0,NEUTRAL,-0.03029666579154633,
20230529,191900.0,0.007613546862693665,197154.0,194983.5,181267.0,194928.5322983477,190761.48371861762,51.284071687317144,4167.0485797300935,5446.542517293873,4686.477192555835,0.3032602821380475,-0.028206816225249454,-0.07321549309378927,False,False,0,NEUTRAL,-0.053778009379885305,
20230530,190930.0,-0.005054715997915626,195918.0,194703.0,182342.8,194313.3734832173,190773.9664061274,50.48035265191337,3539.4070770898834,5065.1154292530755,4421.014535944704,0.4835568709720509,-0.02854380787625932,-0.07790012556746839,False,False,0,NEUTRAL,-0.1065835646572042,
20230531,185690.0,-0.027444613209029467,191644.0,194011.5,183196.2,192986.7006396454,190397.3763019698,46.262467191902225,2589.3243376755854,4569.957210937578,4479.51349766294,0.4412813510219057,-0.06931635926222934,-0.10320679996136384,False,False,0,NEUTRAL,-0.08756529700037696,
20230603,184370.0,-0.007108621896709577,188668.0,193345.0,184086.6,191661.05438739224,189950.90398330538,45.237065212733626,1710.1504040868604,3997.995849567434,4253.833962115587,0.2869985486125379,-0.06742539200809305,-0.10958176373997874,False,False,0,NEUTRAL,-0.1243694744264251,
20230606,184680.0,0.0016814015295329998,187514.0,192228.5,184914.6,190587.04602010112,189560.4666512087,45.54234408646972,1026.5793688924168,3403.712553432431,3972.131536250188,0.517909890034086,-0.1078691850635235,-0.10808461315560702,False,False,-2,DOWN,-0.10878275936755466,True
20230607,181580.0,-0.016785791639592818,185450.0,191278.0,185635.4,189201.34663239325,188969.32097334138,42.96311183977538,232.0256590518693,2769.3751745563186,3909.836426518032,0.6134041212805054,-0.09477042723964302,-0.1230561189993239,False,False,-2,DOWN,-0.07968939310496748,True
20230610,170580.0,-0.06057935896023792,181380.0,190615.0,186042.0,186336.52407356355,187607.14904939017,35.319403538929606,-1270.6249758266204,1961.3751444797308,4416.276681766744,0.6375506195359062,-0.07212793733681466,-0.176180817154448,False,True,-5,DOWN,-0.038574275999531005,True
20230611,169430.0,-0.00674170477195446,178128.0,189547.0,186211.6,183735.52036993837,186260.69356425016,34.6258207774347,-2525.173194311792,1064.0654767214264,4182.971204497691,0.7973755712837314,-0.1119555532260601,-0.18173476287066548,False,True,-5,DOWN,-0.05223396092781685,True
20230612,161440.0,-0.047158118396978144,173542.0,188216.5,186125.2,180305.4403130248,184422.12367060198,30.189931657050792,-4116.683357577189,27.915709861703363,4454.901832747856,0.8164195811750802,-0.14150491890454664,-0.220322611803342,False,True,-5,DOWN,0.005388999008919759,False
20230613,164590.0,0.019511892963330002,169524.0,187474.5,186064.8,177887.68026486714,182953.0774727796,33.79111582177511,-5065.397207912465,-990.7468736931303,4361.694558980153,1.0613187096024168,-0.0827063478793959,-0.20510963005892013,False,False,-4,DOWN,-0.0041314782186038235,True
20230614,167110.0,0.015310772221884594,166630.0,186145.5,185902.4,176229.57560873375,181779.51617849965,36.60841860918271,-5549.940569765895,-1902.5856129076833,4230.144947624428,0.6862625182543375,-0.1372295936806237,-0.19293924466338264,False,False,-4,DOWN,-0.018191610316557916,True
20230617,164000.0,-0.018610496080426087,165314.0,184641.0,185623.0,174348.10243815932,180462.51498009227,34.64889211174179,-6114.41254193295,-2744.9509987127367,4150.134594222683,0.5903152525307934,-0.1550311711061878,-0.20795904568724044,False,False,-4,DOWN,0.02378048780487796,False
20230618,160580.0,-0.020853658536585384,163544.0,182830.0,185244.8,172229.93283228864,178989.736092678,32.58342937807275,-6759.803260389366,-3547.921451048063,4097.982123206776,0.7872939544463048,-0.1840447154471545,-0.22447599729546996,False,True,-5,DOWN,0.07784281977830365,False
20230619,162310.0,0.010773446257317243,163718.0,181240.5,184882.2,170703.78931962885,177754.20008581295,34.703841710924564,-7050.410766184097,-4248.41931407527,3928.8405429777204,0.6423656580384053,-0.1637815558990211,-0.2161209311310731,False,False,-4,DOWN,0.035426036596636123,False
20230620,163910.0,0.009857679748629167,163582.0,179708.5,184603.8,169658.5909627629,176728.70378316013,36.68721139164716,-7070.112820397248,-4812.758015339667,3762.4947899078834,1.1998571482138858,-0.15749164739141608,-0.20839370230850962,False,False,-4,DOWN,-0.008297236288206888,True
20230621,164070.0,0.0009761454456713725,162974.0,178052.0,184343.0,168798.80773772244,175791.02202144457,36.89364188039586,-6992.214283722133,-5248.649269016159,3505.1737334858917,0.7666186538544045,-0.16800202839756595,-0.20762097942625324,False,False,-4,DOWN,-0.020296215030170095,True
20230624,167900.0,0.02334369476442988,163754.0,176591.5,184213.0,168660.52962422668,175206.50187170797,41.78657235396218,-6545.972247481288,-5508.113864709185,3528.375609665471,1.6032047815742663,-0.14819136522753795,-0.18912392543224188,False,False,-3,DOWN,-0.04860035735556878,True
20230625,173080.0,0.030851697438951664,166254.0,174892.5,184108.6,169340.44814357642,175048.9832145444,47.6935685098948,-5708.535070967977,-5548.198105960943,3646.3487804036517,1.7375918691420622,-0.16410702211919248,-0.16410702211919248,False,False,-3,DOWN,-0.07100762653108394,True
20230626,168060.0,-0.029003928819043234,167404.0,173333.0,183931.2,169143.45612148775,174531.28075420775,43.12641589464151,-5387.824632720003,-5516.123411312756,3744.466724660534,0.9181467412456807,-0.15653701380175655,-0.1883512025499855,False,False,-2,DOWN,-0.021718433892657374,True
20230627,162550.0,-0.032785909794121104,167132.0,171938.0,183633.6,168129.0782566435,173643.77847611828,38.741196733103436,-5514.700219474791,-5515.838772945162,3870.576244327639,0.672491598756217,-0.14649514308217382,-0.2149618468076886,False,False,-2,DOWN,0.011135035373731172,False
20230628,160740.0,-0.011135035373731172,166466.0,170380.0,183362.0,166992.29698639066,172687.94303344286,37.396003160487126,-5695.6460470522,-5551.80022776657,3723.3922268756646,0.5480152758810067,-0.1623762376237624,-0.22370327441321358,False,False,-4,DOWN,0.008647505288042812,False
20230701,159740.0,-0.006221226825930071,164834.0,168820.5,182942.0,165876.5589884844,171728.8361420767,36.639061854892205,-5852.277153592295,-5611.895612931715,3528.86421067026,0.4525725676056183,-0.1633582988529828,-0.22853279242731572,False,True,-5,DOWN,0.017027669963691094,False
20230702,160790.0,0.006573181419807117,162376.0,167575.5,182536.6,165094.01145179447,170918.55198340435,38.05682748617368,-5824.540531609877,-5654.424596667348,3351.8024813366696,0.6628238859994594,-0.13409445850611235,-0.22346179851250847,False,False,-4,DOWN,-0.0014304372162448065,True
20230703,164410.0,0.022513837925244085,161646.0,166577.5,182192.2,164988.77892074917,170436.4370216707,42.80821499444294,-5447.658100921515,-5613.071297518182,3370.959446955479,1.19631691674017,-0.10826056299831854,-0.2059789433014585,False,False,-2,DOWN,-0.03320965877987958,True
20230704,164360.0,-0.0003041177543945395,162008.0,165561.5,181768.2,164892.04370217238,169986.330575621,42.759427893725565,-5094.286873448611,-5509.314412704269,3133.7480578872305,0.8476039828263822,-0.11002815681178257,-0.2062204192021636,False,False,-2,DOWN,-0.06753467997079576,True
20230705,162130.0,-0.013567778048186874,162286.0,164589.0,181304.4,164467.11390183817,169404.38016261204,40.540290026540326,-4937.266260773875,-5394.904782318191,3069.194625181,0.6261849311559176,-0.10711532107060251,-0.21699024437361147,False,False,-2,DOWN,-0.09214827607475484,True
20230708,162460.0,0.002035403688398274,162830.0,164183.0,180853.6,164158.3271477092,168889.98163204818,41.028033836351824,-4731.654484338971,-5262.254722722348,2873.5378662395,0.5603548549083665,-0.04760229804197447,-0.21539650342895778,False,False,-2,DOWN,-0.08925273913578724,True
20230709,160560.0,-0.011695186507447941,162784.0,163739.5,180333.8,163604.73835575394,168272.94595560018,39.04226657385193,-4668.207599846239,-5143.445298147126,2803.999447222393,0.5163247976127757,-0.05235200377737115,-0.22457258765575194,False,False,-2,DOWN,-0.11983059292476328,True
20230710,158950.0,-0.01002740408570002,161692.0,163615.0,179787.2,162888.62476256103,167582.35736629646,37.390801568032245,-4693.732603735436,-5053.5027592647875,2718.7137724207932,0.5687695171604176,-0.015423686818632265,-0.23234811165845648,False,True,-3,DOWN,-0.14363007234979552,True
20230711,153260.0,-0.03579742057250712,159472.0,163048.5,179028.0,161407.29787601318,166521.44200583006,32.20589639125893,-5114.144129816879,-5065.631033375206,2930.948502962165,0.9026119451239178,-0.06883771796585458,-0.25982806915869794,False,True,-5,DOWN,-0.07288268302231504,True
20230712,147190.0,-0.039605898473182855,156484.0,162052.5,178022.4,159220.02127970345,165089.48333873152,27.780279976826833,-5869.462059028068,-5226.397238505779,3155.166467036296,1.1132002297195012,-0.11920292023218237,-0.2891432435042983,False,True,-4,DOWN,-0.035056729397377584,True
20230715,147960.0,0.0052313336503837515,153584.0,161250.5,177050.8,157487.71031359525,163820.6327210477,29.11105189335916,-6332.922407452454,-5447.702272295113,2984.797433676561,0.8221579685059287,-0.09780487804878046,-0.28542451463343954,False,False,-3,DOWN,-0.1285482562854826,True
20230716,141320.0,-0.0448769937821033,149736.0,160287.5,175886.8,155000.37026534983,162153.91918615528,24.857369726833625,-7153.54892080545,-5788.871601997181,3245.883331271092,0.9420171250822974,-0.11994021671441024,-0.31749251424707814,False,True,-4,DOWN,-0.10196716671384087,True
20230717,136120.0,-0.036795924143787184,145170.0,158978.0,174655.2,152095.69791683447,160225.48072792153,22.130198562180112,-8129.782811087061,-6257.053843815157,3385.463093323157,1.6618936940801836,-0.1613578953853737,-0.3426060079204095,False,True,-5,DOWN,-0.04128709961798416,True
20230718,142090.0,0.04385836027034973,142936.0,157887.0,173356.8,150556.35977578303,158882.11178511253,31.43138354401445,-8325.752009329502,-6670.7934769180265,3570.072872371503,2.2180196300942066,-0.1331218351534379,-0.31377378537621947,False,False,-3,DOWN,-0.07643043141670769,True
20230719,142030.0,-0.0004222675768879025,141904.0,156785.0,172185.6,149244.61211797025,157633.80720843753,31.390801564938158,-8389.195090467285,-7014.473799627878,3319.353381487824,1.940119218954332,-0.13433290668617048,-0.31406355645706563,False,False,-5,DOWN,-0.08772794480039425,True
20230722,128940.0,-0.09216362740266137,138100.0,154837.0,171087.6,146120.82563828252,155508.34000781254,24.08472142819643,-9387.514369530021,-7489.081913608307,4017.2567113815508,1.6533846590187293,-0.2320428826682549,-0.3772819472616633,False,True,-5,DOWN,0.000775554521482924,False
20230723,126910.0,-0.01574375678610207,135218.0,152528.5,169810.0,143165.31400162366,153389.94445167828,23.18355873818352,-10224.630450054625,-8036.191620897571,3875.309803425726,1.8823343407537492,-0.26675525768430786,-0.3870858688302907,False,True,-5,DOWN,-0.023481207154676498,True
20230724,130500.0,0.028287762981640485,134094.0,150650.5,168659.0,141216.80415522002,151694.39301081322,28.293360363075493,-10477.588855593203,-8524.471067836697,3854.93053175246,1.5108552111796598,-0.22349161013923602,-0.3697478991596639,False,False,-2,DOWN,-0.0376245210727969,True
20230725,131230.0,0.00559386973180076,131922.0,149084.5,167695.0,139680.37274672464,150178.51204704927,29.322896732356455,-10498.139300324634,-8919.204714334286,3631.7212080558556,1.0407247847564325,-0.1926791756382652,-0.3662223510093693,False,False,-3,DOWN,0.0032004876933628967,False
20230726,129570.0,-0.012649546597576777,129430.0,147526.0,166412.6,138124.93078569009,148651.9555991197,28.326914689866868,-10527.024813429627,-9240.768734153355,3490.883978909009,0.6690836000516671,-0.19391564016424034,-0.37423935091277893,False,False,-3,DOWN,0.06189704406884311,False
20230729,129040.0,-0.004090453036968422,129450.0,145991.0,165111.6,136727.24912635316,147199.21814733307,27.999910181381523,-10471.969020979916,-9487.008791518667,3279.3922661297943,0.6147960238857965,-0.19218730436960063,-0.3767989954602531,False,False,-3,DOWN,0.06106633601983891,False
20230730,123930.0,-0.03960012399256041,128854.0,144148.0,163654.2,134758.44156845266,145475.57235864174,25.00298414239002,-10717.130790189083,-9733.03319125275,3410.1499614062377,0.8206131487654658,-0.2292431121338392,-0.4014778325123153,False,True,-4,DOWN,0.10626966836117169,False
20230731,125590.0,0.01339465827483255,127872.0,142207.0,162284.0,133347.91209638302,144002.56699874235,27.70987192779006,-10654.654902359325,-9917.357533474067,3285.1392498772207,0.8873732398970929,-0.23611702451189098,-0.39346083260890563,False,False,-3,DOWN,0.07237837407436887,False
20230801,131650.0,0.048252249382912726,127956.0,140571.5,161026.0,133086.69485078563,143087.56203587254,36.69299331477743,-10000.867185086914,-9934.059463796637,3483.343589171705,1.956403627870805,-0.1990143587247506,-0.3641939534434463,False,False,-3,DOWN,0.0397265476642612,False
20230805,137590.0,0.04511963539688568,129560.0,139344.5,159833.8,133779.51102758784,142680.33521840052,44.03423052958525,-8900.82419081268,-9727.412409199846,3658.8190470880118,1.942820741282667,-0.1513600197372479,-0.3355066164396793,False,False,-1,NEUTRAL,-0.053637619013009674,
20230806,136920.0,-0.004869539937495504,131136.0,138067.5,158630.0,134262.6631771897,142253.6437207412,43.42257612936954,-7990.980543551501,-9380.126036070178,3445.331972296011,1.345525293731016,-0.15720792810537976,-0.3387423935091278,False,False,-2,DOWN,-0.018624014022787017,True
20230807,137100.0,0.0013146362839613346,133770.0,136894.5,157230.8,134699.17653454514,141871.89233401965,43.64904024499618,-7172.715799474507,-8938.643988751044,3212.0939742748674,0.9800505910270032,-0.1461136023916293,-0.33787308026658935,False,False,0,NEUTRAL,-0.009919766593727175,
20230808,134680.0,-0.017651349380014558,135588.0,135681.0,155939.4,134696.22629846126,141339.1595685367,41.25797368602315,-6642.933270075446,-8479.501845015926,3155.515833255234,0.6023744911780571,-0.15268952500786415,-0.34956051386071674,False,False,-2,DOWN,-0.010543510543510548,True
20230809,136880.0,0.01633501633501644,136634.0,134862.0,154868.0,135032.19148331336,141008.8514523488,44.24796344700381,-5976.659969035449,-7978.933469819831,3087.264702308432,0.807856810250407,-0.10687720214015395,-0.3389355742296919,False,False,0,NEUTRAL,-0.02688486265341905,
20230812,130210.0,-0.048728813559322015,135158.0,134013.0,153634.2,134290.31587049592,140208.9365299526,37.94228157011276,-5918.620659456676,-7566.870907747199,3343.174366429258,0.5498896865965125,-0.11536109790067262,-0.3711484593837535,False,False,-2,DOWN,0.005145534137163121,False
20230813,134370.0,0.03194839106059444,134648.0,133333.5,152503.0,134302.5749673427,139776.42271291907,43.36339121740517,-5473.847745576379,-7148.266275313035,3401.519054541454,1.1229792505387755,-0.09184914841849146,-0.35105766444508835,False,False,0,NEUTRAL,-0.028131279303415968,
20230814,135740.0,0.010195728213142852,134376.0,133054.5,151504.0,134523.7172800592,139477.428437888,45.06535619706157,-4953.711157828802,-6709.355251816189,3256.410550645636,0.7146503521119115,-0.03948485706198701,-0.34444122476576833,False,False,0,NEUTRAL,-0.03403565640194495,
20230815,133260.0,-0.01827022248416088,134092.0,132911.5,150481.8,134329.29923697317,139016.87818322965,42.57140929518974,-4687.578946256486,-6304.999990704248,3200.952654170948,0.5469197176378376,-0.02101087275933,-0.35641842944074187,False,False,0,NEUTRAL,-0.028140477262494357,
20230816,133200.0,-0.0004502476361999408,133356.0,132467.0,149452.2,134155.56089282344,138585.99831780524,42.51011487712128,-4430.437424981792,-5930.087477559758,2976.5988931587376,0.3711663632705778,-0.06256597930888874,-0.3567082005215879,False,False,0,NEUTRAL,0.014939939939939917,
20230819,130880.0,-0.017417417417417425,133490.0,131909.5,148438.2,133651.6284477737,138015.18362759743,40.105590252135954,-4363.555179823743,-5616.781018012555,2929.6989722188277,0.4258868705164973,-0.07850454129409279,-0.3679126823143051,False,False,-2,DOWN,0.10513447432762835,False
20230820,130590.0,-0.002215770171149156,132734.0,131992.0,147638.4,133180.60868657773,137465.17002555318,39.80252075777676,-4284.5613389754435,-5350.337082205134,2741.149045631769,0.5420657291336528,0.012796649604467136,-0.3693132425383947,False,False,-2,DOWN,0.19588023585266856,False
20230821,131120.0,0.004058503713913808,131810.0,132202.5,146872.2,132863.59196556578,136995.15743106775,40.6847195426121,-4131.565465501975,-5106.5827588645025,2583.209828086642,0.46445774932317374,0.0331731148057679,-0.3419322459222083,False,False,-2,DOWN,0.228798047589994,False
20230822,129510.0,-0.012278828553996313,131060.0,132153.0,146233.6,132347.65474009412,136440.70132506275,38.82341853173887,-4093.0465849686298,-4903.875524085328,2513.6948403661677,0.580098127980377,-0.0075862068965517615,-0.325117248566962,False,False,-2,DOWN,0.24708516716855833,False
20230823,135190.0,0.043857617172419205,131458.0,132351.0,145645.6,132784.9386262335,136348.05678246552,47.88235498505794,-3563.118156232027,-4635.724050514668,2739.8594946257267,1.417715029692085,0.030176026823135027,-0.29551849921834283,False,False,0,NEUTRAL,0.1926917671425401,
20230826,144640.0,0.06990161994230348,134210.0,133104.5,145196.2,134608.79422219758,136962.27479857916,58.81050467265741,-2353.480576381582,-4179.275355688051,3219.1552450096033,2.1282036723458653,0.11630778729644198,-0.2424448750851097,True,False,2,UP,0.11939988938053103,True
20230827,156170.0,0.07971515486725655,139326.0,134461.0,145039.6,137925.90280339797,138385.0692579437,67.70753757568305,-459.166454545717,-3435.2535754595838,3812.787013223203,2.056616767585022,0.21024488530688168,-0.15897463514459587,True,False,4,UP,0.05987065377473266,True
20230828,161120.0,0.03169622846897613,145326.0,136320.5,145050.4,141494.22544902904,140069.1382017997,70.63964945436986,1425.0872472293267,-2463.185410921802,3894.0165122786884,2.0500740436687015,0.30008875978374894,-0.12757201646090532,True,False,5,UP,0.06672045680238337,True
20230829,161510.0,0.0024205561072492277,151726.0,138116.5,145034.4,144573.57537994764,141657.35018685157,70.86411602162633,2916.225193096063,-1387.3032901182291,3643.7296185444966,1.6790978360016562,0.2860100326459114,-0.12546025557721463,True,False,5,UP,0.0883536623119312,True
20230830,161240.0,-0.0016717231131199162,156936.0,139596.0,144981.0,147137.64070610955,143107.91683967737,70.46248042575587,4029.7238664321776,-303.89785880814793,3402.748931505604,1.1264143618614513,0.2247626281807824,-0.11201674193193079,False,False,3,UP,0.05885636318531384,True
20230902,161910.0,0.004155296452493129,160390.0,140812.0,144937.8,149410.31136670808,144500.66374044202,70.90318443885688,4909.647626266058,738.8112382066932,3207.552579255204,1.6182594829525507,0.1767570317610292,-0.06453663045990299,True,False,5,UP,0.04206040392810828,True
20230903,165520.0,0.02229633747143467,162260.0,142242.0,144890.2,151888.72500259915,146057.65161152038,73.2215184790075,5831.073391078768,1757.2636687811082,3236.298823594118,2.061930569195209,0.2088810984516507,-0.043679223480471485,True,False,5,UP,0.009122764620589585,True
20230904,171870.0,0.038363943934267786,164410.0,143980.5,144866.0,154962.76730989158,147969.67741807445,76.73322312842795,6993.08989181713,2804.428913388313,3458.7060504802525,2.5930496669155247,0.25361050328227575,-0.006990986826900802,True,False,5,UP,-0.03159364636062145,False
20230905,175780.0,0.022749752720079064,167264.0,146035.5,145020.4,158165.4184929852,150029.7013130319,78.5946346442968,8135.717179953295,3870.68656670131,3490.941332588806,1.5209621006068603,0.30516780516780506,0.0,True,False,5,UP,-0.05120036409147799,False
20230909,170730.0,-0.028729093184662657,169162.0,147728.0,145184.0,160098.43103252593,151563.05677132582,70.72461090518465,8535.374261200108,4803.6241056010695,3602.3026659753195,1.005193330183844,0.24729690239625945,-0.028729093184662657,False,False,3,UP,0.00820008200082012,True
20230910,168720.0,-0.011772974872605868,170524.0,149653.5,145343.6,161424.82625829114,152833.9414549313,67.81395041974787,8590.884803359833,5561.076245152823,3488.566761262797,0.773451184128501,0.2957530143614162,-0.04016384116509275,False,False,4,UP,0.011853959222380306,True
20230911,167030.0,-0.010016595542911344,170826.0,151286.5,145489.4,162287.16068009252,153885.5013471586,65.37767823349401,8401.659332933923,6129.192862709043,3360.097706886883,0.6323694693031332,0.24306020689141916,-0.04977813175560364,False,False,4,UP,0.003412560617853,True
20230912,166440.0,-0.0035322995869006,169740.0,152821.5,145602.4,162926.05903700137,154815.46421033202,64.50639466759162,8110.594826669345,6525.473255501103,3162.233584966391,0.5737824475262374,0.22616767349344324,-0.0531346000682672,False,False,4,UP,-0.004025474645517946,False
20230913,166780.0,0.0020427781783225463,167940.0,154497.5,145649.8,163518.97303130885,155701.7261206778,64.79754319121474,7817.2469106310455,6783.827986527092,2960.6454717545057,0.5257685018898959,0.25153834609034975,-0.05120036409147799,False,False,4,UP,-0.01918695287204697,False
20230917,172130.0,0.032078186832953604,168220.0,156444.0,145805.2,164843.74641110748,156918.6352969239,69.09362110512461,7925.111114183586,7012.084612058392,3131.3136523434696,1.0232556986173948,0.29226726726726726,-0.020764592103766022,False,False,4,UP,-0.07697670365421483,False
20230918,170720.0,-0.008191483181316461,168620.0,158436.0,145977.0,165747.78542478324,157940.95860826288,66.78049750808935,7806.826816520363,7171.033052950786,3008.3626771760787,0.5288697099798035,0.30440097799511,-0.028785982478097605,False,False,4,UP,-0.07204779756326152,False
20230919,167600.0,-0.01827553889409561,168734.0,160286.5,146079.8,166032.74151327813,158656.44315579894,61.84652892306837,7376.298357479187,7212.086113856467,3016.3367716635016,0.3819612187207841,0.2834060800980167,-0.04653544202980997,False,False,4,UP,-0.05220763723150357,False
20230920,165770.0,-0.010918854415274515,168600.0,162019.0,146184.0,165992.3197420046,159183.37329240644,59.088912202078085,6808.946449598152,7131.458181004804,2931.5984308303946,0.30165911252222927,0.26426174496644306,-0.056946182728410566,False,False,2,UP,-0.05923870422875066,False
20230923,163580.0,-0.01321107558665624,167960.0,163722.5,146276.6,165621.19362785004,159509.04934482079,55.87793913891685,6112.144283029251,6927.595401409694,2878.6271143425097,0.28851350804590564,0.2630684889197745,-0.06940493799067016,False,False,0,NEUTRAL,-0.0748869054896687,
20230925,158880.0,-0.028732118840934073,165310.0,164907.0,146389.0,164584.0869158731,159462.45309705628,49.64306512488409,5121.63381881683,6566.403084891122,3008.725177603759,0.3924237602976472,0.17523485464901256,-0.09614290590510866,False,False,0,NEUTRAL,-0.042673716012084584,
20230926,158420.0,-0.002895266868076507,162850.0,165596.0,146613.6,163635.76585189262,159385.23434912617,49.0660160414366,4250.531502766447,6103.228768466187,2826.6733792034906,0.41367316173976204,0.09527101769911495,-0.09875981340311757,False,False,0,NEUTRAL,-0.036485292261078106,
20230927,158850.0,0.0027143037495265254,161100.0,165730.0,146831.4,162899.49418237066,159345.58736030202,49.655137220322466,3553.906822068646,5593.364379186679,2655.4824235460983,0.2628930769697335,0.0171607863225971,-0.09631357378541361,False,False,0,NEUTRAL,-0.07743153918791312,
20230930,155950.0,-0.018256216556499893,159136.0,165471.5,147124.0,161830.3412312367,159094.06237065,45.80706118914152,2736.2788605866954,5021.947275466682,2672.947964721377,0.4264880462135666,-0.03208788480635549,-0.11281146888155646,False,True,-1,NEUTRAL,-0.10695735812760498,
20231001,151330.0,-0.02962487976915673,156686.0,164962.5,147428.2,160214.90411873875,158518.94663949075,40.43145451715807,1695.957479247998,4356.749316222946,2812.0231100984215,0.43575667567117843,-0.063030152931707,-0.13909432244851516,False,True,-1,NEUTRAL,-0.060794290623141456,
20231002,152100.0,0.005088217802154293,155330.0,164505.5,147628.4,158966.45733124047,158043.46911063956,41.66028725685684,922.9882206009061,3669.997097098538,2666.164316519963,0.4197030556017222,-0.056685685934011465,-0.1347138468540221,False,False,0,NEUTRAL,-0.04345825115055879,
20231004,152640.0,0.0035502958579882726,154174.0,164042.0,147840.6,157993.15620335733,157643.21213948107,42.55526802564108,349.94406387626077,3005.9864904540823,2514.295436768537,0.3514295407621349,-0.05725403001667595,-0.1316418250085334,False,False,0,NEUTRAL,-0.04402515723270439,
20231007,146550.0,-0.03989779874213839,151714.0,163093.5,148192.8,156232.67063361005,156821.49272174173,35.871684182073935,-588.8220881316811,2287.02477473693,2769.702905570785,0.7894806311941917,-0.1146085065248913,-0.16628740471043346,False,True,-5,DOWN,-0.032753326509723624,True
20231008,139270.0,-0.04967587853974753,148378.0,161463.5,148440.0,153623.02899767004,155521.38214976084,29.838670513391122,-1898.3531520908,1449.949189371384,3091.8669837443003,1.1981979161241656,-0.1896782451853145,-0.20770281033109572,False,True,-4,DOWN,0.0200330293674158,False
20231009,142130.0,0.020535650175917297,146538.0,159781.0,148672.6,151854.8706903362,154529.42791644522,34.49933247922981,-2674.5572261090274,625.0479062753018,3075.305056333993,1.4294809505112662,-0.19143247240869266,-0.19143247240869266,False,False,-4,DOWN,0.03989305565327528,False
20231010,145490.0,0.023640329276015004,145216.0,158519.0,148957.8,150875.65981489985,153859.84066337522,39.57749341710264,-2984.180848475371,-96.79784467483273,3095.6404094529935,1.5479468166544506,-0.14783576407192645,-0.17231766981454089,False,False,-3,DOWN,0.04151488074781762,False
20231011,145920.0,0.002955529589662609,143872.0,157379.0,149284.8,150113.25061260758,153271.70431794,40.216282540548725,-3158.4537053324166,-709.1290168063496,2905.237523063494,0.8094658110170068,-0.1351351351351351,-0.16987143019683693,False,False,-4,DOWN,0.006578947368421018,False
20231014,141750.0,-0.028577302631578982,142912.0,156115.0,149539.0,148826.59667220642,152418.24473883334,36.21748557597215,-3591.64806662692,-1285.6328267704637,2995.57769998753,0.9032155660775597,-0.15135005687601033,-0.19359426555922177,False,False,-4,DOWN,0.061375661375661306,False
20231015,142060.0,0.002186948853615478,143470.0,154896.0,149901.6,147785.58179955927,151650.9673507716,36.7212133483148,-3865.3855512123264,-1801.5833716588363,2803.7507214169923,0.9431844206015817,-0.14647921172794998,-0.1918306974627375,False,False,-4,DOWN,0.07180064761368432,False
20231016,147800.0,0.04040546248064203,144604.0,153947.0,150345.8,147787.79998424245,151365.7105099737,45.33062117950256,-3577.9105257312476,-2156.8488024733188,3013.48281274435,1.4916690769376928,-0.11380261422232885,-0.1591762430310616,False,False,-4,DOWN,0.00047361299052783856,False
20231017,151530.0,0.02523680649526394,145812.0,152917.0,150743.4,148363.52306358976,151377.8801018275,50.083341574820686,-3014.3570382377366,-2328.350449626202,3064.6626118340396,1.8242093626024831,-0.11967698832277929,-0.13795653657981566,False,False,-1,NEUTRAL,-0.038078268329703735,
20231018,146880.0,-0.03068699267471786,146004.0,151725.0,150929.2,148135.2887461144,151044.70379798842,44.848809667382206,-2909.415051874006,-2444.563370075763,3177.9009967030365,1.1728433048484035,-0.13964386129334583,-0.1644100580270793,False,False,-4,DOWN,-0.007216775599128589,True
20231021,150450.0,0.02430555555555558,147744.0,150867.5,151199.8,148491.3981697891,151000.65166480409,49.23557099518929,-2509.253495014971,-2457.501395063605,3205.9080683671054,1.8448245254173508,-0.10232696897374705,-0.1441005802707931,False,False,-3,DOWN,-0.08913260219341979,True
20231022,152260.0,0.012030574941841232,149784.0,150192.0,151503.0,149071.18306674462,151093.93672667045,51.348478961955784,-2022.753659925831,-2370.55184803605,3106.2003491980263,1.6691670025895564,-0.08149846172407549,-0.1338036181590625,False,False,3,UP,-0.07631682648101934,False
20231023,147870.0,-0.02883226060685673,149798.0,149406.5,151766.8,148886.38567186083,150855.12659876895,46.313482786201014,-1968.7409269081254,-2290.1896638104654,3197.9003242553104,1.147950096452487,-0.0960386355300159,-0.15877801797701674,False,False,-2,DOWN,-0.023263677554608786,True
20231024,145760.0,-0.014269290593088568,148644.0,148750.5,151944.4,148405.40326080532,150477.70981367497,44.076408629866755,-2072.306552869646,-2246.6130416223014,3120.193158237074,0.8774828052116217,-0.0825780463242699,-0.17078165889179653,False,False,-2,DOWN,-0.031421514818880336,True
20231025,145820.0,0.00041163556531276235,148432.0,148120.5,152256.6,148007.64891298913,150132.69427192127,44.15900853309512,-2125.0453589321405,-2222.299505084269,2901.6079326487115,0.5475392791799546,-0.07953541219542992,-0.17044032313118673,False,False,-2,DOWN,-0.04978740913454949,True
20231028,137040.0,-0.06021121931147988,145750.0,147030.0,152310.0,146320.3183109908,149162.86506659377,35.82118993453858,-2842.5467556029616,-2346.3489551880075,3321.493080316661,1.3904125097345632,-0.13729933899905566,-0.2203891227670952,False,True,-5,DOWN,0.05567717454757726,False
20231029,140640.0,0.02626970227670755,143426.0,146264.5,152408.0,145446.423186223,148531.54172832757,40.76019442428672,-3085.118542104581,-2494.102872571322,3341.386431722614,1.2148335518780728,-0.09817249118307148,-0.19990897713050404,False,False,-4,DOWN,0.03583617747440271,False
20231030,144430.0,0.02694823663253687,142738.0,145919.5,152631.4,145290.05038834253,148227.72382252553,45.51412749111599,-2937.6734341830015,-2582.816984893658,3373.4302580281415,1.0857442903773369,-0.045595717967356064,-0.1783479349186483,False,False,-4,DOWN,0.02471785640102464,False
20231031,141180.0,-0.022502250225022502,141822.0,145373.5,152791.0,144657.73494398216,147705.67020604215,42.37386231074761,-3047.9352620599966,-2675.8406403269264,3364.6138110261313,0.8901509756280312,-0.07179487179487176,-0.19683695528501532,False,False,-4,DOWN,0.06233177503895737,False
20231101,138560.0,-0.018557869386598647,140370.0,144669.5,152944.6,143719.6218756772,147028.21315374275,39.97913478179407,-3308.591278065549,-2802.390767874651,3311.4271102385505,0.9475125253330707,-0.09224318658280928,-0.211741950164979,False,False,-4,DOWN,0.06870669745958424,False
20231104,144670.0,0.044096420323325614,141896.0,144575.5,153226.2,143865.83389480377,146853.53069790994,47.439230092418,-2987.6968031061697,-2839.451974920955,3511.3251737929395,1.2409032702051923,-0.01282838621630844,-0.1769825918762089,False,False,-2,DOWN,0.01976912974355427,False
20231105,145680.0,0.006981405958388143,142904.0,144896.0,153517.4,144144.93637252628,146766.60249806478,48.577025472148094,-2621.666125538497,-2795.8948050444633,3332.659089950587,1.2987980460386608,0.046025705464206146,-0.17123677323927633,False,False,0,NEUTRAL,0.007482152663371711,
20231106,148000.0,0.015925315760571213,143618.0,145189.5,153887.2,144738.0230844453,146857.9652759859,51.1907275113911,-2119.9421915405837,-2660.7042823436873,3260.326297811259,1.320689648604017,0.04130021811018092,-0.1580384571623621,False,False,0,NEUTRAL,-0.005472972972973,
20231107,149980.0,0.013378378378378297,145378.0,145414.0,154183.0,145544.48107145372,147089.22710739434,53.36911162099151,-1544.746035940625,-2437.512633063075,3168.874419396169,1.5186737403725274,0.03086122757577847,-0.14677437706223684,False,False,1,NEUTRAL,-0.03547139618615813,
20231108,148080.0,-0.012668355780770746,147282.0,145522.0,154251.8,145934.56090661467,147162.61769203178,51.01616006088537,-1228.0567854171095,-2195.621463533882,3078.240532296443,1.0297561295560402,0.014802631578947345,-0.1575833428148823,False,False,0,NEUTRAL,-0.030524041058887064,
20231111,147530.0,-0.003714208535926522,147854.0,145811.0,154079.0,146180.0130748278,147189.83119632571,50.32449441522796,-1009.8181214979268,-1958.4607951266912,2897.651922846697,0.699282890031255,0.04077601410934739,-0.16071225395380584,False,False,0,NEUTRAL,-0.03714498746017758,
20231112,146770.0,-0.005151494611265517,148072.0,146046.5,153792.0,146270.78029408504,147158.73258919048,49.32925272226826,-887.9522951054387,-1744.3590951224407,2744.9624997862184,0.5900254012773349,0.033155004927495346,-0.16503584025486406,False,False,0,NEUTRAL,-0.030047012332220513,
20231113,147190.0,0.0028616202221163345,147910.0,146016.0,153505.6,146412.19871037966,147161.04869369487,49.91870020084274,-748.8499833152164,-1545.2572727609959,2578.8937498014884,0.792353095411623,-0.004127198917456054,-0.16264648993059505,False,False,0,NEUTRAL,-0.044500305727291245,
20231114,144660.0,-0.017188667708404104,146846.0,145672.5,153174.0,146142.62967801356,146975.78582749527,46.41593652917031,-833.1561494817142,-1402.8370481051395,2575.4013391013823,0.5326614064991482,-0.04533755691942187,-0.17703948116964385,False,False,-2,DOWN,-0.022742983547628937,True
20231115,143560.0,-0.00760403705239876,145942.0,145506.5,152807.0,145745.30203524226,146722.76465508822,44.93944117984361,-977.4626198459591,-1317.7621624533035,2470.015529165569,0.4648149665585015,-0.022603485838779913,-0.18329730344749118,False,False,-2,DOWN,-0.007453329618278048,True
20231118,142050.0,-0.010518250208971902,144846.0,145086.5,152337.6,145176.79402982036,146376.6339398965,42.92105484101433,-1199.8399100761453,-1294.177711977872,2401.4429913680287,0.4039562271553413,-0.05583250249252247,-0.19188758675617246,False,False,-2,DOWN,-0.002745512143611406,True
20231119,142360.0,0.002182330165434676,143964.0,144591.5,151747.4,144743.4411021557,146079.1054999042,43.48227176243718,-1335.6643977485073,-1302.4750491319992,2252.0542062703125,0.48821380099198486,-0.06502035991067912,-0.1901240186596882,False,False,-4,DOWN,-0.006673222815397617,True
20231120,140640.0,-0.012082045518404083,142654.0,144230.0,151044.6,144112.1424710548,145676.2087962076,41.06945052224918,-1564.0663251527876,-1354.7933043361568,2214.0503343938617,0.48518827737615433,-0.0488942990464597,-0.19990897713050404,False,False,-4,DOWN,0.0027730375426622267,False
20231121,141370.0,0.005190557451649536,141996.0,144010.5,150457.4,143690.27439858482,145357.2303668589,42.527106638597644,-1666.9559682740655,-1417.2258371237385,2108.0467390800145,0.5120949410500444,-0.030118002195389737,-0.19575605870975088,False,False,-4,DOWN,0.0038197637405390505,False
20231122,142490.0,0.007922472943340253,141782.0,143844.0,149932.8,143505.61679880254,145144.84293227675,44.783742082957865,-1639.226133474207,-1461.6258963938321,2037.4719720028704,0.5676104303937666,-0.02283637361130164,-0.18938445784503355,False,False,-4,DOWN,0.018106533791845125,False
20231125,141660.0,-0.0058249701733454895,141704.0,144075.0,149425.4,143221.6757528329,144886.7064187748,43.42303917383517,-1665.0306659418857,-1502.3068503034428,1951.2239740026653,0.41212463461404947,0.03371278458844129,-0.19410626920013652,False,False,-4,DOWN,0.04708456868558519,False
20231126,141410.0,-0.001764788931243877,141514.0,144113.5,148924.8,142942.95640624323,144629.17260997664,42.9992494631005,-1686.2162037334056,-1539.0887209894354,1829.7079758596176,0.3615232586767238,0.005474971558589337,-0.19552850153601087,False,False,-4,DOWN,0.04893571883176584,False
20231127,141030.0,-0.0026872215543455313,141592.0,143943.5,148409.8,142648.65542066735,144362.56723145983,42.32311038026531,-1713.9118107924878,-1574.053338950046,1726.157406155359,0.3682340473789562,-0.023540815620023525,-0.19769029468653998,False,False,-4,DOWN,0.003687158760547371,False
20231128,141910.0,0.006239807133234132,141700.0,143980.0,147805.4,142535.01612518006,144180.89558468503,44.49959246164323,-1645.8794595049694,-1588.418563061031,1665.7175914299762,0.8991500211322881,0.005170704065731613,-0.19268403686426216,False,False,-4,DOWN,0.0030300894933408262,False
20231129,145070.0,0.022267634416179183,142216.0,144305.5,147292.4,142925.0136443831,144246.75517100465,51.56733505593926,-1321.7415266215394,-1535.0831557731326,1772.452049184978,1.9774624456382803,0.04698325635103928,-0.1747070201388099,False,False,1,NEUTRAL,-0.01240780312952372,
20231202,148330.0,0.022471910112359605,143550.0,144488.5,146907.0,143756.55000678572,144549.21775093026,57.57034730796583,-792.6677441445354,-1386.6000734474133,1878.7054742431937,1.7585898800062605,0.025298956245247695,-0.15616111047900783,False,False,3,UP,-0.039439088518843146,False
20231203,148330.0,0.0,144934.0,144621.0,146558.2,144460.15769804944,144829.2756953058,57.57034730796583,-369.11799725636956,-1183.1036582092045,1744.5122260829655,0.0,0.01819055464030761,-0.15616111047900783,False,False,2,UP,-0.039169419537517736,False
20231204,141550.0,-0.045708892334659246,145038.0,144298.5,146117.6,144012.44112911876,144586.36638454243,44.32035668363982,-573.9252554236737,-1061.2679776520984,2104.1899242198965,2.460668672181659,-0.04358108108108105,-0.1776564224713879,False,False,-3,DOWN,0.011232779936418247,False
20231205,142340.0,0.005581066760861786,145124.0,143916.5,145786.8,143755.14249386973,144419.96887457633,45.88325411107759,-664.826380706596,-981.979658262998,2010.3192153470468,2.1948217015007234,-0.05094012535004666,-0.17306686806483473,False,False,-1,NEUTRAL,0.0008430518476887361,
20231206,143270.0,0.006533651819586872,144764.0,143676.0,145483.8,143680.50518712055,144334.78599497807,47.74285709323394,-654.2808078575181,-916.4398881819021,1933.153557107972,2.4774959396979495,-0.032482441923284755,-0.1676639749026898,False,False,-1,NEUTRAL,-0.0149368325539192,
20231209,142480.0,-0.005514064354016912,143594.0,143423.5,145156.4,143495.81208140968,144197.3944397945,46.287787359380324,-701.582358384825,-873.4683822224868,1851.4997316002596,1.303636184741856,-0.034230326035382674,-0.17225352930924298,False,False,-2,DOWN,-0.0014738910724312326,True
20231210,142520.0,0.0002807411566536633,142432.0,143211.0,144887.8,143345.6871458082,144073.1429998097,46.376901145089704,-727.4558540015132,-844.2658765782921,1722.1068936288125,1.1765179897563978,-0.02895687129522384,-0.17202114680764535,False,False,-2,DOWN,0.021681167555430925,False
20231211,143140.0,0.004350266629244981,142750.0,143008.5,144724.0,143314.04296953,144004.02129612007,47.821929105377144,-689.9783265900624,-813.4083665806462,1643.3849726553258,1.9839154080614758,-0.027515456213057954,-0.16841921803288218,False,False,1,NEUTRAL,0.037865027246052785,
20231212,142460.0,-0.004750593824228044,142774.0,142898.5,144531.2,143182.65174344846,143889.64934825932,46.34674742600196,-706.9976048108656,-792.1262142266902,1574.5717603228024,0.7809757474781768,-0.015208074104797409,-0.1655342080599812,False,False,-2,DOWN,0.033132107258177834,False
20231213,141130.0,-0.009335953951986498,142346.0,142777.0,144301.0,142866.85916753332,143685.2308780179,43.519097073626526,-818.3717104845855,-797.3753134782694,1557.1023488711737,0.613979990090542,-0.01692672053496791,-0.15793556085918858,False,False,-4,DOWN,0.04258485084673702,False
20231216,142270.0,0.008077658896053386,142304.0,142788.0,144215.4,142775.0346802205,143580.39896112768,46.53037918011587,-805.3642809071753,-798.9731069640507,1527.3093239518041,1.155079222281544,0.0015487504399858132,-0.14176268323580865,False,False,-4,DOWN,0.025936599423631135,False
20231218,145610.0,0.023476488367189186,142922.0,142950.5,144342.2,143211.1831909558,143730.73977882194,54.22981311944953,-519.5565878661291,-743.0898031444664,1656.787229383818,2.501717792864324,0.022829446473728643,-0.10985450544076292,False,False,3,UP,0.0008927958244626666,True
20231219,148560.0,0.020259597555112974,144006.0,143346.5,144470.8,144034.0780846549,144088.46275816846,59.74356520940949,-54.38467351355939,-605.348777218285,1749.1595701421168,2.3132092058348315,0.056313993174061494,-0.06495468277945615,True,False,4,UP,-0.03217555196553579,False
20231220,147180.0,-0.009289176090468532,144950.0,143637.0,144504.6,144518.06607163107,144317.46551682265,56.325269856065134,200.6005548084213,-444.1589108129438,1722.79102941768,0.9914358030669859,0.04109782839357723,-0.07346553352219076,False,False,4,UP,-0.020654980296235914,False
20231223,147140.0,-0.00027177605652939363,146152.0,143869.5,144529.0,144921.44052214938,144526.54214520616,56.22485167379138,394.8983769432234,-276.34745326171037,1602.59167017356,0.7436952744138617,0.032633869043441566,-0.07371734340572866,False,False,4,UP,-0.015087671605273911,False
20231224,145960.0,-0.008019573195595986,146890.0,144084.5,144613.2,145081.21890335716,144632.72420852422,53.21103073715422,448.49469483294524,-131.37902364277926,1572.4065508754486,0.49231053383313217,0.030354369617393795,-0.06405899326707276,False,False,4,UP,-0.014730063030967355,False
20231225,145740.0,-0.0015072622636338462,146916.0,144301.0,144686.8,145182.5698413022,144714.74463752244,52.64444319573376,467.8252037797647,-11.538178158270469,1475.8060829557737,0.6525341273979895,0.030620182448200195,-0.04520440251572322,False,False,4,UP,-0.015438452037875638,False
20231226,143780.0,-0.013448607108549449,145960.0,144438.5,144606.4,144966.78986571723,144645.50429400225,47.76476616023367,321.2855717149796,55.026571816379544,1510.391362744647,0.5372937628604493,0.019499397291356413,-0.0580450733752621,False,False,0,NEUTRAL,-0.011267213798859421,
20231227,144140.0,0.002503825288635353,145352.0,144550.0,144458.6,144839.59142483765,144608.05953148357,48.7052313609724,231.53189335408388,90.32763612392041,1428.2205511200295,0.46650968880388965,0.01571418504686073,-0.05568658280922434,False,False,0,NEUTRAL,-0.01387539891771894,
20231230,144920.0,0.005411405577910422,144908.0,144542.5,144419.4,144851.9619748626,144631.16623285515,50.773262282884744,220.7957420074672,116.42125730062978,1381.9190831828844,0.5942326943068459,-0.001033983594126986,-0.04820701431761465,False,False,4,UP,-0.0183549544576318,False
20231231,143810.0,-0.0076593982887109835,144478.0,144316.5,144286.6,144691.66013257604,144570.3391044955,47.81868956826628,121.32102808053605,117.40121145661104,1362.4962915269641,0.46262762360951004,-0.03047259488977283,-0.05549717588335745,False,False,0,NEUTRAL,-0.009248313747305503,
20240101,143490.0,-0.002225158194840371,144028.0,144074.5,144111.2,144506.78934294896,144490.31398564397,46.97010941731543,16.475357304996578,97.21604062628815,1288.0322707036096,0.34416904381708296,-0.032629946740376226,-0.0575988440824905,False,False,-2,DOWN,0.004739006202522766,False
20240102,142160.0,-0.009268938601993182,143704.0,144105.0,143997.0,144145.74482864913,144317.6981348555,43.513829924695905,-171.9533062063856,43.3821712597534,1291.0299656533518,0.4822870846365124,0.004309431296361632,-0.06633390253513727,False,False,-4,DOWN,0.01871131119864944,False
20240103,142140.0,-0.00014068655036580946,143304.0,144095.0,143924.6,143837.16870116463,144156.38716190323,43.462038195668654,-319.2184607386007,-29.137955139917423,1200.2421109638267,0.4794451560243299,-0.001405086412814338,-0.06646525679758308,False,False,-4,DOWN,0.029266919938089275,False
20240106,142260.0,0.0008442380751372269,142772.0,144044.5,143853.4,143594.52736252392,144015.9140387993,43.8935392956436,-421.38667627537507,-107.58769936700895,1123.0819601806963,0.5463454717087043,-0.0070496265791861745,-0.06567713122290819,False,False,-4,DOWN,0.042808941374947285,False
20240107,142480.0,0.001546464220441468,142506.0,144044.5,143962.2,143423.06161444332,143902.14262851787,44.72642504568698,-479.0810140745598,-181.88636230851913,1058.5761058820751,0.5143098030291559,0.0,-0.06423223433600422,False,False,-4,DOWN,0.054884896125771965,False
20240108,144170.0,0.011861313868613221,142642.0,144127.0,144032.8,143537.97521222127,143921.98391529435,50.77194851574537,-384.00870307307923,-222.31083046143115,1103.677812604784,1.3033544934812626,0.011577322481055363,-0.053132799159332667,False,False,0,NEUTRAL,0.024762433238537884,
20240109,144820.0,0.004508566275924331,143174.0,144211.0,144040.6,143735.20979495643,143988.50362527254,52.90547535254512,-253.29383031610632,-228.5074304323662,1071.2722545615852,1.1443740522984638,0.011736761212798763,-0.048863785629843726,False,False,0,NEUTRAL,0.006490816185609649,
20240110,146300.0,0.010219582930534488,144006.0,144403.0,144143.0,144129.79290342468,144159.72557895607,57.429521608420174,-29.932675531395944,-188.79247945217213,1100.467093521472,1.1905972491469754,0.026954934718517398,-0.039143570208853284,False,False,2,UP,-0.0017771701982228771,False
20240113,148350.0,0.014012303485987587,145224.0,144764.0,144338.8,144779.05553366704,144470.11627681117,62.765122940538745,308.93925685586873,-89.24613219056394,1168.2908725556524,1.4366158290536095,0.05115850634167085,-0.025679758308157052,False,False,4,UP,-0.059116953151331364,False
20240114,150300.0,0.013144590495449915,146788.0,145165.5,144451.4,145628.4316054106,144901.95951556592,67.00184464983163,726.4720898446685,73.89751221648255,1224.1272388016773,1.8183959246295247,0.05644197652351157,-0.012872717719690008,True,False,6,UP,-0.08409846972721224,False
20240115,147740.0,-0.017032601463739194,147502.0,145272.0,144492.6,145953.28828150127,145112.18473663513,57.717015490747535,841.1035448661423,227.33871874641454,1319.5467217444145,1.0170497812949593,0.014628116200810393,-0.017032601463739194,False,False,4,UP,-0.0684987139569514,False
20240116,145760.0,-0.013401922295925295,147690.0,145132.0,144447.8,145923.55162280877,145160.17105243995,51.74445098140751,763.3805703688122,334.5470890708941,1366.721955905528,1.192482132469255,-0.018847603661820145,-0.030206254158349988,False,False,4,UP,-0.0778677277716795,False
20240117,146040.0,0.0019209659714598537,147638.0,145075.0,144369.0,145941.46675776126,145225.34356707404,52.493121960925826,716.1231906872126,410.8623093941578,1289.098959055133,0.5921787306574862,-0.0077456176110884956,-0.028343313373253465,False,False,4,UP,-0.06717337715694327,False
20240120,139580.0,-0.04423445631333878,145884.0,144697.0,144199.0,144962.77956425952,144807.16996951302,37.88801454530833,155.6095947464928,359.81176646462484,1658.449033408338,3.1542302506467164,-0.05137963843958138,-0.07132401862940785,False,True,-4,DOWN,-0.019487032526149917,True
20240121,137660.0,-0.013755552371399915,143356.0,144282.0,144001.6,143839.2750159119,144277.74997177132,34.789824954749335,-438.4749558594194,200.154421999816,1677.1312453077423,1.7905351758233294,-0.05686489449164156,-0.08409846972721224,False,True,-6,DOWN,-0.013438907453145466,True
20240122,137620.0,-0.00029057097195994697,141332.0,143876.0,143818.6,142882.46347500238,143784.58330719566,34.72611522088444,-902.1198321932752,-20.30042883880222,1560.1932992143322,0.9212268361440138,-0.05571565802113354,-0.08436460412508318,False,True,-5,DOWN,-0.025723005377125463,True
20240123,134410.0,-0.023325098096206975,139062.0,143407.5,143563.0,141579.00755577124,143090.16972888485,29.981163908864417,-1511.162173113611,-318.472777693764,1678.036634984737,1.2560791232674928,-0.0651690082069829,-0.1057218895542249,False,True,-4,DOWN,-0.019120601145748095,True
20240124,136230.0,0.013540659177144532,137100.0,143012.0,143394.4,140756.0833164218,142582.00900822674,35.373044833662874,-1825.925691804936,-619.9633605159984,1688.17687534297,0.8030986029188649,-0.05487720271957819,-0.09361277445109784,False,False,-4,DOWN,-0.018131101813110173,True
20240127,136860.0,0.004624532041400675,136556.0,142609.0,143260.4,140156.68588312613,142158.15648909885,37.17648396558001,-2001.4706059727177,-896.2648096073423,1612.592812818472,0.5549143023927097,-0.05561689207838805,-0.08942115768463077,False,False,-4,DOWN,-0.01724389887476252,True
20240128,135810.0,-0.00767207365190703,136186.0,142209.0,143135.6,139487.9649780298,141687.92267509154,35.403256542670064,-2199.9576970617345,-1157.0033870982206,1572.4076119028668,0.6768718593310002,-0.05562895487101038,-0.09640718562874251,False,False,-4,DOWN,-0.015536411162653696,True
20240129,134080.0,-0.012738384507768208,135478.0,141738.5,142970.0,138655.97036602523,141124.37284730698,32.640782682033546,-2468.4024812817515,-1419.2832059349269,1583.6642110526623,0.6343271354602993,-0.06557948289079374,-0.10791749833665998,False,True,-5,DOWN,-0.0020883054892600894,True
20240130,131840.0,-0.01670644391408116,134964.0,141222.5,142794.0,137607.3595404829,140436.64152528424,29.437851058643048,-2829.281984801346,-1701.2829617082107,1630.5453388346148,0.6699797931532405,-0.07259425998874502,-0.12282102461743183,False,True,-4,DOWN,0.01145327669902918,False
20240131,133760.0,0.014563106796116498,134470.0,140803.5,142641.8,137015.45807271628,139942.0754863743,35.298421288517304,-2926.6174136580084,-1946.3498520981702,1651.2206717749993,1.150471608243766,-0.05895595891374705,-0.11004657351962743,False,False,-4,DOWN,-0.0023923444976076125,True
20240203,134500.0,0.0055322966507176385,133998.0,140415.5,142482.0,136628.46452306764,139538.9587836799,37.45457058499506,-2910.494260612264,-2139.178733800989,1586.133480933928,0.75684437449346,-0.05454801068466186,-0.1051230871590153,False,False,-4,DOWN,-0.004609665427509291,True
20240204,133700.0,-0.005947955390334547,133576.0,139976.5,142322.8,136177.93151951878,139106.44331822213,36.055689781134475,-2928.5117987033445,-2297.0453467814605,1529.9810894386476,0.4264496666407344,-0.06162268388545766,-0.11044577511643383,False,False,-4,DOWN,-0.007703814510097273,True
20240205,133800.0,0.0007479431563202077,133520.0,139458.0,142170.6,135812.09590113128,138713.37344279827,36.37557520693013,-2901.27754166699,-2417.8917857585666,1427.8395830501727,0.43135007322779323,-0.07192897274051469,-0.1097804391217565,False,False,-4,DOWN,-0.013602391629297439,True
20240206,133350.0,-0.0033632286995515237,133822.0,138884.5,142017.0,135433.31191634186,138316.0865211095,35.5145883360635,-2882.7746047676483,-2510.868349560383,1357.993898546589,0.3569168840220134,-0.079201767711642,-0.11277445109780437,False,False,-4,DOWN,-0.025196850393700787,True
20240207,133440.0,0.0006749156355454478,133758.0,138241.5,141847.6,135126.64854459697,137954.89492695325,35.84166864452848,-2828.246382356272,-2574.343956119561,1267.4229057932612,0.46676559908333937,-0.08790157211209848,-0.11217564870259478,False,False,-4,DOWN,-0.040467625899280546,True
20240210,133880.0,0.003297362110311841,133634.0,137518.0,141623.8,134934.85646081282,137653.05085829005,37.51043402205274,-2718.1943974772294,-2603.114044391095,1208.3212696651713,0.5166520770806954,-0.0975396022918773,-0.10924817032601464,False,False,-4,DOWN,-0.02942933970720052,True
20240212,132670.0,-0.009037944427845779,133428.0,136636.5,141310.6,134586.41700530314,137283.9359798982,34.82766113860791,-2697.518974595063,-2621.9950304318886,1208.4411789748021,0.46772272079817234,-0.1172987358616101,-0.1172987358616101,False,False,-4,DOWN,-0.010703248662093934,True
20240213,131980.0,-0.005200874349890694,133064.0,135848.5,140983.6,134185.42977371803,136891.0518332391,33.36232735687574,-2705.6220595210616,-2638.720436249723,1171.4096661908877,0.40040075215105414,-0.10667388655746579,-0.12188955422488357,False,False,-4,DOWN,-0.01613880891044095,True
20240214,129990.0,-0.015078042127595115,132392.0,135060.0,140752.4,133539.97903929988,136379.86280855472,29.506491850607006,-2839.8837692548404,-2678.9531028507467,1229.88040432011,0.5939328977852104,-0.10819154774972561,-0.1351297405189621,False,True,-4,DOWN,-0.007615970459266097,True
20240217,128040.0,-0.015001153934918077,131312.0,134160.0,140466.4,132693.82841786914,135762.09519310622,26.29898650178528,-3068.266775237076,-2756.815837328013,1281.317518297245,0.6567041611902259,-0.12325390304026296,-0.1481037924151697,False,True,-4,DOWN,-0.003358325523273975,True
20240218,129940.0,0.014839112777257135,130524.0,133678.0,140199.8,132270.16250742774,135330.82888250577,33.84497786557188,-3060.666375078028,-2817.585944878016,1325.509124133156,0.9633714304487707,-0.06906433586473704,-0.13546240851630076,False,False,-4,DOWN,-0.03416961674619057,True
20240219,131250.0,0.010081576112051627,130240.0,133357.5,139975.2,132113.21442936195,135028.54526157942,38.518953789762364,-2915.3308322174707,-2837.1349223459074,1324.4013295522163,0.7254484297604392,-0.0465639982565742,-0.12674650698602796,False,False,-4,DOWN,-0.03276190476190477,True
20240220,129850.0,-0.010666666666666713,129814.0,132969.0,139721.8,131765.02759407548,134644.94931627723,35.622358961302425,-2879.921722201747,-2845.6922823170758,1329.801234584201,0.7130271415379756,-0.05645981688708035,-0.13606121091151036,False,False,-4,DOWN,-0.00693107431651907,True
20240221,129000.0,-0.006546014632268005,129616.0,132698.5,139439.0,131339.6387334485,134226.8049224789,33.952936755056896,-2887.166189030424,-2853.9870636597457,1295.5297178281867,0.40287559945996293,-0.040249981400193424,-0.14171656686626743,False,False,-4,DOWN,0.05418604651162795,False
20240224,127610.0,-0.0107751937984496,129530.0,132267.5,139142.0,130765.84815907181,133736.67122451751,31.36436302051692,-2970.8230654457,-2877.3542640169367,1302.2775951261733,1.196589663501035,-0.06327534316963956,-0.1509647371922821,False,True,-5,DOWN,0.13086748687406935,False
20240226,125500.0,-0.016534754329597945,128642.0,131699.5,138829.4,129955.71767306078,133126.54743010883,27.88851396874861,-3170.82975704805,-2936.0493626231596,1359.972052617161,0.9345357620352356,-0.08300453017682308,-0.16500332667997342,False,True,-4,DOWN,0.13266932270916332,False
20240227,126950.0,0.011553784860557803,127782.0,131256.5,138523.0,129493.29956951296,132669.02539824892,33.3544648632914,-3175.725828735958,-2983.9846558457193,1366.4026202873636,0.8242446258305914,-0.06523820042706718,-0.15535595475715236,False,False,-4,DOWN,0.18653012997243001,False
20240228,128950.0,0.01575423395037423,127602.0,131000.0,138189.8,129409.71502035714,132393.54203541565,40.09886053474669,-2983.827015058516,-2983.953127688279,1411.6595759811232,0.9297452642154359,-0.038260739856801895,-0.1420492348636061,False,False,-2,DOWN,0.15796820473051576,False
20240302,135990.0,0.0545948041876696,129000.0,131207.5,137938.4,130422.06655568682,132659.94632908856,56.706890180121995,-2237.8797734017426,-2834.7384568309717,1813.6838919824716,3.354663347907562,0.03147754854368934,-0.09520958083832332,True,False,2,UP,0.08566806382822256,True
20240303,144310.0,0.061180969188910916,132340.0,131735.0,137881.0,132558.67170096576,133522.9132676746,67.99913135888906,-964.2415667088353,-2460.6390788065446,2278.4207568408665,3.7540282469205004,0.07887260765550241,-0.039853626081171045,True,False,4,UP,0.009146975261589585,True
20240304,142150.0,-0.014967777700783058,135670.0,132117.5,137781.2,134034.26067004795,134161.95672932832,63.377338595207775,-127.69605928036617,-1994.0504749013091,2269.9621313522334,2.1201021625252063,0.056877323420074344,-0.05422488356620092,False,False,1,NEUTRAL,0.03214913823425958,
20240305,150630.0,0.059655293703833934,140406.0,132964.0,137874.6,136587.4513361944,135381.8117864151,71.55223180791135,1205.6395497792982,-1354.1124699651878,2713.536264827074,4.109490985906574,0.1266267763649962,0.0,True,False,5,UP,-0.02436433645356173,False
20240306,149320.0,-0.008696806745004282,144480.0,133740.0,137946.2,138546.30497677988,136414.27017260657,68.99022730257701,2132.0348041733087,-656.8830151374884,2613.2836744822825,1.8793622984113167,0.11599402092675626,-0.008696806745004282,False,False,3,UP,-0.03515938923118134,False
20240309,147640.0,-0.011251004553977983,146810.0,134454.5,138023.4,139945.3349803522,137245.80571537645,65.73932003236885,2699.5292649757466,14.399440885158583,2546.620554876405,1.136616071455019,0.10716160479940018,-0.019849963486689215,False,False,4,UP,-0.027228393389325367,False
20240310,145630.0,-0.013614196694662684,147074.0,135064.0,138053.2,140819.89882952877,137866.8571438671,61.97648313887229,2953.0416856616794,602.1278898404628,2508.2905152423764,0.855067023084698,0.09135191846522783,-0.03319391887406231,False,False,4,UP,-0.0028840211494883805,False
20240311,146720.0,0.0074847215546247625,147988.0,135706.0,138089.2,141727.60670190895,138522.64550358066,63.20640503401332,3204.9611983282957,1122.6945515380294,2406.984049867921,1.1621212015017952,0.09590678219300863,-0.025957644559516657,False,False,4,UP,0.01703925845147225,True
20240312,146960.0,0.0016357688113413094,147254.0,136420.5,138152.2,142532.59028623067,139147.63472553765,63.486463416634344,3384.9555606930226,1575.146753369028,2252.199474877355,0.936739585718353,0.1077108615361424,-0.02436433645356173,False,False,4,UP,0.05225911812738171,True
20240313,144070.0,-0.019665215024496474,146204.0,137025.0,138163.8,142769.11485757979,139512.2543754978,57.782891666230405,3256.8604820819746,1911.4894991116173,2297.756655243258,0.5747742667767209,0.09160478860433408,-0.04355042156276967,False,False,4,UP,0.07385298813076968,True
20240316,143620.0,-0.0031234816408690635,145400.0,137706.5,138193.0,142900.02026410596,139816.53182916463,56.92531963868334,3083.4884349413333,2145.8892862775606,2165.7740370115966,0.526063052688341,0.10485421955535035,-0.0465378742614353,False,False,4,UP,0.05765213758529453,True
20240317,145210.0,0.0110708814928282,145316.0,138565.0,138254.4,143255.4017619358,140216.04798996725,59.2278443625058,3039.353771968541,2324.582183415757,2124.647320082197,0.5391599332250852,0.1340987191502656,-0.03598220805948349,False,False,4,UP,0.0526134563735281,True
20240318,149220.0,0.02761517801804292,145816.0,139529.0,138393.6,144173.0322600995,140883.00739811783,64.39680415243566,3290.024861981685,2517.6707191289424,2259.3153686477544,1.168777853224236,0.14837617361859312,-0.009360685122485557,False,False,4,UP,0.024795603806460287,True
20240324,154640.0,0.036322208819193236,147352.0,140698.5,138636.8,145783.33498931496,141902.04388714614,69.94331813575725,3881.2911021688196,2790.3947957369182,2485.078556601486,1.7589576945433674,0.17820952380952382,0.0,True,False,6,UP,-0.04002845318158299,False
20240325,154710.0,0.00045266425245737985,149480.0,141941.5,138847.6,147156.6680678819,142850.78137698717,70.00830350610812,4305.886690894724,3093.4931747684795,2312.572945415666,1.0885086225453104,0.19145167500962645,0.0,True,False,4,UP,-0.037166311162820764,False
20240326,151900.0,-0.018163014672613276,151136.0,143086.5,138989.2,147886.4114420539,143521.09386758073,64.02404134065738,4365.317574473185,3347.858054709421,2348.1034493145467,0.5925798144076404,0.17751937984496124,-0.018163014672613276,False,False,4,UP,-0.04430546412113234,False
20240327,152850.0,0.006254114549045342,152664.0,144348.5,139120.2,148650.0404509687,144212.12395146364,65.10988046009919,4437.916499505052,3565.8697436685475,2248.2389172206504,0.4968523530421885,0.1977901418384138,-0.012022493697886327,False,False,4,UP,-0.04095518482172067,False
20240330,152920.0,0.00045796532548258995,153404.0,145719.5,139211.6,149306.95730466582,144857.15180691078,65.19324392863221,4449.805497755035,3742.656894485845,2092.650423133461,0.5451242299875075,0.2184860557768924,-0.011570034257643358,False,False,4,UP,-0.023541721161391527,False
20240402,148450.0,-0.029230970442061244,152166.0,146794.5,139174.6,149175.11771933263,145123.28871010258,55.99296579427806,4051.829009230045,3804.4913174346852,2262.461107195357,0.8059322866449453,0.16935801496652236,-0.04046280137030578,False,False,4,UP,-0.0037723139104075543,False
20240403,148960.0,0.0034355001684067688,151016.0,147795.0,139199.0,149142.02268558915,145407.48954639127,56.74303569769879,3734.5331391978834,3790.4996817873252,2137.28531382426,0.6073762921035261,0.15517642497091888,-0.037166311162820764,False,False,2,UP,-0.05874060150375937,False
20240406,145170.0,-0.02544307196562834,149670.0,148254.0,139187.2,148530.9422724216,145389.8977281401,49.932011572303516,3141.0445442815253,3660.608654286166,2255.336362836813,1.098539340004583,0.0675049636002647,-0.0616637579988365,False,False,0,NEUTRAL,-0.05255906867810156,
20240407,146590.0,0.0097816353241027,148418.0,148368.0,139198.2,148232.33576897215,145478.7941927223,52.244893628230805,2753.541576249845,3479.1952386789017,2195.6694797770406,0.9427109605699221,0.01579932090638203,-0.052485295068192106,False,False,0,NEUTRAL,-0.04304522818746159,
20240408,149320.0,0.018623371307729064,147698.0,148726.5,139393.0,148399.6687275918,145763.32795622436,56.41361772868412,2636.3407713674533,3310.6243452166123,2233.835945507252,0.9592539675607689,0.05043967639817093,-0.03483937689871375,False,False,2,UP,-0.07005089740155368,False
20240409,147890.0,-0.009576747923921825,147586.0,148589.5,139597.6,148321.25815411613,145920.85921872625,53.766035690337894,2400.3989353898796,3128.579263251266,2176.4190922567336,0.9967979194090554,-0.018190267542986138,-0.04408247689224998,False,False,0,NEUTRAL,-0.0427344648049226,
20240413,140210.0,-0.05193048887686791,145836.0,148134.0,139649.4,147073.3722842521,145497.8326099317,42.28748206896447,1575.5396743204037,2817.9713454650937,2569.5320142383957,1.3357303873012842,-0.061009911599249955,-0.09372374119320015,False,True,-1,NEUTRAL,0.08701233863490487,
20240414,137540.0,-0.019042864275016003,144310.0,147629.0,139712.0,145606.6996251364,144908.36352771454,39.15758686865425,698.3360974218522,2394.0442958564454,2576.708298935653,1.4972953070380446,-0.06840964508263347,-0.11098183698532738,False,True,-3,DOWN,0.13065290097426208,False
20240415,140280.0,0.019921477388396003,143048.0,147361.5,139793.0,144787.2073751154,144565.5217849209,43.75805753691293,221.68559019450913,1959.5725547240581,2588.371991868821,0.2241667118561456,-0.03673693607086448,-0.09327128175295718,False,False,0,NEUTRAL,0.1063587111491302,
20240416,138860.0,-0.010122611919019087,140956.0,146968.5,139833.0,143875.32931740533,144142.89054159343,41.98621538367723,-267.56122418810264,1514.145798941626,2504.9168495924764,1.0639744427136388,-0.0535714285714286,-0.10244974468360157,False,False,-4,DOWN,0.10254933026069413,False
20240417,141570.0,0.01951605934034273,139692.0,146699.0,139948.2,143520.66326857376,143952.30605703095,46.44325788329274,-431.64278845718945,1124.988081461863,2519.565646050157,0.6667664061232331,-0.03667664670658688,-0.08493310063990689,False,False,-2,DOWN,0.08617644981281347,False
20240420,152410.0,0.07656989475171283,142132.0,147116.0,140314.8,144888.25353494703,144578.8019046583,59.76046617483855,309.45163028873503,961.8807912272374,3113.8823856180024,2.2892685050611,0.05788852641077247,-0.014866524465128261,False,False,3,UP,0.005970736828292189,True
20240421,155510.0,0.020339872711764295,145726.0,147710.5,140788.2,146522.3683757244,145388.52028209102,62.62281602921925,1133.8480936333945,996.2742517084689,3112.890786645288,1.969196451038041,0.08278791254699902,0.0,True,False,6,UP,-0.035753327760272624,False
20240422,155200.0,-0.0019934409362741823,148710.0,148210.0,141217.0,147857.38862561295,146115.29655749167,62.14674381352424,1742.0920681212738,1145.4378149910299,2912.68430188491,1.1363064170864567,0.06879691481302941,-0.0019934409362741823,False,False,4,UP,-0.02847938144329898,False
20240423,153100.0,-0.013530927835051498,151558.0,148404.0,141589.0,148663.9442216725,146632.68199767746,58.88117389298851,2031.2622239950288,1322.6026967918297,2854.635423178845,0.6934439749569371,0.026001876424071924,-0.015497395665873603,False,False,4,UP,-0.024428478118876606,False
20240424,153770.0,0.0043762246897451895,153998.0,148360.5,141990.4,149449.4912644921,147161.3722200717,59.610380444931984,2288.1190444203967,1515.7059663175432,2698.5900358089275,0.6854652068895608,-0.005625969994826674,-0.011188991061668041,False,False,4,UP,-0.026207972946608593,False
20240427,153320.0,-0.0029264485920530436,154180.0,148291.0,142380.8,150044.95414687792,147617.56687043677,58.85542941536379,2427.38727644115,1698.0422283422647,2537.9764618225754,0.855172858173873,-0.008984551741968883,-0.014082695646582266,False,False,4,UP,-0.02876337072788937,False
20240428,149950.0,-0.021980172188886038,153068.0,148193.5,142712.8,150030.34581658902,147790.33969484887,53.40101114010192,2240.0061217401526,1806.4350070218425,2597.4067145495346,0.6056219016407243,-0.012837393021724819,-0.035753327760272624,False,False,4,UP,-0.019673224408136014,False
20240429,150780.0,0.005535178392797491,152184.0,148090.0,143059.6,150145.67722942148,148011.79601374894,54.51896811711698,2133.8812156725326,1871.9242487519807,2471.1633777959964,0.8427667579325964,-0.013542688910696765,-0.030416050414764362,False,False,4,UP,-0.028651014723438117,False
20240430,149360.0,-0.009417694654463404,151436.0,147912.0,143369.2,150024.8038095105,148111.66297569347,52.21112346789459,1913.140833817015,1880.1675657649876,2396.0802793819967,0.5088048524599355,-0.02328014648182053,-0.03954729599382678,False,False,4,UP,-0.02597750401713983,False
20240501,149740.0,0.0025441885377610607,150630.0,147976.5,143710.6,149980.98783881657,148232.28053304952,52.78709314506515,1748.7073057670495,1853.8755137654002,2252.0745451404255,0.400231895476401,0.00868979454361729,-0.03710372323323263,False,False,2,UP,-0.03512755442767468,False
20240505,148910.0,-0.005542941097902987,149748.0,147974.0,144049.2,149816.22047899864,148282.48197504584,51.33183914111507,1533.7385039528017,1789.8481118028808,2150.4977919161092,0.5466207471189379,-0.0003356605800214352,-0.042441000578740895,False,False,2,UP,-0.03552481364582638,False
20240506,147000.0,-0.012826539520515712,149158.0,148065.5,144389.4,149382.95578992192,148187.48331022763,48.04910072212277,1195.47247969429,1670.9729853811627,2133.3193782078156,0.5053792334683977,0.012605910312047941,-0.05472316892804319,False,False,0,NEUTRAL,-0.045102040816326516,
20240507,146460.0,-0.003673469387755146,148294.0,148059.0,144757.8,148933.2702837801,148059.5215835441,47.13139213178272,873.7487002359994,1511.5281283521304,2019.5108511929716,0.44194376229942894,-0.000886827205130003,-0.058195614429940146,False,False,0,NEUTRAL,-0.03666530110610411,
20240508,145480.0,-0.006691246756793667,147518.0,147867.0,145068.6,148401.9979324293,147868.44591068896,45.435373440119584,533.5520217403537,1315.9329070297752,1945.2600761077592,0.5827203117645262,-0.02571658183766412,-0.06449745997041989,False,False,0,NEUTRAL,-0.03210063238933192,
20240511,144480.0,-0.006873797085510058,146466.0,147696.5,145333.2,147798.6136351325,147617.4499173046,43.70702914008687,181.1637178279052,1088.9790691894013,1877.7414992429192,0.48139577568152625,-0.02305767800392189,-0.07092791460356251,False,False,-2,DOWN,-0.023255813953488413,True
20240512,143620.0,-0.005952380952380931,145408.0,147867.0,145608.6,147155.74999895826,147321.34251602276,42.21960951720341,-165.59251706450596,838.0647519386199,1805.045677868425,0.572448002102451,0.024320661864346338,-0.0764581055880651,False,False,-4,DOWN,-0.06496309706169057,True
20240513,140370.0,-0.022629160284083016,144082.0,148008.5,145836.0,146111.788460657,146806.42825557664,37.083518143191306,-694.6397949196398,531.523842566968,1908.256700877823,0.8379411441239947,0.020575832485095313,-0.0973570831457784,False,False,-4,DOWN,-0.043314098454085626,True
20240514,141090.0,0.005129301132720698,143008.0,148049.0,146105.6,145339.20562055593,146382.98912553393,38.85808110442755,-1043.783504977997,216.46237305797504,1823.381222243693,0.5201106340963683,0.0057741659538066425,-0.09272715580991575,False,False,-4,DOWN,-0.04989722871925717,True
20240515,140810.0,-0.001984548869515934,142074.0,148146.5,146411.8,144642.40475585504,145970.17511623513,38.40443355939709,-1327.770360380091,-92.38417362963816,1713.1397063691436,0.7046975065114016,0.014042920927552993,-0.09452768310719573,False,False,-4,DOWN,-0.07904268162772532,True
20240518,141120.0,0.0022015481854982255,141402.0,148124.0,146695.2,144100.49633187734,145610.9028854029,39.25004628845036,-1510.406553525565,-375.98864960882355,1612.9154416284905,0.7150842340113226,-0.0031786395422759295,-0.09253424217092143,False,False,-4,DOWN,-0.11663832199546487,True
20240519,134290.0,-0.04839852607709749,139536.0,147218.0,146802.0,142591.1892038962,144772.3174864842,29.606231144054362,-2181.1282825879753,-737.016576204654,1985.5643386550269,1.1573635557379311,-0.11888983662489339,-0.13645424731528522,False,True,-4,DOWN,-0.07238066870206272,True
20240520,134290.0,0.0,138320.0,146157.0,146768.0,141314.08317252755,143995.8495245224,29.606231144054362,-2681.7663519948546,-1125.9665313626942,1843.738314465382,0.0,-0.13645424731528522,-0.13645424731528522,False,False,-3,DOWN,-0.03842430560726784,True
20240521,134050.0,-0.0017871770049892044,136912.0,145099.5,146562.8,140196.53191521563,143259.11993011335,29.31271991103172,-3062.5880148977158,-1513.2908280696986,1729.1855777178548,1.041569360897012,-0.13627577319587625,-0.13799755642723943,False,True,-4,DOWN,-0.0026109660574412663,True
20240525,129680.0,-0.032599776202909325,134686.0,143928.5,146313.4,138578.60392825937,142253.2591945494,24.541792950826732,-3674.655266290036,-1945.5637157137662,1917.8151793094366,1.428436549289851,-0.15297191378184194,-0.1660986431740724,False,True,-4,DOWN,0.04117828500925347,False
20240526,124660.0,-0.03871067242442938,131394.0,142473.0,145794.0,136437.2802469887,140950.05480976796,20.428496446084225,-4512.774562779261,-2459.0058851268655,2139.3998093587625,1.510608658918666,-0.18930870781036613,-0.19837952543244808,False,True,-5,DOWN,0.07219637413765434,False
20240527,124570.0,-0.0007219637413765634,129450.0,141035.5,145299.0,134611.54482437504,139736.7174164518,20.362603260476902,-5125.172592076764,-2992.2392265168455,1993.0141086902793,1.4756155274980334,-0.18751630576571876,-0.19895826634943092,False,True,-4,DOWN,0.0750582002087179,False
20240528,129130.0,0.03660592437986665,128418.0,139994.5,144928.8,133768.23023600967,138951.03464486278,32.28108903707961,-5182.804408853117,-3430.3522629841,2176.3702437838306,0.39668133571595204,-0.13884628209403138,-0.1696353932223008,False,False,-4,DOWN,0.006505072407651191,False
20240529,133700.0,0.03539069155114993,128348.0,139140.5,144690.2,133757.73327662356,138562.06911561367,41.69828109264871,-4804.335838990111,-3705.1489781853024,2347.3437977992717,0.3917000163250841,-0.11327762302692668,-0.14024821554883926,False,False,-4,DOWN,-0.007554225878833254,True
20240601,135020.0,0.009872849663425498,129416.0,138423.5,144456.2,133951.928157143,138299.6936255682,44.11565612990396,-4347.765468425205,-3833.672276233283,2273.9620979564666,1.910462997684615,-0.09600964113551147,-0.13176001543309113,False,False,-3,DOWN,0.02184861501999702,False
20240602,133660.0,-0.010072581839727479,131216.0,137619.5,144190.2,133907.01613296717,137956.01261626685,42.17534669394657,-4048.9964832996775,-3876.7371176465617,2208.679090959576,1.279747591995522,-0.10738613596901292,-0.14050543373416502,False,False,-4,DOWN,0.04623672003591195,False
20240605,133920.0,0.0019452341762682401,133086.0,136870.0,143987.2,133909.01365097222,137657.0487187656,42.694260821517595,-3748.0350677933893,-3850.9967076759276,2069.487727319606,0.7274455056861808,-0.10066483110603719,-0.13883351552954792,False,False,-2,DOWN,0.02822580645161299,False
20240608,129970.0,-0.029495221027479146,133254.0,136018.5,143714.2,133303.01155082264,137087.63770256075,37.228326573972666,-3784.6261517381063,-3837.7225964883637,2203.810032511063,0.9220964405171839,-0.11585034013605444,-0.1642338113304611,False,False,-2,DOWN,0.031161037162422023,False
20240609,132690.0,0.020927906439947686,133052.0,135330.0,143463.8,133208.70208146534,136761.88676163033,42.67115435680578,-3553.1846801649954,-3780.81501322369,2240.6807444745587,1.763424882790214,-0.09401884473576405,-0.14674297472831332,False,False,-1,NEUTRAL,-0.0014319089607355284,
20240610,137970.0,0.039791996382545713,133642.0,134954.5,143238.8,133941.2094535476,136851.3766311392,51.468202436797576,-2910.1671775915893,-3606.68544609727,2457.7749770120904,0.4081068438977942,-0.05162221611218032,-0.11279017426532056,False,False,0,NEUTRAL,-0.028556932666521706,
20240611,139840.0,0.013553671087917607,134878.0,134722.5,142942.8,134848.71569146338,137072.7561399437,54.15157256164117,-2224.040448480315,-3330.1564465738793,2415.7910500826556,2.298918931647844,-0.032115171650055396,-0.10076522410134392,False,False,1,NEUTRAL,-0.01380148741418763,
20240612,137700.0,-0.015303203661327203,135634.0,134426.5,142602.6,135287.37481585363,137119.21864809602,50.69700748813343,-1831.84383224239,-3030.4939237075814,2396.0916893624662,1.0733684092261966,-0.04121988580977576,-0.1145263970162691,False,False,0,NEUTRAL,-0.005301379811183726,
20240615,134020.0,-0.026724763979665944,136444.0,134109.0,142245.0,135092.39407495307,136889.6468963852,45.34043798283388,-1797.2528214321355,-2783.845703252492,2487.7994258365757,0.9302263779958923,-0.04523758637885589,-0.13819047006623364,False,False,-2,DOWN,0.014699298612147471,False
20240616,132500.0,-0.011341590807342206,136406.0,133679.5,141838.0,134693.564217268,136564.48786702333,43.30515648456441,-1870.9236497553356,-2601.261292553061,2418.670895419677,1.2310586886996344,-0.06088312424693454,-0.14796476110861034,False,False,-2,DOWN,0.06347169811320752,False
20240618,134030.0,0.011547169811320757,135618.0,133340.5,141460.2,134591.47741461138,136376.7480250216,45.93591021865068,-1785.2706104102253,-2438.063156124494,2355.1944028897,0.9313268711219747,-0.04814998934734749,-0.1381261655199023,False,False,0,NEUTRAL,0.0892337536372454,
20240619,137910.0,0.028948742818772022,135232.0,133180.0,141249.4,135102.019350825,136490.3222453904,52.01659730404872,-1388.3028945653932,-2228.111103812674,2464.1090883975785,1.6672103251688497,-0.02274659863945583,-0.11317600154330909,False,False,1,NEUTRAL,0.04568196649989131,
20240622,136970.0,-0.006816039446015498,135086.0,133314.0,141009.6,135389.40098915962,136525.85393091702,50.53371793604972,-1136.452941757394,-2009.7794714016184,2355.244153512037,1.078818463373172,0.019956809889046134,-0.11922062889846308,False,False,0,NEUTRAL,0.008469007811929607,
20240623,135990.0,-0.007154851427319864,135480.0,133399.0,140826.0,135481.80083698122,136486.16104714538,48.9664424477846,-1004.3602101641591,-1808.6956191541267,2257.0124282611773,0.6276089330297756,0.01265917045200693,-0.12552247443894282,False,False,0,NEUTRAL,0.024340025001838406,
20240624,140910.0,0.036179130818442484,137162.0,133742.0,140712.4,136316.90840052257,136813.8528214309,56.295006094495434,-496.9444209083158,-1546.3453795049645,2447.2258262425216,1.5294354160354464,0.05117493472584855,-0.09388463764388144,True,False,4,UP,0.008445106805762492,True
20240626,145990.0,0.036051380313675496,139554.0,134557.5,140645.8,137805.07633890372,137493.56742725082,62.31283435217066,311.50891165289795,-1174.774521273392,2635.2811243680558,1.2321530604981326,0.12577112893275766,-0.06121792810751725,True,False,5,UP,-0.034728406055209216,False
20240629,144210.0,-0.012192615932598128,140814.0,135535.0,140572.2,138790.4492098416,137991.08095115816,59.235115543677594,799.3682586834475,-779.9459652820242,2574.189615484623,2.280154470517335,0.15682656826568264,-0.07266413735451094,False,False,3,UP,0.07343457457873925,True
20240630,138130.0,-0.04216073781291174,141046.0,136213.0,140530.6,138688.84163909673,138001.37125107236,50.127658849201666,687.470388024376,-486.4626946207442,2824.604642950007,1.2570429151595897,0.10885445934012994,-0.11176130152401775,False,False,2,UP,0.09382465793093453,True
20240701,139300.0,0.008470281618764952,141708.0,136721.5,140565.8,138782.86600231263,138097.56597321515,51.66766555797738,685.3000290974742,-252.11014987710053,2706.4185970250064,0.9307362988342002,0.07875784093549143,-0.10423766960324099,False,False,2,UP,0.05183058147882269,True
20240702,142100.0,0.0201005025125629,141946.0,137141.5,140602.2,139293.19430964914,138394.0425677918,55.230547965739,899.1517418573494,-21.857771530210556,2713.1029829517915,1.0237121466435917,0.06282722513089012,-0.0862323966304418,False,False,4,UP,0.010696692470091529,True
20240703,140920.0,-0.00830401125967628,140932.0,137436.5,140643.4,139543.47210816466,138581.15052573313,53.442579766161124,962.3215824315266,174.97809926213688,2603.595627026664,1.2027106272268981,0.04369723003999404,-0.09382033309755,False,False,4,UP,0.0028384899233606653,True
20240706,154800.0,0.09849560034061877,143050.0,138493.5,140908.0,141890.6302453701,139782.54678308623,66.98251461561145,2108.0834622838593,561.5991718664814,3409.053082239045,1.0876248248014995,0.15816250187041758,-0.00456562278953121,True,False,5,UP,-0.0921834625322997,False
20240707,151090.0,-0.023966408268733863,145642.0,139352.0,140881.6,143305.91789992855,140620.13591026503,61.80830930058711,2685.781989663519,986.4357354258889,3430.549290650542,2.0633529276355786,0.12821087216248506,-0.02842260947849018,False,False,3,UP,-0.06836984578727912,False
20240708,146520.0,-0.030246872724865925,147086.0,140179.5,140701.8,143800.3920691703,141057.16287987505,56.063334729532805,2743.2291892952635,1337.7944261997638,3511.9386270326463,1.1722330265972003,0.12733707778718162,-0.05780978715195162,False,False,4,UP,-0.03194103194103193,False
20240709,143620.0,-0.019792519792519836,147390.0,140726.0,140470.2,143772.63944314411,141247.00266655098,52.714905240791076,2525.6367765931354,1575.3628962784383,3468.2287251017433,0.7518961341047176,0.08237244705705016,-0.0764581055880651,False,False,4,UP,-0.03558000278512741,False
20240710,141320.0,-0.016014482662581764,147470.0,140893.5,140234.6,143395.31029804502,141252.4098764361,50.15630583493685,2142.900421608909,1688.8704013445326,3384.7838161659047,0.5039679465260061,0.024280640718996827,-0.09124815124429297,False,False,4,UP,-0.05137277101613358,False
20240713,140530.0,-0.005590150014152306,144616.0,140928.0,139969.8,142954.49332911504,141198.89803373715,49.271698898896034,1755.5952953778906,1702.2153801512045,3199.442115011197,0.389213438218255,0.004934210526315708,-0.09632821040447559,False,False,2,UP,-0.039920301714936324,False
20240714,140760.0,0.0016366612111293755,142550.0,141081.0,139718.6,142616.87897078964,141166.38706827513,49.55067409665433,1450.4919025145064,1651.8706846238651,2987.3391067961115,0.46514056408860016,0.022222222222222143,-0.09484920583885281,False,False,0,NEUTRAL,-0.013213981244671769,
20240717,141840.0,0.007672634271099765,141614.0,141472.0,139556.4,142497.35912912968,141216.28432247697,50.915692623973634,1281.0748066527012,1577.7115090296325,2851.100599167818,0.6580111557259138,0.0583495000746157,-0.08790431483505878,False,False,2,UP,-0.032007896221094234,False
20240720,138510.0,-0.02347715736040612,140592.0,141772.5,139311.0,141883.91926310974,141015.81881710832,46.71833745891642,868.1004460014228,1435.7892964239907,2885.3076992272595,0.6460967833666386,0.0453584905660378,-0.1093177287634236,False,False,-2,DOWN,-0.013212042451808514,True
20240721,134060.0,-0.032127644213414186,139140.0,141774.0,139005.0,140680.23937647746,140500.572978804,41.76358159613428,179.66639767345623,1184.5647166738838,2997.071434996741,0.6341271483033034,0.0002238304857120621,-0.137933251880908,False,False,-2,DOWN,-0.005146949127256439,True
20240722,134920.0,0.00641503804266752,138018.0,141624.5,138708.6,139794.04870317323,140087.1972025963,43.02126351961112,-293.1484994230559,889.0220734544959,2844.423475354117,0.68649126732644,-0.021680806322964208,-0.1324030608964054,False,False,-4,DOWN,-0.018529498962348012,True
20240723,138900.0,0.029498962348058155,137646.0,141721.0,138508.4,139656.5027488389,139999.25666907063,48.55810884740906,-342.7539202317421,642.6668747172483,2925.536084257394,0.9793423090195356,0.014090676790537993,-0.10680985145649802,False,False,-2,DOWN,-0.0995680345572354,True
20240724,137300.0,-0.011519078473722133,136738.0,141786.5,138314.4,139293.96386440215,139799.31173062095,46.59774765594412,-505.347866218799,413.0639265300389,2830.854935381866,0.4429671003877244,0.009633061254503916,-0.11533505154639179,False,False,-4,DOWN,-0.12651128914785137,True
20240727,136680.0,-0.004515659140568062,136372.0,141575.0,138118.8,138891.81557757105,139568.2516024268,45.82570748035805,-676.4360248557641,195.1639362528783,2672.936725711733,0.39060866289321305,-0.030019161166702113,-0.11705426356589144,False,False,-4,DOWN,-0.11164764413227979,True
20240729,133370.0,-0.024217149546385763,136234.0,140944.0,137876.6,138042.30548871396,139109.1218540989,41.8401490015784,-1066.8163653849333,-57.23212407468401,2718.4412453037517,0.672861980851047,-0.08644427700527435,-0.13843669250645996,False,True,-5,DOWN,-0.09619854540001505,True
20240730,132420.0,-0.007123041163680011,135734.0,140354.5,137635.4,137177.3354135272,138613.63134638785,40.744849180589235,-1436.2959328606375,-333.04488583187475,2592.124013496341,0.8906913607492262,-0.08175577283128765,-0.14457364341085266,False,True,-5,DOWN,-0.09265971907566828,True
20240731,125070.0,-0.05550521069324876,132968.0,139701.5,137264.4,135314.6684268307,137610.39939480356,33.449062029871016,-2295.730967972864,-725.5821022600727,2931.9722982466023,1.5153103139893433,-0.09454861362484612,-0.1920542635658915,False,True,-6,DOWN,-0.03933797073638767,True
20240803,119930.0,-0.041096985688014676,129494.0,138733.0,136855.6,132947.79636116442,136300.74018037366,29.47436233009529,-3352.943819209235,-1251.0544456499051,3089.6885626575595,1.1254955055552456,-0.13905240488155057,-0.22525839793281655,False,True,-4,DOWN,0.018260652047027426,False
20240804,121420.0,0.012423913949804133,126442.0,137699.0,136462.2,131174.28922867758,135198.4631299756,31.997007878018664,-4024.173901298025,-1805.6783367795292,2975.425093896305,0.9167097359285952,-0.14553131597466573,-0.21563307493540051,False,False,-4,DOWN,0.011365508153516668,False
20240805,120540.0,-0.007247570416735294,123876.0,136680.0,136056.8,129538.24473195795,134112.6510462737,31.28525377304021,-4574.406314315755,-2359.4239322867743,2825.751872903712,0.6097293409309736,-0.14462106159523136,-0.22131782945736433,False,False,-4,DOWN,0.0015762402521983798,False
20240806,120150.0,-0.0032354405176704404,121422.0,134947.5,135637.4,128093.89938857981,133078.3805984016,30.95659860446743,-4984.481209821781,-2884.4353877937756,2651.7695962677326,0.46161877791433387,-0.22383720930232553,-0.22383720930232553,False,False,-4,DOWN,-0.01323345817727839,True
20240807,120150.0,0.0,120438.0,133400.5,135354.6,126871.761021106,132120.72277629777,30.956598604467445,-5248.961755191776,-3357.3406612733756,2462.357482248609,0.0,-0.2047786087762261,-0.22383720930232553,False,False,-4,DOWN,0.006491885143570464,False
20240810,122120.0,0.016396171452351282,120876.0,132180.5,135111.2,126140.72086401276,131379.928496572,34.959332857041716,-5239.20763255925,-3733.7140555305505,2427.1890906594226,0.7296532940148901,-0.1665301665301665,-0.21111111111111114,False,False,-4,DOWN,0.009990173599737862,False
20240811,122800.0,0.005568293481821085,121152.0,131139.5,134886.2,125626.76380801082,130744.37823756668,36.3314367564183,-5117.614429555862,-4010.494130335613,2302.389869898035,0.9450186981346992,-0.1449658821891101,-0.20671834625322993,False,False,-4,DOWN,0.02442996742671011,False
20240812,120730.0,-0.016856677524429986,121190.0,130110.0,134707.2,124873.41552985531,130002.57244219138,33.98132539887341,-5129.156912336068,-4234.226686735705,2285.790593476747,1.3665566174636548,-0.14569770733088028,-0.22009043927648575,False,False,-4,DOWN,0.054004804108340965,False
20240813,118560.0,-0.017973991551395674,120872.0,129011.5,134585.2,123902.12083295449,129154.97448351054,31.66867575616986,-5252.853650556048,-4437.952079499773,2277.5198367998364,0.7706372681233908,-0.15633672525439413,-0.23410852713178298,False,True,-5,DOWN,0.062078272604588314,False
20240814,120930.0,0.01998987854251011,121028.0,128020.0,134512.4,123444.87147403842,128545.71711436161,36.732984488311374,-5100.845640323198,-4570.530791664458,2284.1255627427054,0.20782431758095202,-0.1408780903665814,-0.21879844961240313,False,False,-4,DOWN,0.050359712230215736,False
20240817,123340.0,0.019928884478624065,121272.0,127095.0,134396.6,123428.73740110942,128160.10843922371,41.48240056322751,-4731.371038114288,-4602.698840954424,2293.116593975369,0.2492510565899792,-0.13042865200225606,-0.20322997416020672,False,False,-4,DOWN,0.049456786119669305,False
20240818,125800.0,0.019944867844981395,121872.0,126459.5,134238.6,123793.54703170797,127985.2855918738,45.943230872107584,-4191.738560165832,-4520.506784796706,2305.0368372628427,0.08940230826189023,-0.09176232762977399,-0.1873385012919897,False,False,-2,DOWN,0.03290937996820342,False
20240819,127250.0,0.01152623211446735,123176.0,126119.0,134083.2,124325.30902682983,127930.81999247575,48.438253008291674,-3605.5109656459244,-4337.507620966549,2243.962777458354,1.8502113706988221,-0.050798150082052795,-0.17797157622739013,False,False,1,NEUTRAL,0.02664047151277016,
20240820,125920.0,-0.010451866404715182,124648.0,125669.0,133928.4,124570.64609962524,127781.87036340346,46.32613253942322,-3211.2242637782183,-4112.250949528883,2178.6797219256146,0.8377275265176466,-0.06670619626445295,-0.18656330749354,False,False,0,NEUTRAL,0.056146759847522265,
20240821,127020.0,0.00873570520965683,125866.0,125075.0,133790.4,124947.46977660598,127725.43552166988,48.33277980598886,-2777.9657450638915,-3845.393908635885,2101.6311703594993,0.9962783634225881,-0.08552915766738656,-0.17945736434108528,False,False,0,NEUTRAL,0.0678633286096677,
20240824,129440.0,0.019052117776727995,127086.0,124682.0,133779.8,125638.62827251275,127852.44029784248,52.53686877840945,-2213.812025329724,-3519.077531974653,2124.3718010481066,0.5981753596646815,-0.05724690458849235,-0.16382428940568472,False,False,0,NEUTRAL,0.06118665018541414,
20240826,129940.0,0.0038627935723114515,127914.0,124345.0,133724.8,126300.37776904926,128007.07434985414,53.380902857983116,-1706.6965808048844,-3156.6013417407,2008.3452438303848,1.4879088007612267,-0.04931226221832019,-0.16059431524547807,False,False,0,NEUTRAL,0.052100969678313014,
20240827,130640.0,0.005387101739264377,128592.0,124208.5,133578.2,126968.0119584263,128202.10587949457,54.598180303571404,-1234.09392106827,-2772.099857606214,1914.8920121282147,1.1679953415091395,-0.020469370922996166,-0.15607235142118858,False,False,0,NEUTRAL,0.04516227801592154,
20240828,132990.0,0.01798836497244327,130006.0,124237.0,133441.2,127894.47165712995,128556.76470323572,58.514486934646676,-662.2930461057695,-2350.138495306125,1945.9711541190566,0.9925198088193985,0.004304485727231633,-0.14089147286821702,True,False,1,NEUTRAL,0.014437175727498364,
20240831,135640.0,0.01992631024889091,131730.0,124765.5,133400.0,129086.09140218688,129081.44879929232,62.4481524825861,4.642602894557058,-1879.1822756659888,1996.2589288248382,0.15660680485058273,0.08451267290317421,-0.12377260981912142,True,False,5,UP,0.017472721910940736,True
20240901,137360.0,0.012680625184311456,133314.0,125637.0,133466.8,130359.00041723505,129694.67481415956,64.78230460053857,664.3256030754856,-1370.480699917694,1976.5261481944926,2.51252414770088,0.14533477862086208,-0.11266149870801034,True,False,6,UP,0.0018200349446708675,True
20240903,136710.0,-0.004732090856144455,134668.0,126401.5,133551.0,131336.07727612197,130214.32853162923,63.183946132322994,1121.7487444927392,-872.0348110356074,1881.7742804663144,1.4896475126659052,0.12592653599077575,-0.11686046511627912,False,False,4,UP,0.0035842293906809264,True
20240907,136540.0,-0.0012435081559505345,135848.0,127201.5,133601.2,132136.68077210322,130682.89678854558,62.747895216175166,1453.7839835576451,-406.87105211695695,1759.5046890044348,1.5861687855039472,0.1327360212377633,-0.11795865633074931,False,False,3,UP,-0.013182950051267017,False
20240908,134910.0,-0.01193789365753628,136232.0,127939.5,133541.2,132563.34526870272,130996.01554494961,58.573846008322924,1567.3297237531078,-12.030896942943968,1750.2543540755466,0.942374236248543,0.12284644194756544,-0.12848837209302322,False,False,4,UP,-0.02446075161218586,False
20240909,138010.0,0.02297828181750794,136706.0,128832.5,133562.0,133401.29215044077,131515.5699490274,63.541143977062674,1885.7222014133586,367.51972272831654,1846.6647573558646,1.9872892345204878,0.14864752392842284,-0.10846253229974157,True,False,6,UP,-0.042170857184262056,False
20240910,137610.0,-0.00289834069994932,136756.0,129607.0,133594.4,134048.78566575758,131967.00921206243,62.4997693483208,2081.7764536951436,710.3710689216821,1743.3315604018742,0.9587016113698075,0.12684245004913208,-0.11104651162790702,False,False,4,UP,-0.02078337330135893,False
20240911,137200.0,-0.002979434634110878,136854.0,130327.0,133520.2,134533.58787102564,132354.63815931705,61.38918291247587,2178.949711708585,1004.0867974790626,1648.0935918017403,1.1104758116442908,0.11726384364820852,-0.1136950904392765,False,False,4,UP,-0.017274052478134072,False
20240914,134740.0,-0.01793002915451891,136494.0,131027.5,133295.2,134565.34358317553,132531.33162899726,55.06655281440868,2034.011954178277,1210.0718288189055,1706.0869066730447,1.1543752563957417,0.11604406526960998,-0.12958656330749352,False,False,4,UP,-0.008460739201424983,False
20240915,131610.0,-0.02322992429864923,135834.0,131680.0,133043.2,134110.67533961005,132463.08484166412,48.25642888832505,1647.59049794593,1297.5755626443106,1807.7949847678271,1.3113388468279454,0.11007085020242924,-0.1498062015503876,False,False,0,NEUTRAL,0.03176050452093304,
20240916,132190.0,0.004406959957450107,134670.0,132243.0,132924.4,133815.1868258239,132442.85633487417,49.50267505746605,1372.3304909497383,1312.526548305396,1720.0953429986967,0.9958001929497441,0.09311171752253378,-0.1460594315245478,False,False,0,NEUTRAL,0.04932294424691741,
20240917,134750.0,0.019366063998789596,134098.0,132813.5,132833.4,133959.0042372356,132613.75586562423,54.68994321343609,1345.2483716113784,1319.0709129665927,1780.0885327845042,1.72795840647308,0.0925085130533485,-0.12952196382428938,False,False,5,UP,0.01996289424860853,True
20240918,134830.0,0.0005936920222635589,133624.0,133265.0,132688.0,134093.0035853532,132777.9220978002,54.846042476321266,1315.0814875529904,1318.2730278838724,1658.653637585611,1.3346723683545911,0.07178060413354537,-0.12900516795865635,False,False,2,UP,0.009196766298301462,True
20240922,133600.0,-0.009122598828154027,133396.0,133582.5,132541.6,134017.15687991426,132838.81675722243,51.886268854692794,1178.3401226918213,1290.2864468454623,1628.0355206152103,0.8572975504476527,0.04990176817288794,-0.1369509043927648,False,False,2,UP,0.00830838323353289,True
20240923,135790.0,0.01639221556886228,134232.0,134076.0,132161.4,134289.90197531207,133057.4229233541,56.39800079931884,1232.4790519579547,1278.724967867961,1668.1758405712667,1.4284013602476509,0.07838310038119434,-0.1228036175710594,False,False,2,UP,-0.017306134472346968,False
20240924,138710.0,0.021503792620958917,135536.0,134660.5,131913.8,134969.91705603327,133476.13233643898,61.57220051566363,1493.7847195942886,1321.7369182132265,1757.5918519590334,2.6098227876708515,0.09203275074791373,-0.10394056847545219,True,False,6,UP,-0.04758128469468681,False
20240925,137440.0,-0.009155792660947348,136074.0,135060.5,131732.2,135349.92981664353,133769.7521633694,58.330039293741116,1580.1776532741205,1373.4250652254054,1722.7638625333882,2.391583098153258,0.06180469715698389,-0.11214470284237721,False,False,3,UP,-0.04838474970896389,False
20240928,136070.0,-0.009967986030267717,136322.0,135367.0,131581.2,135460.70984485222,133940.14089200873,54.967572387693615,1520.5689528434887,1402.8538427490223,1697.5664437810033,0.45292171357217886,0.04717561951669991,-0.12099483204134365,False,False,4,UP,-0.048283971485264976,False
20240929,134710.0,-0.009994855589035012,136544.0,135570.5,131449.0,135345.21602256727,133997.16749260068,51.776743562264045,1348.0485299665888,1391.8927801925356,1673.454554939503,0.596307464153673,0.03115431720759343,-0.12978036175710594,False,False,0,NEUTRAL,-0.04825180016331376,
20240930,133440.0,-0.009427659416524348,136074.0,135593.0,131307.2,135052.10586524924,133955.89582648213,48.92085980123348,1096.210038767109,1332.7562319074505,1644.636372443824,1.122487745587039,0.0033837130611324984,-0.13798449612403096,False,False,0,NEUTRAL,-0.04848621103117501,
20241001,132110.0,-0.009967026378896904,134754.0,135416.5,131134.2,134599.47419367242,133819.16280229826,46.05586808629598,780.3113913741545,1222.2672638007914,1622.1623458406937,0.5439359939674057,-0.026024771453848405,-0.14657622739018084,False,False,0,NEUTRAL,-0.03436530164257057,
20241002,130790.0,-0.009991673605328932,133424.0,135088.0,130913.2,134013.40124079972,133594.78037249838,43.34284389423144,418.6208683013392,1061.537984700901,1600.579321137787,0.2833854363865267,-0.0478305183459522,-0.15510335917312656,False,True,-3,DOWN,-0.029360042816729104,True
20241005,129500.0,-0.009863139383744945,132110.0,134727.5,130733.0,133319.03181913824,133291.46330786886,40.81259433009266,27.56851126937545,854.7440900145959,1578.3950839136594,0.5587395934185083,-0.05273937532002049,-0.16343669250645998,False,True,-3,DOWN,0.0008494208494207456,False
20241006,128210.0,-0.009961389961389955,130810.0,134311.0,130616.0,132533.0269238862,132915.0586183971,38.398548837119584,-382.03169451089343,607.3889331094981,1557.7954350626837,0.0329080054995893,-0.06100776329280799,-0.17177002583979328,False,True,-5,DOWN,0.0057717806723345255,False
20241007,126970.0,-0.009671632477965875,129516.0,133914.0,130457.0,131677.1766279037,132474.68390592324,36.183042539928884,-797.5072780195333,326.40969088369184,1535.0957611296349,1.0532302188269898,-0.05885405084871398,-0.15963994969885498,False,True,-5,DOWN,-0.011971331810663899,True
20241008,127570.0,0.004725525714735834,128608.0,133392.0,130230.4,131045.30330053391,132111.37398696598,38.0457453181947,-1066.0706864320673,47.91361542054,1468.3032067632323,0.9665423495291139,-0.07564669226867615,-0.1293338793338793,False,False,-4,DOWN,-0.04483812808654075,True
20241009,126950.0,-0.004860076820569104,127840.0,132859.0,130023.4,130415.25663891331,131729.04998793144,36.84884903796383,-1313.7933490181313,-224.4277774671943,1407.7101205658585,0.6315764155284693,-0.07746530048688327,-0.11607018521097345,False,True,-5,DOWN,-0.0319810949192596,True
20241012,129610.0,0.02095313115399766,127862.0,132479.5,129882.0,130291.37100215742,131572.08332215875,44.86317182916021,-1280.7123200013302,-435.6846859740215,1497.1593976682973,1.169589362366335,-0.05532069970845477,-0.08622391426959952,False,False,-4,DOWN,-0.07784893140961346,True
20241013,128950.0,-0.005092199675950981,128010.0,132190.0,129793.6,130085.00623259475,131377.85492792475,43.39174176333517,-1292.8486953300016,-607.1174878452175,1437.3622978348474,0.8567294996205029,-0.04297164910197415,-0.09087704455724765,False,False,-4,DOWN,-0.09918573090345095,True
20241014,125450.0,-0.02714230321830169,127706.0,131882.0,129654.2,129371.9283506571,130938.7545628933,36.54629498480536,-1566.8262122362066,-799.0592327234153,1584.6935622752153,0.989361009336705,-0.04680495403084872,-0.1155527354765934,False,True,-5,DOWN,-0.06576325229174973,True
20241015,121850.0,-0.02869669190912716,126562.0,131365.0,129589.8,128214.70860440216,130265.51348416046,31.109884370378794,-2050.8048797583033,-1049.408362130393,1728.6440221126998,1.0267331769028958,-0.07822074287011116,-0.14093344613649184,False,True,-5,DOWN,-0.04283955683217067,True
20241016,122890.0,0.008535084119819514,125750.0,130772.0,129649.0,127395.52266526336,129719.17915200043,34.157034159385915,-2323.656486737076,-1304.2579870517297,1679.455163390364,0.5899917706960777,-0.08801484230055656,-0.11526277897768178,False,False,-4,DOWN,-0.0782813898608512,True
20241019,119520.0,-0.027422898527138084,123732.0,130006.5,129611.0,126183.90379368438,128963.68440000039,29.589737264727077,-2779.7806063160097,-1599.3625109045856,1800.2083660053381,1.1464873518326488,-0.11355039679596524,-0.139524838012959,False,True,-4,DOWN,-0.023929049531459134,True
20241020,116160.0,-0.028112449799196804,121174.0,129134.5,129523.4,124641.76474850217,128015.26333333369,25.87480997137132,-3373.498584831512,-1954.189725689971,1911.622054147814,1.0082817567611695,-0.13053892215568863,-0.16371490280777534,False,True,-4,DOWN,0.034349173553718915,False
20241021,117200.0,0.008953168044077087,119524.0,128205.0,129464.4,123496.87786411722,127214.1327160497,28.852290156399533,-3717.2548519324773,-2306.8027509384724,1849.3633359943985,0.8092345121136635,-0.136902570145077,-0.156227501799856,False,False,-3,DOWN,0.055546075085324276,False
20241022,116630.0,-0.0048634812286689755,118480.0,127101.0,129394.0,122440.4351157915,126430.1228852312,28.18407992409297,-3989.6877694397117,-2643.3797546387204,1757.9802405662272,0.8614595392363944,-0.15918102516040655,-0.15918102516040655,False,False,-3,DOWN,0.04081282688845067,False
20241023,113270.0,-0.02880905427420044,116556.0,125892.5,129217.0,121029.59894413126,125455.29896780667,24.57152798578892,-4425.70002367541,-2999.8438084460586,1872.4102233829253,0.9605203377939715,-0.17585855646100113,-0.1834042246413381,False,True,-4,DOWN,0.0844883905712015,False
20241026,116660.0,0.029928489449986717,115984.0,124922.0,129094.2,120357.35295272645,124803.79534056172,33.79223587651907,-4446.442387835268,-3289.1635243239007,1980.8094931412877,0.3294977637013758,-0.14264716689939005,-0.1589647465936126,False,False,-4,DOWN,0.05417452425852898,False
20241027,120150.0,0.029915995199725653,116782.0,124194.0,129082.6,120325.45249846084,124459.06975977936,41.69445751408779,-4133.617261318519,-3458.0542717228245,2088.608815059767,0.13852338108867235,-0.10808403236582287,-0.13380433998990704,False,False,-4,DOWN,-0.006991260923845166,True
20241028,123710.0,0.029629629629629672,118084.0,123707.5,129185.6,120846.15211408224,124403.58311090682,48.45299842506013,-3557.43099682458,-3477.9296167431758,2193.708185412641,2.8803739253906553,-0.07291666666666663,-0.1081392833970154,False,False,-1,NEUTRAL,-0.05011720960310406,
20241029,121390.0,-0.01875353649664535,119036.0,123171.5,129194.8,120929.82101960806,124180.35473232114,44.80781378460843,-3250.533712713077,-3432.4504359371563,2202.729029311738,1.6147271563180206,-0.08114450079479218,-0.12486482589575376,False,False,-3,DOWN,-0.018535299448059983,True
20241030,122840.0,0.01194497075541645,120950.0,122774.0,129184.8,121223.69470889913,124081.06919659364,47.467857000765555,-2857.374487694513,-3317.4352462886277,2148.9626700751855,1.790180304339629,-0.06078446364400947,-0.11441136183404221,False,False,1,NEUTRAL,-0.027027027027026973,
20241102,122980.0,0.0011396939107781723,122214.0,122448.0,129128.4,121493.89552291465,123999.50851536449,47.72980190723279,-2505.612992449838,-3155.07079552087,2005.4653364983865,1.4288208700512766,-0.05034749034749031,-0.11340206185567014,False,False,0,NEUTRAL,0.0009757684176288084,
20241103,119310.0,-0.02984225077248337,122046.0,122003.0,128969.6,121157.91159631239,123652.13751422639,41.84001736083218,-2494.2259179139946,-3022.9018199994953,2124.3606696056445,0.8782592125365881,-0.06941736214023864,-0.1398601398601399,False,False,-2,DOWN,0.06269382281451685,False
20241104,117510.0,-0.015086748805632433,120806.0,121530.0,128801.4,120596.69442764894,123197.16436502442,39.279836913431204,-2600.4699373754847,-2938.4154434746933,2101.1920503480983,0.7690764881789443,-0.0745057887690006,-0.15283685386778167,False,False,-2,DOWN,0.10416134797038556,False
20241105,119140.0,0.013871159901285068,120356.0,121108.5,128643.8,120372.58759262602,122896.63367131891,42.699155193314084,-2524.046078692889,-2855.5415705183323,2067.535475323234,0.8654659188072776,-0.06608136709257662,-0.14108571840530604,False,False,-2,DOWN,0.09442672486150738,False
20241106,119520.0,0.0031895249286553184,119692.0,120737.0,128445.4,120241.42027068356,122646.51265862862,43.49797946646459,-2405.0923879450565,-2765.4517340036773,1946.9972270858602,1.2883314011145794,-0.05852697912563998,-0.13834618989258163,False,False,-2,DOWN,0.10341365461847385,False
20241109,123100.0,0.029953145917001267,119716.0,120411.5,128308.6,120681.20176750148,122680.10431354502,50.49938079891271,-1998.9025460435369,-2612.141896411649,2063.640282294013,0.7807445660226636,-0.05022760589460695,-0.11253694758849397,False,False,0,NEUTRAL,0.1034118602761982,
20241110,126790.0,0.029975629569455764,121212.0,120303.5,128231.6,121621.01688019355,122984.5410310602,56.48474461483073,-1363.5241508666513,-2362.4183473026496,2179.8088335587263,0.6573354708302138,-0.0167506785575805,-0.08593468387282821,False,False,0,NEUTRAL,0.08904487735625843,
20241111,129750.0,0.02334568972316431,123660.0,120518.5,128166.8,122871.62966785609,123485.68613987055,60.60025207968728,-614.0564720144612,-2012.745972245012,2235.536774018817,2.9588254397940323,0.03427660422479084,-0.0645951986158172,True,False,4,UP,0.08809248554913296,True
20241112,130390.0,0.004932562620423964,125910.0,120945.5,128061.8,124028.30202664746,123997.11679617644,61.44921367464089,31.185230471019167,-1603.9597317018058,2121.569861588902,2.9232155785179494,0.07008617152236352,-0.059981255857544546,True,False,6,UP,0.08865710560625817,True
20241113,131880.0,0.01142725669146416,128382.0,121395.0,127952.2,125236.25556100938,124581.03407053374,63.42512922520027,655.2214904756402,-1152.1234872663167,2076.457728618266,1.860479169410299,0.0731548539344129,-0.04923942037344098,True,False,6,UP,0.051562026084319035,True
20241116,135830.0,0.029951471034273647,130928.0,122210.5,127934.6,126866.06239777718,125414.29080604977,68.09391706116227,1451.7715917274036,-631.3444714675727,2210.282176574104,0.7441123949458733,0.1364625167336011,-0.020762742412226975,True,False,5,UP,0.03887211956121628,True
20241117,138080.0,0.016564823676654683,133186.0,123306.5,127965.4,128591.28356734992,126352.49148708313,70.41090180059987,2238.792080266794,-57.31716112069938,2213.119163961668,2.918803119565905,0.1887052341597797,-0.0045418499026746995,True,False,5,UP,0.04997103128621094,True
20241118,141180.0,0.022450753186558536,135472.0,124505.5,128090.8,130528.00917237301,127450.8254510029,73.28898852699002,3077.183721370122,569.583015377465,2276.467795107263,1.703730264342367,0.20460750853242327,0.0,True,False,5,UP,0.05496529253435334,True
20241119,141950.0,0.005454030315908742,137784.0,125771.5,128169.6,132285.23853046948,128524.83838055824,73.96635065780363,3760.4001499112346,1207.746442284219,2168.8629525996016,2.114492905809808,0.21709680185201052,0.0,True,False,5,UP,0.05220147939415276,True
20241120,138680.0,-0.023036280380415608,139144.0,127042.0,128191.0,133269.04798732031,129277.07257459097,66.27945131069515,3991.9754127293418,1764.5922363732436,2247.515598842487,1.4089486718008308,0.2243312439304317,-0.023036280380415608,False,False,4,UP,0.07910297086818585,True
20241123,141110.0,0.017522353619844333,140200.0,128264.5,128269.2,134475.34829696335,130153.58571721386,68.8686102734105,4321.762579749484,2276.026305048492,2260.5501989251666,1.4938201346004454,0.20958340476598658,-0.005917576611482955,False,False,4,UP,0.04670115512720563,True
20241124,144980.0,0.02742541279852606,141580.0,129506.0,128474.0,136091.448558969,131251.83862704987,72.49124386870271,4839.609931919113,2788.7430304226164,2375.5108990019403,1.3332203510175082,0.20665834373699532,0.0,True,False,4,UP,0.004000551800248386,True
20241125,148940.0,0.0273141122913505,143132.0,130767.5,128820.6,138068.14878066606,132562.07280282397,75.61780935199633,5506.075977842091,3332.2096199065118,2488.6886919303734,1.0282777742368587,0.2039447094010185,0.0,True,False,4,UP,0.0049684436685912825,True
20241126,149360.0,0.002819927487578866,144614.0,132166.0,129164.0,139805.3566605636,133806.3637063185,75.93027799263712,5998.992954245099,3865.5662867742294,2340.925213935346,2.893957504276581,0.23041436691654993,0.0,True,False,5,UP,0.020889126941617597,True
20241127,149650.0,0.001941617568291365,146808.0,133506.5,129462.0,141319.91717432303,134979.96639473934,76.15748367814254,6339.9507795836835,4360.44318533612,2194.430555797107,2.6187479277853556,0.21825138391403454,0.0,True,False,5,UP,0.02920147009689278,True
20241130,147700.0,-0.01303040427664548,148126.0,134742.5,129719.4,142301.46837827333,135922.19110624012,71.28481960051651,6379.277272033214,4764.21000267554,2176.971230383028,1.609201738720916,0.20100829403154985,-0.01303040427664548,False,False,2,UP,0.019634394041976977,True
20241201,145560.0,-0.014488828706838208,148242.0,136055.0,129958.6,142802.78093546204,136636.10287614827,66.27344059765811,6166.678059313766,5044.703614003185,2174.3304282128115,0.6708011181352519,0.22001508674880554,-0.027330437687938525,False,False,4,UP,0.016968947513053,True
20241202,149680.0,0.02830447925254198,148390.0,137663.5,130236.4,143860.81463769864,137602.31747791506,70.5639413266219,6258.497159783583,5287.462323159265,2313.3068261976105,0.6689975612391618,0.27376393498425666,0.0,True,False,4,UP,0.01810529128808125,True
20241203,152480.0,0.018706574024585754,149014.0,139330.5,130511.8,145186.84315497577,138704.36803510654,73.07119629318179,6482.475119869225,5526.464882501257,2348.0706243263526,1.6510287719400267,0.27983884505623635,0.0,True,False,5,UP,0.01095225603357819,True
20241204,154020.0,0.010099685204616904,149888.0,141055.5,130843.4,146545.79036190256,139838.85929176531,74.36452121477244,6706.931070137245,5762.558120028456,2290.3512940173273,1.4633531137831746,0.2886546184738956,0.0,True,False,4,UP,0.017530190884300634,True
20241207,150600.0,-0.02220490845344758,150468.0,142430.5,131134.0,147169.51492160987,140635.98082570863,66.70282573561232,6533.534095901239,5916.753315203013,2371.040487301804,1.2139885033602145,0.22339561332250213,-0.02220490845344758,False,False,4,UP,0.07184594953519263,True
20241208,148030.0,-0.017065073041168666,150962.0,143492.5,131400.4,147301.8972413622,141183.68594973022,61.56930792676554,6118.211291631975,5957.044910488805,2385.2518810659612,0.9553374736769702,0.16752109787838165,-0.03889105310998575,False,False,4,UP,0.12315071269337285,True
20241209,152390.0,0.029453489157603263,151504.0,144624.5,131779.4,148084.68228115264,142013.78328678725,66.30682537783326,6070.898994365387,5979.815727264122,2526.305318132678,0.5025156152415611,0.17448940269749524,-0.010583041163485296,False,False,4,UP,0.12369578056302899,True
20241210,154150.0,0.011549314259465815,151838.0,145812.5,132220.2,149017.80808405223,142912.76230258078,68.02060031076877,6105.045781471446,6004.8617381055865,2471.569223980344,1.478723161179867,0.18222256307999074,0.0,True,False,5,UP,0.1329224781057412,True
20241211,156720.0,0.0166720726565035,152378.0,147054.5,132738.8,150202.76068650573,143935.52065053774,70.38907610385344,6267.240035967989,6057.337397678067,2478.5999936960334,1.7436221115161443,0.18835304822565968,0.0,True,False,5,UP,0.1364854517611025,True
20241214,161420.0,0.02998979070954566,154542.0,148334.0,133377.2,151928.48981165868,145230.66726901644,74.15843032333335,6697.822542642243,6185.434426670902,2637.2714227177453,0.16420413941610815,0.18839726128248535,0.0,True,False,4,UP,0.10339487052409857,True
20241215,166260.0,0.029983892950068203,158188.0,149743.0,134138.2,154133.33753294195,146788.39561945968,77.35522788346223,7344.941913482267,6417.335924033176,2794.6091782379067,0.21950684700440587,0.20408458864426415,0.0,True,False,4,UP,0.07127390833634073,True
20241216,171240.0,0.029953085528690027,161958.0,151246.0,135023.6,156765.1317586432,148599.62557357378,80.08510407311863,8165.506185069418,6766.969976240425,2950.708522649485,0.2706076263466985,0.2129196770080748,0.0,True,False,4,UP,-0.06814996496145764,False
20241217,174640.0,0.019855174024760558,166056.0,152880.5,135965.0,159515.1114880827,150528.5421977535,81.70655823528413,8986.569290329207,7210.889839058182,2982.8007710316647,3.377867822143733,0.2302923564635435,0.0,True,False,5,UP,0.09173156207054523,True
20241218,178110.0,0.0198694457169033,170334.0,154852.0,136988.2,162375.86356683922,152571.61314606806,83.20912952804927,9804.25042077116,7729.561955400777,3017.6007159579744,1.2969934305454889,0.2843236227285837,0.0,True,False,4,UP,0.06574588737297171,True
20241221,178110.0,0.0,173672.0,156702.0,137958.2,164796.49994117164,154463.34550561858,83.20912952804927,10333.154435553064,8250.280451431234,2802.0578076752618,0.0,0.26220678902983496,0.0,False,False,3,UP,0.035427544775700426,True
20241222,178110.0,0.0,176042.0,158358.5,138941.4,166844.73071945293,156214.94954223942,83.20912952804927,10629.781177213503,8726.180596587688,2601.910821412743,0.0,0.22851427783142508,0.0,False,False,3,UP,0.004491606310706775,True
20241223,159570.0,-0.10409297625063163,173708.0,158890.0,139623.8,165725.54137799863,156463.47179836984,53.74857466977022,9262.069579628791,8833.35839319591,3740.3457627404046,0.0,0.07137102188800859,-0.10409297625063163,False,False,4,UP,0.0893025004700132,True
20241224,190660.0,0.19483612207808476,176912.0,160955.0,141000.0,169561.6119352296,158996.54796145353,71.78741208621332,10565.063973776065,9179.69950931194,5693.892493973232,2.7436643326779446,0.2765131226566684,0.0,True,False,5,UP,-0.07390118535613133,False
20241225,189820.0,-0.004405748452743108,179254.0,162963.5,142338.6,172678.28702211735,161279.76663097547,70.98189591079208,11398.52039114188,9623.463685677929,5347.185887260858,2.1816271568080734,0.26842632809889744,-0.004405748452743108,False,False,2,UP,-0.05636919186597833,False
20241228,184420.0,-0.028448003371615238,180516.0,164799.5,143636.6,174484.70440333005,162993.85799164395,65.86529256188047,11490.8464116861,9996.940230879563,5350.958323885083,0.7688869914583284,0.24861205145565335,-0.03272841707752017,False,False,4,UP,-0.0007049126992734189,False
20241229,178910.0,-0.02987745363843397,180676.0,166467.0,144891.6,175165.51911051004,164172.8314737444,61.03105946672423,10992.687636765651,10196.08971205678,5362.318443607576,0.37157186882157534,0.2291151415223962,-0.06162802895206121,False,False,4,UP,0.02850595271365486,True
20241230,173820.0,-0.028450058688726187,183526.0,167674.0,146024.0,174958.51617043157,164887.43654976334,56.87801785939962,10071.079620668228,10171.08769377907,5342.867126207035,1.2863202330386556,0.1612773917691075,-0.08832476660023081,False,False,2,UP,0.03693476009665164,True
20241231,176570.0,0.01582096421585555,180708.0,168878.5,147222.8,175206.43675959593,165752.81162015125,58.52031020129073,9453.625139444688,10027.595182912195,5157.662331477962,1.4500899197972914,0.15798793284365154,-0.07390118535613133,False,False,2,UP,0.04502463612165153,True
20250101,179120.0,0.014441864416378847,178568.0,170133.5,148539.8,175808.5234119658,166742.97372236225,60.040048724491996,9065.549689603562,9835.186084250468,4971.400736372393,0.9944859403006543,0.1629658485910921,-0.06052659183887543,False,False,2,UP,0.029868244752121464,True
20250104,184290.0,0.02886333184457346,178542.0,171818.0,149892.4,177113.36596397107,168042.75344663172,62.999909003984946,9070.612517339352,9682.271370868246,4985.586398060079,0.4176014359218355,0.2237051792828686,-0.03341025909996853,False,False,2,UP,-0.024743610613706668,False
20250105,184010.0,-0.001519344511367926,179562.0,173617.0,151169.6,178174.3865848986,169225.5124505849,62.72891094520722,8948.874134313694,9535.591923557336,4649.473083912931,1.8733456908336181,0.24305883942444106,-0.03487884191754953,False,False,1,NEUTRAL,-0.05255149176675178,
20250106,180240.0,-0.020488016955600208,180846.0,175009.5,152300.2,178492.17326414498,170041.40041720826,59.04605168773773,8450.772846936714,9318.628108233212,4586.65357791915,0.7990649597662959,0.1827547739352975,-0.054652260568551325,False,False,2,UP,-0.03323346648912562,False
20250107,184520.0,0.02374611628939194,182436.0,176528.0,153562.8,179419.53122350728,171113.88927519284,61.78885419359825,8305.641948314442,9116.030876249457,4564.749750924925,1.2737238956976482,0.19701589361012006,-0.03220392321409837,False,False,2,UP,-0.05484500325168007,False
20250108,184470.0,-0.0002709733362237232,183506.0,177915.5,154795.4,180196.52641989078,172103.23081036372,61.73683614600556,8093.295609527064,8911.483822904978,4242.267625858859,1.137767045253273,0.1770673813169985,-0.032466170145809325,False,False,2,UP,-0.08223559386350088,False
20250111,179730.0,-0.025695234997560545,182594.0,178831.0,155930.4,180124.75312452295,172668.17667626272,56.850625620334846,7456.576448260224,8620.502347976028,4277.819938297512,0.585905554189577,0.11343080163548502,-0.05732717927200248,False,False,2,UP,-0.06086908139987757,False
20250112,174340.0,-0.02998942858732545,180660.0,179235.0,157031.0,179234.79110536558,172792.015440984,51.827403692884126,6442.775664381596,8184.957011257142,4357.26137127626,0.269738584633355,0.048598580536509006,-0.08559739851043746,False,False,0,NEUTRAL,-0.04496959963290126,
20250113,174250.0,-0.000516232648847037,179462.0,179385.5,158165.8,178467.9001660786,172900.0142972074,51.74518785009654,5567.885868871177,7661.542782779949,4052.45698761367,0.6806352431411666,0.01757766876897926,-0.08606944298751706,False,False,0,NEUTRAL,-0.041032998565279755,
20250115,174400.0,0.0008608321377332473,177438.0,179373.5,159271.0,177842.06937129726,173011.12434926612,51.882192504999274,4830.945022031141,7095.423230630188,3773.7100599269793,0.4841689540956047,-0.0013742556115436955,-0.08528270219238432,False,False,0,NEUTRAL,-0.013818807339449513,
20250118,169300.0,-0.02924311926605505,174404.0,178933.0,160266.6,176527.90485263613,172736.22624932046,46.99652364231096,3791.6786033156677,6434.674305167285,3868.445055646481,0.3104231432780371,-0.049463814496659375,-0.112031889226896,False,False,0,NEUTRAL,0.024867099822799776,
20250119,168790.0,-0.0030124040165386834,172216.0,178467.0,161180.4,175337.4579522306,172443.91319381524,46.524706158905,2893.5447584153444,5726.448395816898,3628.556123100304,0.7113814594244703,-0.052327213519735016,-0.11470680793034727,False,False,0,NEUTRAL,0.007524142425499036,
20250120,166500.0,-0.013567154452277963,170648.0,177886.5,161974.6,173977.8490365028,172003.6233276067,44.370663933006966,1974.2257088960905,4976.003858432737,3532.944971450282,0.5814866319544204,-0.06518443658413342,-0.12671771740270643,False,False,0,NEUTRAL,-0.00048048048048043857,
20250121,167100.0,0.003603603603603567,169218.0,178263.0,162721.6,172919.71841550237,171640.39197000623,45.08802546710267,1279.3264454961463,4236.668375845418,3323.4489020609763,0.779798781720993,0.0471893213009964,-0.12357075422217556,False,False,0,NEUTRAL,0.0004189108318373158,
20250122,171990.0,0.029263913824057353,168736.0,177329.5,163553.6,172776.68481311738,171666.2888611169,50.671152042089204,1110.3959520004864,3611.413891076432,3435.3454090566206,0.6122848000851039,-0.09792300430084966,-0.09792300430084966,False,False,0,NEUTRAL,-0.05436362579219722,
20250125,173510.0,0.008837723123437335,169578.0,176514.0,164386.2,172889.50253417625,171802.8600565897,52.29481329040807,1086.6424775865453,3106.4596083784545,3298.5350226954333,1.0674475306498832,-0.08592350647982294,-0.08995069757683838,False,False,0,NEUTRAL,-0.05215837703878734,
20250126,170060.0,-0.019883580197106787,169832.0,175796.0,165070.8,172454.1944519953,171673.7593116571,48.400719056801364,780.4351403382025,2641.254714770404,3309.3539496457597,1.0860489865826362,-0.07786574124281531,-0.10804573586489041,False,False,0,NEUTRAL,-0.03681053745736795,
20250127,166420.0,-0.02140421027872519,169816.0,175171.5,165637.6,171525.85684399604,171284.59195523808,44.62505314978156,241.26488875795621,2161.2567495679145,3332.9715246710625,0.5603984914190885,-0.06981163713599015,-0.12713731249344384,False,True,-1,NEUTRAL,0.004206225213315706,
20250129,167170.0,0.004506669871409796,169830.0,174839.0,166157.4,170855.72502184278,170979.80736596117,45.567260525704526,-124.0823441183893,1704.1889308306538,3148.4735586231295,0.585137662492043,-0.038257968012886945,-0.12320360851778034,False,False,-2,DOWN,0.017766345636178738,False
20250201,162640.0,-0.027098163546090848,167960.0,174142.5,166571.2,169591.76732617465,170362.04385737146,41.02658783220721,-770.2765311968105,1209.295838425161,3247.1540187214773,0.6051810537144189,-0.07889222404712015,-0.14696318053078783,False,True,-5,DOWN,0.06880226266601075,False
20250202,164460.0,0.011190359075258227,166150.0,173409.5,167086.8,168802.26466060933,169924.8554234921,43.464114339079025,-1122.5907628827554,742.9185181635778,3145.2144459556575,0.647390855063102,-0.08184457347029928,-0.13741739221651106,False,False,-4,DOWN,0.051197859661923806,False
20250203,163800.0,-0.004013133892739829,164898.0,172385.0,167540.6,168032.68548205405,169471.16242915936,42.77367287433343,-1438.476947105315,306.6394251097992,2967.6991283873963,0.4869189537906766,-0.11118346084974773,-0.14087905171509496,False,False,-4,DOWN,0.023931623931623847,False
20250204,167120.0,0.020268620268620197,165038.0,171540.5,167983.4,167892.2723309688,169297.00224922164,47.30806437784391,-1404.7299182528513,-35.634443562730894,2992.863476359725,0.8315922562549898,-0.09178848975599152,-0.12346585544949129,False,False,-4,DOWN,-0.02255864049784584,True
20250205,170140.0,0.018070847295356574,165632.0,171035.5,168407.4,168238.07658774283,169359.44652705707,51.10344184076047,-1121.3699393142306,-252.78154271303083,2994.801799476888,2.1162684887393852,-0.05603639591655574,-0.10762614077415289,False,False,-1,NEUTRAL,-0.027683084518631662,
20250209,173830.0,0.021688021629246546,167870.0,170501.0,168896.8,169098.37249732087,169690.59863616395,55.33661971389805,-592.2261388430779,-320.67046193904025,3044.458813799967,1.836287022319571,-0.05793409928463045,-0.08827231721388862,False,False,1,NEUTRAL,-0.03543692112983954,
20250211,172880.0,-0.0054651095898291535,169554.0,169921.5,169361.4,169680.16134388687,169926.8505890407,54.039495881655945,-246.6892451538297,-305.87421858199815,2894.8546128142552,2.2647034245065307,-0.06282864422399304,-0.09325500891639571,False,False,1,NEUTRAL,-0.036325775104118496,
20250215,167720.0,-0.02984729291994448,170338.0,169321.0,169761.8,169378.59806021198,169763.3801750377,47.523404880859836,-384.78211482570623,-321.6557978307398,3056.650711898951,0.3322320477953325,-0.06682245590608138,-0.12031889226896042,False,False,-4,DOWN,-0.03386596708800382,True
20250216,163350.0,-0.026055330312425462,169584.0,168771.5,170117.6,168451.12143556398,169288.31497688676,42.81485917488614,-837.1935413227766,-424.76334652914716,3150.4613753347403,1.1887743268372843,-0.063037742342549,-0.14323927410049297,False,False,-4,DOWN,0.017324762779308278,False
20250217,165430.0,0.012733394551576405,168642.0,168330.5,170432.6,167986.33352240027,169002.51386748775,45.57871034082613,-1016.1803450874868,-543.0467462408151,3073.999848525116,0.7663456357601528,-0.05061692969870879,-0.13232980174131959,False,False,-4,DOWN,0.03282355074653931,False
20250218,167670.0,0.013540470289548523,167410.0,167994.0,170736.4,167937.6668266464,168903.80913656275,48.467286581872926,-966.1423099163512,-627.6658589759223,3014.428430773322,0.7860829378568452,-0.038589449541284404,-0.12058113920067137,False,False,-4,DOWN,0.04377646567662663,False
20250219,166600.0,-0.006381582871115898,166154.0,167859.0,170988.0,167731.87193023926,168733.15660792845,47.17908172604538,-1001.2846776891965,-702.3896227185772,2875.5406857180847,0.4864985670600648,-0.01594802126402839,-0.12619322353928464,False,False,-4,DOWN,0.05054021608643455,False
20250222,162040.0,-0.027370948379351723,165018.0,167521.5,171216.8,166856.19932558708,168237.36722956336,42.04970152581295,-1381.167903976282,-838.1452789701183,2995.859208166793,0.7366349418060798,-0.03999052076544818,-0.1501101437113186,False,True,-5,DOWN,0.0825104912367316,False
20250223,166180.0,0.025549247099481587,165584.0,167505.5,171579.8,166752.16866011213,168084.96965700312,47.61794389498292,-1332.80099689099,-937.0764225542927,3077.5835504405936,0.8110700163456802,-0.0019219219219219763,-0.1283960977656562,False,False,-4,DOWN,0.07618245276206514,False
20250224,170860.0,0.02816223372246962,166670.0,167693.5,171949.2,167384.14271240256,168290.52746018808,53.10364043765727,-906.3847477855161,-930.9380876005374,3192.0418682662653,0.5088358593884701,0.02250149611011376,-0.10384978495751596,False,False,0,NEUTRAL,0.015334191735924207,
20250225,175010.0,0.024288891490108933,168138.0,167844.5,172366.4,168557.3515258791,168788.26616684083,57.36726860977241,-230.91464096173877,-790.9333982727777,3260.467449104389,1.629801496218955,0.017559160416303232,-0.08208328962551137,True,False,4,UP,-0.0032569567453288872,False
20250226,175020.0,5.713959202324759e-05,169822.0,167920.0,172732.4,169551.6051372823,169249.87608040817,57.37732442969009,301.7290568741446,-572.4009072433932,3028.2912027397897,1.894598104933212,0.008702668434096061,-0.08203084023916918,True,False,6,UP,-0.028396754656610623,False
20250301,175410.0,0.0022283167637984214,172496.0,168187.5,173012.2,170452.8966546235,169706.1815559335,57.79542727940033,746.7150986900087,-308.5777060567128,2839.8418311155187,1.1319618781009047,0.031459484887686795,-0.0799853141718242,True,False,5,UP,-0.05632518100450379,False
20250302,178840.0,0.01955418733253511,175028.0,168808.5,173263.8,171743.2202462199,170382.76069993843,61.38326028355717,1360.4595462814614,25.229744410922024,2881.995986035839,2.0294488092734673,0.07463045307054439,-0.06199517465645654,True,False,6,UP,-0.1017669425184522,False
20250303,173480.0,-0.029970923730708976,175552.0,169124.0,173308.6,172010.41713141685,170612.1858332763,53.700668493306104,1398.2312981405412,299.83005515684584,3058.996272747565,0.3040839069856274,0.03774600705868281,-0.09010804573586484,False,False,4,UP,-0.07712704634540002,False
20250304,174440.0,0.005533779109983872,175438.0,169714.0,173304.6,172384.1991111989,170895.727623404,54.792018485375394,1488.4714877948863,537.5583416844539,2909.06796755131,2.084296143354467,0.072552877520905,-0.08507290464701567,False,False,5,UP,-0.10083696399908282,False
20250305,170050.0,-0.025166246273790382,174444.0,169993.5,173143.4,172025.09155562983,170833.0811327815,49.09315512717516,1192.0104228483397,668.4487579172311,3014.848827011931,1.0159116048760064,0.03399002797032713,-0.1080981852512326,False,False,2,UP,-0.07374301675977657,False
20250308,165530.0,-0.02658041752425755,172468.0,170080.0,172891.8,171025.84670091755,170440.26030813102,44.01684179322233,585.5863927865284,651.8762848910906,3122.359625082507,0.33156959046395246,0.010561660561660524,-0.1318053078778978,False,False,-2,DOWN,-0.02023802331903579,True
20250309,160640.0,-0.029541472844801575,168828.0,169756.0,172542.4,169428.02413154562,169714.31510012134,39.28423050783123,-286.2909685757186,464.24283419772877,3248.6196518623283,0.7571315963314595,-0.03877453326950697,-0.1574530577992237,False,True,-5,DOWN,0.01711902390438258,False
20250310,160100.0,-0.0033615537848605825,166152.0,169254.0,172553.0,167992.94349592322,169002.14361122347,38.788264526326806,-1009.2001153002493,169.55424429813314,3055.1468195864477,0.9249803351038457,-0.05901022687198776,-0.16028532466170142,False,True,-5,DOWN,0.00012492192379753853,False
20250311,156850.0,-0.020299812617114332,162634.0,168405.0,171876.8,166278.6444965504,168101.98482520692,35.85433551775252,-1823.3403286565153,-229.02467029279657,3069.064903901701,0.5630398445011925,-0.09768164298452509,-0.17733137522290987,False,True,-5,DOWN,-0.00969078737647433,True
20250312,157510.0,0.004207841887153396,160126.0,167636.5,171230.6,164929.62226631187,167317.39335667307,36.89818140903045,-2387.7710903612024,-660.7739543064778,2896.988839337294,0.6374462324212922,-0.08890559925960206,-0.17386971572432608,False,False,-4,DOWN,0.01549107993143295,False
20250315,162180.0,0.029648911180242488,159456.0,167359.5,170785.8,164506.60345611002,166936.84570062323,43.85966360533195,-2430.2422445132106,-1014.6676123478244,3023.6324936703445,0.4356572119314421,-0.033031242547102324,-0.14937585230252803,False,False,-4,DOWN,-0.009187322727833291,True
20250316,163390.0,0.007460845973609631,160006.0,167361.5,170475.4,164334.81830901618,166674.11638946595,45.53622984023381,-2339.2980804497784,-1279.593705968215,2894.0873155510344,1.1062751460335951,0.00024487297214559334,-0.14302947655512432,False,False,-4,DOWN,-0.03360058755125772,True
20250317,160120.0,-0.020013464716322926,160010.0,167096.0,170201.4,163686.38472301367,166188.62628654254,41.89494698907655,-2502.2415635288635,-1524.1232774803448,2920.9382215831033,0.8248389161615041,-0.032098168409599226,-0.16018042588901715,False,False,-4,DOWN,0.006182862852860405,False
20250318,155330.0,-0.0299150637022233,159706.0,166479.0,169776.6,162400.78707331925,165384.2835986505,37.20209183390068,-2983.496525331255,-1815.9979270505269,3054.442634327167,0.4997392866879935,-0.0735969463827757,-0.18530368194692126,False,True,-5,DOWN,0.015064700959247945,False
20250325,159950.0,0.029743127534925584,160194.0,166146.5,169393.2,162023.7429081932,164981.74407282454,43.74711854821708,-2958.001164631336,-2044.3985745666887,3166.268160446655,0.4400998807901289,-0.03991596638655459,-0.16107206545683417,False,False,-4,DOWN,-0.029446702094404476,True
20250326,160690.0,0.004626445764301268,159896.0,166079.0,168921.2,161818.5516915481,164663.83710446715,44.740570956780225,-2845.285412919038,-2204.5759422371584,2992.9632918433226,0.7863077300131825,-0.008331276228091822,-0.15719081086751285,False,False,-4,DOWN,-0.0509677017860477,True
20250329,157900.0,-0.017362623685356904,158798.0,165665.0,168399.0,161215.6975851561,164162.81213376587,41.74703102765141,-2947.1145486097666,-2353.0836635116802,2978.465913854514,0.5758065033794451,-0.049825490432061637,-0.17182418965698099,False,False,-4,DOWN,-0.00525649145028495,True
20250330,161110.0,0.020329322355921553,158996.0,165177.5,168016.4,161199.436418209,163936.67790163506,46.206648884500694,-2737.2414834260708,-2429.9152274945586,2995.0040628649053,0.8883600778297461,-0.057064263139412374,-0.1549879366411413,False,False,-4,DOWN,-0.029110545589969616,True
20250405,157670.0,-0.021351871392216504,159464.0,164310.5,167479.4,160656.446200023,163472.479538551,42.455600529511976,-2816.03333852801,-2507.138849701249,3026.7894869459838,1.1778115099193325,-0.09908005256842467,-0.16937098303656095,False,False,-4,DOWN,-0.0021564026130526104,True
20250406,155240.0,-0.015411936322699327,158522.0,163321.5,166894.8,159823.14678463485,162862.66623939908,39.98620374125685,-3039.5194547642313,-2613.6149707138457,2984.1616664498424,0.43339395218875926,-0.11301565535367386,-0.15868198569260783,False,True,-5,DOWN,0.043803143519711485,False
20250407,152500.0,-0.0176500901829425,156884.0,162176.0,166350.2,158696.50881776796,162095.06133277694,37.3483183925433,-3398.5525150089816,-2770.602479572873,2966.7215474177106,0.4326859912992236,-0.13060828915113165,-0.1735313245176675,False,True,-5,DOWN,0.09200000000000008,False
20250408,157070.0,0.029967213114754143,156718.0,161087.5,166004.8,158446.2766919575,161722.83456738605,43.98567523186195,-3276.5578754285525,-2871.7935587440093,3081.241436887874,0.4992663443109084,-0.12172891970476407,-0.14876436158681983,False,False,-4,DOWN,0.03609855478449098,False
20250409,156420.0,-0.004138282294518403,155780.0,160234.5,165648.2,158134.54181627173,161330.0320068389,43.28330723951099,-3195.490190567187,-2936.5328851086447,2907.581334253026,1.536278500927322,-0.09833986626700486,-0.15228701495772812,False,False,-5,DOWN,0.05971103439457859,False
20250412,157330.0,0.005817670374632433,155712.0,159379.0,165306.8,158010.76615222992,161033.73333966566,44.61666073940126,-3022.9671874357446,-2953.8197455740647,2764.8969532349524,1.330132587050435,-0.09808530153634487,-0.14735530023845655,False,False,-4,DOWN,0.08409076463484388,False
20250413,162040.0,0.02993707493802833,157072.0,158978.5,165161.6,158630.6482826561,161108.27161080152,51.03319311070044,-2477.623328145419,-2858.5804620883355,2903.8328851467413,0.45678876671463897,-0.04710379300205825,-0.12182961196618258,False,False,0,NEUTRAL,0.08411503332510484,
20250414,166530.0,0.027709207603060948,159878.0,159028.5,165116.4,159845.93316224747,161509.88112111253,56.23825610242312,-1663.9479588650574,-2619.65396144368,3017.1305362076882,2.8232916041377827,0.00604120099075689,-0.09749620637329282,True,False,4,UP,0.08430913348946145,True
20250415,162740.0,-0.022758662102924432,161012.0,159133.5,165041.2,160291.17421420937,161601.00103806716,51.28290557480158,-1309.8268238577875,-2357.688533926502,3072.3354979071387,1.9779963231785362,0.013072709163346685,-0.11803598525905046,False,False,-1,NEUTRAL,0.13168243824505343,
20250416,165760.0,0.018557207816148447,162880.0,159416.5,165014.4,161132.53202740793,161909.07503524737,54.70758870409218,-776.543007839442,-2041.45942870909,3068.5972480566284,1.4717327249560874,0.03535290443472827,-0.10166919575113809,False,False,2,UP,0.14436534749034746,True
20250419,170560.0,0.02895752895752901,165526.0,160102.0,164985.8,162582.911715499,162549.88429189572,59.57209960429129,33.02742360328557,-1626.562058246615,3192.2688731954404,0.8153837026903002,0.0874083519285942,-0.07540521494009866,True,False,5,UP,0.14552063789868663,True
20250420,175670.0,0.02996013133208253,168252.0,161010.0,165029.0,164596.30991311453,163521.74471471825,64.00438468834857,1074.5651983962744,-1086.336606918037,3329.2496679671945,0.2451255705427514,0.1152942670306647,-0.02258943971512828,True,False,5,UP,0.13269197927933063,True
20250421,180570.0,0.027893208857517005,171060.0,161929.5,165239.2,167053.8006957123,164784.57843955394,67.66519032610864,2269.222256158362,-415.22483430275713,3441.446120255252,2.336431429893494,0.11339252682204948,0.0,True,False,6,UP,0.13496151077144591,True
20250422,184170.0,0.019936866589134405,175346.0,162968.5,165594.2,169687.06212714117,166220.53559217957,70.07330380591344,3466.5265349615947,361.12543955011324,3452.771397379877,1.3906453768900207,0.1271803659954709,0.0,True,False,4,UP,0.08568170711842327,True
20250423,189690.0,0.029972308193516817,180132.0,164447.0,166044.6,172764.4371845041,167959.0144372033,73.35059759402007,4805.422747300792,1249.984901100249,3600.4305832813143,0.3251603391570852,0.1846739945041218,0.0,True,False,4,UP,0.07016711476619752,True
20250426,195380.0,0.029996309768569818,185096.0,166449.5,166699.4,176243.75454073423,169990.198552966,76.23912742647445,6253.555987768224,2250.6991184338444,3749.6855416183635,2.3935677039237215,0.2578381510332839,0.0,True,False,5,UP,0.007830893643157033,True
20250427,198980.0,0.018425632101545686,189758.0,168401.0,167389.8,179741.63845754435,172137.59125274632,77.8732405392163,7604.047204798029,3321.368735706682,3738.9937172170517,2.176903979237881,0.24401375429821814,0.0,True,False,5,UP,-0.03739069253191274,False
20250428,204940.0,0.02995275907126338,194632.0,170613.5,168212.6,183618.309464076,174567.39930809845,80.29000678582142,9050.910155977559,4467.277019760858,3897.6370231301194,0.40173566203018907,0.2753749455473271,0.0,True,False,4,UP,-0.06460427442178196,False
20250429,199950.0,-0.024348589831170053,197788.0,172716.0,168869.2,186130.87723883355,176447.591951943,73.09179788878575,9683.285286890547,5510.478673186796,3975.662950049397,2.8262978119658597,0.2663077897403421,-0.024348589831170053,False,False,2,UP,-0.02895723930982741,False
20250430,203000.0,0.015253813453363296,200450.0,174810.5,169526.4,188726.1268943976,178414.4369925398,74.59124226890027,10311.689901857811,6470.720918921,3909.5441679030114,2.0561655040176317,0.2600086897151015,-0.009466185224943913,False,False,4,UP,-0.015073891625615787,False
20250503,196910.0,-0.030000000000000027,200756.0,176772.5,169988.0,189985.1842952595,179784.4786967961,66.60972500905578,10200.705598463392,7216.717854829479,4065.291013052796,0.2106973542130359,0.24887423098877393,-0.03918219966819558,False,False,4,UP,0.0069574932710374515,True
20250504,191540.0,-0.02727134223757044,199268.0,178587.5,170361.2,190224.38671137343,180655.258052589,60.46575902721651,9569.128658784437,7687.200015620471,4158.4845121204535,1.963547113829949,0.23383148673022425,-0.06538499072899384,False,False,3,UP,0.06604364623577319,True
20250505,191700.0,0.0008353346559464292,196620.0,180547.5,170840.8,190451.4041403929,181473.38708573056,60.58242158187329,8978.017054662341,7945.363423428846,3872.878475540421,0.9061966352031289,0.25704918032786894,-0.06460427442178196,False,False,4,UP,0.09707876890975475,True
20250506,194160.0,0.012832550860719882,195462.0,182402.0,171457.0,191021.95734956325,182413.13619049126,62.41866434045436,8608.821159071987,8078.054970557474,3771.9585844303906,0.9109166878537232,0.23613675431336345,-0.052600761198399515,False,False,4,UP,0.11562628759785754,True
20250507,199940.0,0.029769262463947177,194850.0,184578.0,172147.2,192393.9639111689,183711.42239860303,66.38141707082093,8682.541512565862,8198.952278959152,3915.3901141139345,1.107235819111364,0.27822529088351877,-0.024397384600370886,False,False,4,UP,0.11138341502450744,True
20250510,198280.0,-0.008302490747224223,195124.0,186625.5,172759.4,193299.5079248352,184790.5762950028,64.28489875896523,8508.931629832397,8260.948149133801,3754.2908202486537,1.1746937347749022,0.2602809381554694,-0.03249731628769392,False,False,4,UP,0.10328827920112982,True
20250511,204190.0,0.02980633447649783,197654.0,188733.0,173511.2,194974.96824409132,186227.57064352112,68.14258379563972,8747.397600570199,8358.238039421081,3908.27004737375,1.099414190805447,0.26012095778820044,-0.0036596076900555774,False,False,4,UP,0.08217836328909356,True
20250512,210310.0,0.02997208482295899,201376.0,190922.0,174476.6,197334.2038988465,188011.4542995566,71.56741978550595,9322.749599289906,8551.140351394846,4066.2507582756252,0.14253368008675504,0.2628955743709842,0.0,True,False,4,UP,0.07774238029575398,True
20250513,216610.0,0.029955779563501483,205866.0,193615.5,175485.2,200299.71099133164,190129.86509218204,74.5951655735861,10169.8458991496,8874.881460945799,4225.804275541652,0.15583780243566264,0.33101880299864805,0.0,True,False,4,UP,0.037302063616638126,True
20250514,222210.0,0.025852915377868158,210320.0,196438.0,176512.2,203670.52468497292,192506.17138165003,76.94531015282544,11164.353303322889,9332.775829421216,4323.9611130029625,2.346767252338999,0.3405526061776061,0.0,True,False,5,UP,-0.015075829170604349,False
20250517,218760.0,-0.015525853921965704,214416.0,198848.0,177387.2,205991.98242574633,194450.89942745373,72.49585204940817,11541.082998292608,9774.437263195494,4261.535319217037,1.3704710125137827,0.2825984990619137,-0.015525853921965704,False,False,3,UP,0.011108063631376952,True
20250518,220970.0,0.010102395319071089,217772.0,201113.0,178306.2,208296.29282178538,196415.27724764234,73.55095029748591,11881.015574143035,10195.752925385003,4114.997082130106,1.126665763601393,0.25786986964194236,-0.005580306916880384,False,False,3,UP,-0.024799746571932846,False
20250519,226660.0,0.025750101823776905,221042.0,203417.5,179331.2,211121.4785415107,198655.62708115033,76.09374305344275,12465.851460360369,10649.772632380076,4227.497290549384,1.7406590248865106,0.2552472725258903,0.0,True,False,5,UP,-0.04372187417276974,False
20250520,224690.0,-0.008691432100944141,222658.0,205443.5,180248.2,213208.94338127828,200584.0991492133,73.46048554931667,12624.844232064992,11044.78695231706,4066.2474840815707,1.1063485926292969,0.22001411739154042,-0.008691432100944141,False,False,3,UP,-0.021629801059237175,False
20250521,218860.0,-0.025946860118385318,221988.0,206902.0,181155.8,214078.3367072355,201937.8695826049,66.16340345585743,12140.46712463058,11263.922986779766,4192.229806647173,1.0433693454929651,0.153777215456798,-0.03441277684637778,False,False,4,UP,-0.008818422735995646,False
20250524,221190.0,0.010646075116512943,222474.0,208192.5,182090.8,215172.43875227618,203363.95331722675,67.55071076916653,11808.485435049428,11372.835476433698,4059.2133918866607,0.7391722547358236,0.13210154570580412,-0.024133062737139332,False,False,4,UP,-0.029115240291152422,False
20250525,215490.0,-0.02576970025769698,221378.0,209018.0,182999.6,215221.29432884906,204262.17899743217,60.965444153260556,10959.115331416891,11290.091447430339,4176.412435323328,0.2559517038594498,0.082973163131973,-0.049280861201800086,False,False,2,UP,-0.02923569539189752,False
20250526,216750.0,0.005847139078379415,219396.0,209608.5,184024.0,215456.47981671843,205187.20277540016,61.85078284200837,10269.277041318273,11085.928566207926,3968.097261371662,0.7669979918073283,0.05762662242607597,-0.04372187417276974,False,False,2,UP,-0.010011534025374802,False
20250527,219830.0,0.014209919261822357,218424.0,210602.5,185207.8,216129.32907568483,206271.85442166682,64.00022070059988,9857.474654018006,10840.237783769942,3904.6617427022575,0.5172425862142964,0.09942485621405361,-0.030133239212917995,False,False,2,UP,-0.03493608697629991,False
20250528,216930.0,-0.013192012009279885,218038.0,211299.0,186344.4,216252.50921788716,207061.34668672853,60.54143285908841,9191.162531158625,10510.422733247678,3832.9001896520963,0.392882123261283,0.06862068965517243,-0.04292773316862264,False,False,2,UP,-0.050938090628313226,False
20250531,214750.0,-0.010049324666943305,216750.0,212191.0,187502.4,216021.35395359682,207630.8765617857,58.003725608505256,8390.477391811117,10086.433664960367,3714.8358903912326,0.43073337846550713,0.09059976639073697,-0.05254566310773845,False,False,2,UP,-0.05220023282887076,False
20250601,209190.0,-0.025890570430733395,215490.0,213073.5,188536.0,214970.37642227425,207746.36718683862,52.01517318978427,7224.009235435631,9513.94877905542,3846.633326791859,0.6612896178844573,0.09214785423410254,-0.07707579634695139,False,False,0,NEUTRAL,-0.04914192839045839,
20250602,214580.0,0.025766050002390184,215056.0,214217.5,189584.0,214910.3185111551,208252.56221003574,56.6840505004095,6657.756301119371,8942.71028346821,3956.873803449583,0.9813654637784106,0.11935315597287421,-0.05329568516721084,False,False,2,UP,-0.06132910802497904,False
20250603,212150.0,-0.011324447758411793,213520.0,215117.0,190559.2,214485.65412482354,208541.26130558865,54.12708223244586,5944.392819234898,8343.046790621547,3847.81138891747,0.8494799847061726,0.0926555418211783,-0.06401658872319771,False,False,0,NEUTRAL,-0.051991515437190716,
20250607,205880.0,-0.029554560452510037,211310.0,215414.0,191474.4,213161.70733638914,208344.130838508,48.098169947776476,4817.576497881149,7637.952732073468,4020.8248611376507,0.4115079866270651,0.029708912673802157,-0.09167916703432455,False,False,0,NEUTRAL,-0.023120264231591192,
20250608,203540.0,-0.011365844181076334,209068.0,215677.0,192438.6,211681.44466925235,207988.2692949148,46.03722456757438,3693.1753743375593,6848.9972605262865,3900.7659424849617,0.5857757845106885,0.02652814202138387,-0.10200300008823793,False,False,0,NEUTRAL,-0.011889554878647957,
20250609,198910.0,-0.02274737152402473,207012.0,215413.0,193217.8,209716.60702782893,207315.80490269887,42.18553475191242,2400.8021251300524,5959.35823344704,3952.854089450321,0.5948651543873502,-0.02585826925902346,-0.12243007147269036,False,True,-1,NEUTRAL,0.011110552511185867,
20250610,201420.0,0.01261877230908448,204380.0,214968.5,194032.4,208440.20594662448,206879.07861361007,44.877967169555085,1561.1273330144177,5079.712053360517,3849.7930830610126,0.6597743026644363,-0.04227093338405208,-0.1113562163593047,False,False,0,NEUTRAL,-0.0014894250819184052,
20250611,201120.0,-0.0014894250819184052,202174.0,214194.0,194896.8,207314.02041637458,206452.4801977871,44.61055685250878,861.54021858747,4236.077686405908,3596.23643427094,0.41642542756643874,-0.07151101057199571,-0.11267978469954998,False,False,0,NEUTRAL,0.0,
20250615,201120.0,0.0,201222.0,213139.5,195697.0,206361.0941984708,206057.4816646177,44.61055685250877,303.6125338530983,3449.5846558953463,3339.3624032515872,0.0,-0.09491022006210337,-0.11267978469954998,False,False,0,NEUTRAL,0.0,
20250616,201120.0,0.0,200738.0,212257.5,196566.0,205554.77201409067,205691.74228205343,44.61055685250878,-136.97026796275168,2732.2736711237267,3100.836517305045,0.0,-0.08063631376851343,-0.11267978469954998,False,False,-2,DOWN,0.0,False
20250618,201120.0,0.0,201180.0,211265.0,197483.6,204872.49939653827,205353.09470560504,44.61055685250878,-480.5953090667608,2089.699875085629,2879.348194640399,0.0,-0.08983119880526769,-0.11267978469954998,False,False,-2,DOWN,0.0,False
20250621,201120.0,0.0,201120.0,209988.0,198456.0,204295.19179707085,205039.53213481948,44.610556852508765,-744.3403377486393,1522.8918325187756,2673.680466451799,0.0,-0.11267978469954998,-0.11267978469954998,False,False,-2,DOWN,-0.029982100238663434,True
20250622,201120.0,0.0,201120.0,208809.5,199337.0,203806.70075136764,204749.19642112916,44.61055685250877,-942.4956697615271,1029.814332062715,2482.7032902766705,0.0,-0.10490008456095068,-0.11267978469954998,False,False,-2,DOWN,-0.059069212410501226,True
20250623,201120.0,0.0,201120.0,207922.5,200231.0,203393.36217423415,204480.36705660107,44.610556852508765,-1087.0048823669204,606.450489176788,2305.367340971194,0.0,-0.08105638307593899,-0.11267978469954998,False,False,-2,DOWN,-0.08726133651551315,True
20250624,201120.0,0.0,201120.0,206919.0,201106.8,203043.6141474289,204231.45097833432,44.61055685250877,-1187.836830905435,247.59302516034342,2140.6982451875374,0.0,-0.0907364709073647,-0.11267978469954998,False,False,-2,DOWN,-0.11460819411296741,True
20250625,201120.0,0.0,201120.0,206200.5,201888.4,202747.6735093629,204000.97312808735,44.610556852508765,-1253.2996187244426,-52.58550361661378,1987.791227674142,0.0,-0.06668522901294727,-0.11267978469954998,False,False,-4,DOWN,-0.14115950676213207,True
20250628,195090.0,-0.029982100238663434,199914.0,205117.5,202459.6,201569.56989253784,203340.90104452532,36.1703057073171,-1771.3311519874842,-396.3346332907879,2276.5204256974175,0.3961811792809472,-0.09993079584775089,-0.13928350833848058,False,True,-5,DOWN,-0.1195858321800195,True
20250629,189240.0,-0.029986160233738235,197538.0,203588.0,202989.6,199672.71298599357,202296.38985604196,30.200558547205773,-2623.6768700483954,-841.8030806423094,2531.7689667190307,0.42514467265593847,-0.1391529818496111,-0.16509309097326397,False,True,-5,DOWN,-0.11852673853307971,True
20250630,183570.0,-0.02996195307545968,194028.0,201920.0,203345.8,197195.37252660995,200909.24986670553,25.762407491111432,-3713.8773400955833,-1416.2179325329644,2755.9283262391,0.4488724206627442,-0.15378232609597564,-0.19010853260390015,False,True,-4,DOWN,-0.11733943454812878,True
20250701,178070.0,-0.029961322656207434,189418.0,200086.0,203496.0,194253.00752251613,199217.4535802829,22.33382551731998,-4964.446057766763,-2125.8635575797243,2951.9334457934497,0.4913451824976261,-0.17080325960419096,-0.21437395217506394,False,True,-4,DOWN,-0.06806312124445446,True
20250702,172730.0,-0.029988206884932866,183740.0,198263.0,203437.2,190941.7755959752,197255.4199817434,19.605648449562892,-6313.644385768217,-2963.419723217423,3122.5096282367745,1.3386217465696961,-0.17429131411635357,-0.2379334686314304,False,True,-4,DOWN,-0.060209575638279444,True
20250707,171760.0,-0.005615700804724177,179074.0,196122.0,203261.0,187990.73319659437,195366.8703534661,19.148086423111778,-7376.1371568717295,-3845.963209948284,2968.7589405055764,3.3417961427693355,-0.1995526144095442,-0.24221300626489017,False,True,-5,DOWN,-0.06282021425244533,True
20250708,166810.0,-0.0288192827200745,174588.0,193855.0,202913.8,184732.1588586568,193251.54662357972,16.971361294910764,-8519.387764922925,-4780.648120943213,3110.2761590408923,0.9616033797867352,-0.2137167098750884,-0.26405188387893763,False,True,-4,DOWN,-0.04436184881002336,True
20250709,162030.0,-0.028655356393501585,170280.0,191662.5,202360.6,181239.51903424805,190938.8394662775,15.177141750112256,-9699.32043202946,-5764.382583160463,3229.5421476808287,3.52040847873614,-0.21298814843598213,-0.2851407394335127,False,True,-5,DOWN,0.00796148861321977,False
20250712,165950.0,0.024193050669629068,167856.0,189783.0,201772.0,178887.28533667143,189087.8143206273,22.420633760231283,-10200.528983955883,-6651.6118633195465,3278.860565703627,2.1910938819138885,-0.18468114375552713,-0.26784611312097417,False,False,-2,DOWN,-0.004941247363663748,True
20250713,162330.0,-0.021813799337149775,165776.0,187954.0,201039.0,176340.0106694912,187105.75400058084,20.665582070409144,-10765.743331089645,-7474.438156873566,3303.227668153368,2.5025272596085197,-0.18390226735709614,-0.28381717109326743,False,False,-4,DOWN,0.014230271668822736,False
20250714,160970.0,-0.008377995441384845,163618.0,185931.5,200159.6,173975.39364341562,185169.77222276005,20.031181429558004,-11194.378579344426,-8218.426241367739,3164.4256918566994,1.43201373591084,-0.20082414854532815,-0.2898173475690462,False,True,-4,DOWN,0.04597129899981356,False
20250715,159410.0,-0.009691246816176946,162138.0,183846.0,199348.8,171734.5638521209,183261.64094700004,19.299320825280432,-11527.077094879147,-8880.15641207002,3049.823856724078,0.9611061114799876,-0.20738862370723943,-0.2966999029383217,False,True,-4,DOWN,0.08788658177027786,False
20250716,163320.0,0.024527946803839074,162396.0,181956.0,198555.2,170440.01556717922,181784.48235833336,26.543495383073065,-11344.466791154147,-9373.018487886846,3111.2650098152153,2.9839617950506385,-0.18794749403341293,-0.279449395570458,False,False,-2,DOWN,0.06184178300269405,False
20250719,165130.0,0.011082537349987653,162232.0,180156.5,197919.6,169623.09009530547,180550.8169984568,29.68990944973585,-10927.726903151342,-9683.960170939747,3018.3175091141284,1.3987577224395376,-0.178947891805887,-0.2714638665843113,False,False,-3,DOWN,0.050202870465693605,False
20250720,164640.0,-0.0029673590504450953,162694.0,178332.5,197381.6,168856.46084987387,179372.2379615341,29.32371913314006,-10515.777111660223,-9850.323559083843,2837.723401320262,1.1611587775822978,-0.18138424821002386,-0.2736256948733786,False,False,-3,DOWN,-0.0010325558794946899,True
20250721,168370.0,0.022655490767735653,164174.0,176695.0,196915.0,168781.62071912404,178557.25737179082,35.813623227250446,-9775.636652666784,-9835.386177800432,2901.4574440831007,1.761531733043758,-0.16283810660302311,-0.257169328509662,False,False,-1,NEUTRAL,-0.05125616202411354,
20250722,173420.0,0.029993466769614452,166976.0,175310.0,196500.2,169495.21753156648,178176.71978869522,43.392514622967646,-8681.50225712874,-9604.609393666095,3054.924769505736,1.5717048627553363,-0.1377287191726333,-0.23488926144886613,False,False,-1,NEUTRAL,-0.10650444008764848,
20250723,173420.0,0.0,168996.0,173925.0,195969.8,170099.0302190178,177824.3701747178,43.39251462296765,-7725.339955700008,-9228.755506072877,2836.7158573981833,0.0,-0.1377287191726333,-0.23488926144886613,False,False,-2,DOWN,-0.1280129166186138,True
20250726,173420.0,0.0,170654.0,172540.0,195472.6,170609.94864686122,177498.1205321461,43.39251462296765,-6888.171885284886,-8760.63878191528,2634.0932961554563,0.0,-0.1377287191726333,-0.23488926144886613,False,False,0,NEUTRAL,-0.12997347480106103,
20250727,164470.0,-0.05160881097912584,170620.0,170707.5,194678.2,169665.34116272873,176533.07456680192,34.40121760544625,-6867.733404073195,-8382.057706346865,3085.229489287209,1.1239982549956884,-0.18222951471758153,-0.274375716932851,False,False,-2,DOWN,-0.0600717456071016,True
20250728,159740.0,-0.028759044202590123,168894.0,168940.0,193666.8,168138.365599232,175289.14311740917,30.772201599872304,-7150.777518177172,-8135.801668712927,3202.7130971952656,0.5021311562403497,-0.18119842124147834,-0.29524397776405187,False,False,-2,DOWN,-0.009828471265806882,True
20250729,154950.0,-0.029986227619882344,165200.0,167225.5,192433.6,166109.38627627323,173782.53992352702,27.597231484961583,-7673.153647253785,-8043.272064421099,3316.0907331098897,0.39050393064100747,-0.18119847812301837,-0.31637695226330187,False,True,-2,DOWN,0.0030332365279122087,False
20250730,151220.0,-0.024072281381090632,160760.0,165608.0,191013.8,163818.71146453888,172111.24066993242,25.399548381395817,-8292.52920539354,-8093.123492615587,3345.6556807448974,1.4512354509997862,-0.176227052350602,-0.3328333186270185,False,True,-4,DOWN,0.026054754662081736,False
20250802,150880.0,-0.002248379843935999,156252.0,164248.5,189656.2,161828.14046999443,170538.55617586334,25.20253372933888,-8710.415705868916,-8216.581935266253,3130.9659892631194,0.9010893384681259,-0.15269276127365639,-0.33433336274596315,False,True,-4,DOWN,0.057993107104984176,False
20250803,154590.0,0.02458907741251326,154276.0,163341.5,188328.6,160714.5803976876,169357.18164431793,31.450734986656087,-8642.601246630336,-8301.78579753907,3172.325561458611,1.3223323782254526,-0.10501939443061425,-0.3179652342715962,False,False,-4,DOWN,0.024387088427453296,False
20250804,158170.0,0.023158030920499284,153962.0,162662.0,186958.8,160323.10649035103,168528.5015225166,36.926082974833626,-8205.395032165572,-8282.507644464371,3201.4451642115673,1.291952338535565,-0.07912203074056823,-0.3021706520780023,False,False,-2,DOWN,0.006764873237655733,False
20250805,155420.0,-0.017386356451918772,154056.0,162092.5,185573.4,159568.7824149124,167557.5014097376,34.63738556526978,-7988.718994825205,-8223.749914536538,3169.199081053598,1.6364532521613422,-0.06828127810083329,-0.3143033618635842,False,False,-3,DOWN,0.0033457727448205077,False
20250806,155160.0,-0.0016728863724102538,154844.0,161749.0,184299.4,158890.50819723355,166639.16797197927,34.4201687363108,-7748.659774745727,-8128.731886578376,2961.399146692627,0.5870875973418666,-0.04239955563784481,-0.3154504544251302,False,False,-2,DOWN,-0.02287960814642953,True
20250809,159630.0,0.028808971384377324,156594.0,161433.0,183068.2,159004.2761668899,166119.97034442524,41.2424680513491,-7115.694177535333,-7926.124344769768,3069.1563505002964,1.1463122587690333,-0.0380837601687255,-0.2957292861554751,False,False,-2,DOWN,-0.06540124036835182,True
20250810,158360.0,-0.007955898014157747,157348.0,161234.5,181925.6,158905.15675659917,165545.15772631965,39.97020268166073,-6640.0009697204805,-7668.899669759911,2940.645182607418,0.6726880541713509,-0.02445635433992488,-0.3013323921291803,False,False,-2,DOWN,-0.03056327355392774,True
20250811,159240.0,0.005556958827986902,157562.0,161148.0,180775.4,158956.67110173774,165078.10900585153,41.32096718992574,-6121.437904113787,-7359.407316630687,2793.4562409926025,1.1124922359448794,-0.01074734422563206,-0.2974499249977941,False,False,-2,DOWN,-0.0116804822908817,True
20250812,155940.0,-0.02072343632253204,157666.0,160974.5,179497.6,158492.56785531653,164401.21204245512,37.87885110320872,-5908.6441871385905,-7069.2546907322685,2829.6379380645594,0.6918481843802029,-0.021767768646885344,-0.31200917674049233,False,False,-2,DOWN,-0.010067974862126405,True
20250813,151610.0,-0.02776708990637422,156956.0,160389.0,178191.2,157433.7112621909,163453.7148541251,33.88969250716882,-6020.003591934219,-6859.404470972659,2936.806656774234,0.7040561948105748,-0.07169973059025225,-0.3311126797846996,False,False,-2,DOWN,-6.595870984760221e-05,True
20250816,149190.0,-0.01596200778312773,154868.0,159592.0,176880.0,156165.4479910846,162397.14338344918,31.869591196484407,-6231.695392364578,-6733.862655251042,2899.8918955760746,1.7542440560372283,-0.09653000666141831,-0.34178946439601166,False,True,-4,DOWN,0.027950935049265935,False
20250817,153520.0,0.029023392988806185,153900.0,159036.0,175766.6,155758.45599245618,161739.57720689737,38.8887331075724,-5981.121214441198,-6583.314367089074,3002.042474463498,0.7068509796189649,-0.06754130223517973,-0.3226859613518045,False,False,-2,DOWN,-0.025208441896821254,True
20250818,157380.0,0.02514330380406471,153528.0,158486.5,174622.6,156007.92430130907,161416.64556194202,44.389046802191125,-5408.721260632941,-6348.395745797848,3063.3251548589624,1.5373583085862987,-0.06527291085110176,-0.29956829409408514,False,False,-1,NEUTRAL,-0.048354301690176626,
20250819,154370.0,-0.01912568306010931,153214.0,157534.0,173467.0,155755.93594726155,160894.67181661297,41.26971538143394,-5138.735869351425,-6106.463770508563,3059.5162152261796,1.1649167402227085,-0.10984892169299965,-0.3020932230209322,False,False,-2,DOWN,-0.01600051823540849,True
20250820,151600.0,-0.017943901017037023,153212.0,156443.0,172381.4,155116.5611861444,160206.17760797497,38.58266459384476,-5089.6164218305785,-5903.094300772967,3038.836485567167,0.6674905028008787,-0.1258217045323492,-0.31461639314616396,False,False,-2,DOWN,-0.017612137203166234,True
20250823,153360.0,0.011609498680738684,154046.0,155440.0,171377.8,154846.32100366065,159699.05334071757,41.20219299702279,-4852.732337056921,-5693.021908029758,2947.4910223123693,0.5677097676463996,-0.11567293276438706,-0.30237001319201195,False,False,-2,DOWN,0.0,False
20250825,149650.0,-0.024191444966092823,153272.0,154699.0,170392.6,154046.88700309748,158954.67901918295,37.565037312978454,-4907.79201608547,-5535.975929640901,3001.9559492900576,0.8562426358351598,-0.0901076184106524,-0.31924669062457356,False,False,-2,DOWN,0.055529568994320044,False
20250826,149770.0,0.0008018710324089184,151750.0,154200.5,169359.6,153388.90438723634,158274.33242516938,37.75643120062774,-4885.428037933045,-5405.86635129933,2796.1019529121963,0.8288148735542117,-0.062413922624264484,-0.31870081426556884,False,False,-2,DOWN,0.0862656072644723,False
20250827,151900.0,0.014221806770381207,151256.0,154048.0,168375.2,153159.84217381536,157802.1596529346,41.20188665511696,-4642.317479119258,-5253.156576863315,2748.5232419898966,1.2610202158263937,-0.019683768957728276,-0.2997741206840916,False,False,-2,DOWN,0.09598420013166553,False
20250830,148930.0,-0.01955233706385784,150722.0,153933.5,167331.4,152509.0972239976,157144.96264160614,38.03994693861006,-4635.865417608526,-5129.698345012357,2764.34301041919,1.2384405805873775,-0.01514349953709826,-0.30649592549476135,False,True,-3,DOWN,0.14040153092056662,False
20250831,153360.0,0.029745518028604145,150722.0,154057.5,166376.2,152640.0053433826,156864.5950385242,44.83972677911901,-4224.5896951415925,-4948.676615038205,2883.318509674962,1.4032341342796668,0.0164369034994698,-0.28530151924690095,False,False,-2,DOWN,0.14064945226917058,False
20250902,157960.0,0.02999478351591023,152384.0,154226.0,165513.0,153458.46605978528,156945.73614678165,50.86915455097707,-3487.2700869963737,-4656.395309429839,3005.9386161267507,0.5863211727613226,0.021799598939129305,-0.26386429303756176,False,False,0,NEUTRAL,0.1390858445175993,
20250903,162690.0,0.029944289693593307,154968.0,154452.0,164744.4,154878.70205058754,157371.23717294598,56.173964908933705,-2492.535122358444,-4223.623272015559,3129.0858578319826,0.4601816891689931,0.028576847695517493,-0.23313693141645064,True,False,1,NEUTRAL,0.1299403774048804,
20250906,166480.0,0.02329583871166019,157884.0,155005.0,164051.6,156663.5171197279,158045.96034532035,59.90924059338294,-1382.443225592433,-3655.3872627309343,3176.294010843984,3.0780803217530273,0.07116201261098953,-0.19137361569846512,True,False,4,UP,0.13190773666506495,True
20250907,169840.0,0.020182604517059,162066.0,155739.0,163426.0,158690.66833207748,158919.59291233364,62.926025690773855,-228.9245802561636,-2970.0947262359805,3189.4158672122708,1.5795829684566636,0.09461201340551684,-0.16556942124398155,True,False,4,UP,0.10274375883184184,True
20250908,174930.0,0.029969382948657586,166380.0,156504.0,162902.2,161189.0270502194,160105.54899290152,66.97966210484533,1083.4780573178723,-2159.38016952521,3325.171876697109,0.33834186948198863,0.09584664536741205,-0.1315162347333929,True,False,5,UP,0.03910135482764532,True
20250909,179930.0,0.028582861716115016,170774.0,157582.5,162478.4,164072.25365787794,161574.02684527918,70.40307403256371,2498.226812598761,-1227.8587731004159,3444.8024569330296,3.2782569234565506,0.13620863854508714,-0.10669248336808657,True,False,5,UP,-0.019007391763463555,False
20250913,183830.0,0.021675095870616445,175002.0,158812.0,162253.2,167111.90694128134,163222.61744933255,72.77411439913695,3889.289491948788,-204.4291200905751,3477.3165671520987,2.9044257059472476,0.15442099974880685,-0.08596857597454255,True,False,5,UP,-0.06859598542131318,False
20250914,188440.0,0.025077517271391958,179394.0,160437.0,162237.2,170393.15202723804,165090.57171234494,75.29365754744137,5302.580314893101,896.9727669061602,3558.2225266412347,0.8471183464691665,0.20841349236885987,-0.06304693715194909,True,False,4,UP,-0.1149437486733178,False
20250915,187290.0,-0.006102738272129038,182884.0,162221.0,162311.6,172992.66709997065,166734.9738077268,73.46717829556924,6257.693292243843,1969.116871973697,3386.206631881146,2.4665653034497903,0.23534067673636305,-0.06876491646778038,False,False,2,UP,-0.08281275028031398,False
20250916,181770.0,-0.02947300977094347,184252.0,163850.0,162385.6,174343.02600766747,167848.6794515989,65.28120318743248,6494.346556068573,2874.162808792672,3538.6204438896357,0.4585587575669159,0.21837924793886998,-0.0962112171837709,False,False,4,UP,-0.04753259613797656,False
20250917,176510.0,-0.028937668482147738,183568.0,164999.5,162461.2,174676.40662187248,168490.25875148046,58.582699652620505,6186.147870392015,3536.5598211125407,3661.576126468947,1.0200513931573274,0.14975247524752477,-0.12236475735879082,False,False,4,UP,-0.02033879100334257,False
20250920,171220.0,-0.029969973372613423,181046.0,165691.5,162450.4,174144.65175696902,168692.46180692635,52.72337629888116,5452.189950042666,3919.685846898566,3777.892117435451,0.22138605232001568,0.08794001779133298,-0.14866746221161498,False,False,4,UP,0.04018222170307206,True
20250921,166780.0,-0.02593155005256398,176714.0,166312.0,162449.8,173011.62840974302,168550.79796937626,48.35212632075469,4460.830440366757,4027.9147655922047,3825.1855376186327,2.1296991549476996,0.0803912677333678,-0.17074383452665076,False,False,3,UP,0.09989207339009476,True
20250922,171780.0,0.029979613862573418,173612.0,167321.0,162644.8,172822.14711593642,168789.99811979284,53.07077386885969,4032.1489961435727,4028.7616117024786,3909.1008563601586,0.4146034266276868,0.1331134564643799,-0.14588305489260145,False,False,4,UP,0.09989521480964014,True
20250923,173130.0,0.007858889276982195,171884.0,168309.5,162788.4,172869.50909810004,169111.47974054894,54.285197987668276,3758.0293575511023,3974.6151608722034,3726.3079380487184,2.6796277990254986,0.1289123630672926,-0.13917064439140814,False,False,3,UP,0.12198925662796745,True
20250924,172920.0,-0.0012129613585166732,171166.0,169473.0,163000.2,172877.27692916157,169393.5923523601,54.05088304010476,3483.684576801461,3876.4290440580553,3475.143085330953,1.9134287230952134,0.15549615770130298,-0.11363985852683378,False,False,1,NEUTRAL,0.12005551700208184,
20250927,178100.0,0.029956049040018584,172542.0,170889.5,163342.8,173680.77278621364,170038.51143737047,58.777476901112564,3642.261348843167,3829.595505015078,3596.918579235885,0.2896492491191529,0.18915670695065767,-0.058867047135912065,False,False,2,UP,0.12010106681639532,True
20250928,183440.0,0.029983155530600714,175874.0,172466.5,163823.4,175182.1923575654,171031.21429386156,63.00259245562857,4150.978063703835,3893.8720167528295,3721.4243950047503,0.20887564412112566,0.2076366030283081,-0.02653364466143071,False,False,4,UP,0.12009376362843427,True
20250929,188940.0,0.029982555604012306,179306.0,174467.0,164335.8,177298.77814870919,172357.7910128348,66.77934341898467,4940.9871358743985,4103.2950405771435,3848.465509647268,0.2000168477417461,0.2686497012019069,0.0,True,False,5,UP,0.09876151159098123,True
20250930,194250.0,0.028104160050809845,183530.0,176511.5,164918.2,179906.65843352315,173979.43612299516,69.96693868252397,5927.2223105279845,4468.080494567312,3952.8608303867486,2.1632913466008215,0.2666275430359937,0.0,True,False,6,UP,0.07917631917631907,True
20251001,193680.0,-0.0029343629343628885,187682.0,178297.5,165499.0,182025.634059135,175438.73715092143,69.19936148216357,6586.896908213559,4891.843777296561,3711.2279139305524,2.7492483598649518,0.226133198278045,-0.0029343629343628885,False,False,3,UP,0.056536555142503,True
20251004,199490.0,0.02999793473771173,191960.0,180137.5,166121.4,184712.4595884988,177220.3121767791,72.50985120893537,7492.147411719721,5411.904504181193,3861.140205792656,0.21444684883027906,0.22619706189685895,0.0,True,False,4,UP,0.043460825104015166,True
20251005,205470.0,0.029976439921800546,196366.0,182087.0,166762.4,187905.9273441144,179312.88164516582,75.43627058938917,8593.045698948583,6048.132743134671,4012.487333950324,0.3158286585232387,0.23420230658337338,0.0,True,False,4,UP,0.04214727210785019,True
20251006,207600.0,0.010366476857935458,200098.0,183975.0,167446.0,190935.7846757891,181408.22374552392,76.39995622412273,9527.560930265172,6744.018380560771,3878.0239529538717,3.1606320271660224,0.22232689590202548,0.0,True,False,5,UP,0.05592485549132942,True
20251007,209630.0,0.009778420038535574,203174.0,185710.0,168170.2,193811.81780259078,183498.72569029994,77.31346023622093,10313.092112290848,7457.833126906788,3746.022242028595,2.059514797474076,0.19836506030983814,0.0,True,False,5,UP,0.0340600104946811,True
20251008,204630.0,-0.02385154796546296,205364.0,186945.0,168973.4,195476.15352526912,185064.00526879623,70.11458467935928,10412.148256472894,8048.69615282001,3835.5920818836953,1.499718029319662,0.1372756071805703,-0.02385154796546296,False,False,3,UP,0.03420808288129806,True
20251011,208160.0,0.01725064751014016,207098.0,188161.5,169941.8,197427.51452138156,186774.81969332986,72.09042635588001,10652.694828051695,8569.495887866347,3813.76407603486,1.4395249918153614,0.13235054126094759,-0.007012355101846057,False,False,3,UP,0.04712720983858576,True
20251012,214130.0,0.02867986164488845,208830.0,189446.0,171125.4,199997.12767193821,188801.1293456758,75.08994670112286,11195.998326262401,9094.796375545558,3967.7809277466554,0.4387851246526152,0.13632986627043087,0.0,True,False,4,UP,0.043431560267127356,True
20251013,219210.0,0.02372390603838781,211152.0,191042.0,172485.2,202952.9541839477,191053.63828303316,77.3232770545671,11899.315900914546,9655.700280619356,4047.2251471933228,2.122013350063153,0.17043088258849903,0.0,True,False,5,UP,0.01697002873956488,True
20251014,216770.0,-0.011130879065736066,212580.0,192792.0,173803.0,205078.65354026345,192958.55396577145,73.89629542781535,12120.099574491993,10148.580139393884,3932.4233509652286,1.0682376444049868,0.1925510260218959,-0.011130879065736066,False,False,3,UP,0.054712367947594265,True
20251015,211630.0,-0.023711768233611652,213980.0,194548.0,174943.8,206086.55299560752,194341.62404238098,67.14519681779147,11744.92895322654,10467.849902160415,4018.678825896284,0.9094513415863591,0.19896889694634856,-0.03457871447470462,False,False,4,UP,0.10787695506308181,True
20251018,217970.0,0.02995794547086894,215942.0,196885.5,176139.8,207914.7756116679,196091.87411331572,70.70083711188063,11822.901498352177,10738.860221398767,4184.487481189406,0.18942862235542465,0.27304053264805517,-0.0056566762465215525,False,False,3,UP,0.07845116300408317,True
20251019,223430.0,0.025049318713584512,217802.0,199718.0,177500.0,210301.73320987282,198116.92047529234,73.3733709092429,12184.812734580482,11028.05072403511,4275.595518247305,1.4571337129856867,0.33966902506295726,0.0,True,False,4,UP,0.06668755314863706,True
20251020,222930.0,-0.002237837353981087,218546.0,202275.5,178855.4,212244.54348527698,199954.92636601144,72.7192180572564,12289.617119265546,11280.364003081198,4005.9101240867835,1.0967698732797,0.2977645826056583,-0.002237837353981087,False,False,3,UP,0.08935540304131351,True
20251021,228630.0,0.025568564123267468,220918.0,205050.5,180235.4,214765.38294908052,202079.00589445504,75.41061619613089,12686.377054625482,11561.566613390056,4126.91654379487,1.6322110764014952,0.3205683590365622,0.0,True,False,5,UP,0.08454708480951756,True
20251022,234460.0,0.025499715697852476,225484.0,208127.5,181757.4,217795.32403383736,204477.59805042134,77.82077612002206,13317.725983416021,11912.79848739525,4248.565362095237,1.4154095172708965,0.3558871154291001,0.0,True,False,4,UP,0.05983963149364491,True
20251025,235070.0,0.0026017231084194403,228904.0,210976.0,183274.0,220452.9664901701,206743.70189853827,78.06305763072545,13709.264591631829,12272.091708242566,3988.667836231292,0.8583001204359486,0.31987647389107243,0.0,True,False,4,UP,0.06227932105330325,True
20251026,238330.0,0.013868209469519721,231884.0,213720.5,184921.8,223203.27933783623,209083.42768383175,79.3606615522914,14119.85165400448,12641.64369739495,3936.620133643343,0.6796330829633969,0.2992259049280419,0.0,True,False,4,UP,0.07271430369655518,True
20251027,242850.0,0.0189653002139889,235868.0,216416.0,186746.6,226225.8517473999,211584.65526280715,81.03564191667613,14641.196484592743,13041.55425483451,3978.29012409739,0.9074071818464161,0.2853286757700857,0.0,True,False,4,UP,0.07951410335598097,True
20251028,247960.0,0.021041795346921965,239734.0,219101.5,188722.0,229569.56686318453,214279.12524333998,82.74093260562445,15290.441619844554,13491.331727836518,4059.1265438047194,1.2447345475385436,0.27649935649935653,0.0,True,False,4,UP,0.04799161155025011,True
20251029,248490.0,0.0021374415228263555,242540.0,221842.0,190621.4,232480.4027303869,216813.2641142037,82.91255621269923,15667.13861618322,13926.493105505859,3807.0460763900965,0.7807142848270838,0.2829925650557621,0.0,True,False,4,UP,0.03404563563926111,True
20251101,249710.0,0.00490965431204482,245468.0,224353.0,192468.0,235131.11000263505,219250.05936500343,83.32363931468059,15881.050637631619,14317.404611931011,3622.257070933661,0.5439054184647494,0.2517419419519775,0.0,True,False,4,UP,0.04665411877778225,True
20251102,255660.0,0.0238276400624724,248934.0,226862.5,194493.8,238289.4007714604,221947.0920046328,85.19440811538165,16342.308766827598,14722.38544291033,3788.5244230098283,1.101004344027967,0.24426923638487374,0.0,True,False,4,UP,-0.00633654071814127,False
20251103,262160.0,0.025424391770319854,252796.0,229590.5,196705.0,241961.8006527742,224925.82593021556,86.92059530988377,17035.974722558632,15185.103298839991,3982.201249937698,0.8954116492860484,0.2628131021194604,0.0,True,False,4,UP,-0.057255111382361945,False
20251104,259860.0,-0.008773268233140064,255176.0,232102.0,198835.0,244715.36978311662,227513.54252797735,83.22312008153025,17201.827255139273,15588.44809009985,3862.044017799291,0.8976448018136882,0.23961265086104078,-0.008773268233140064,False,False,3,UP,-0.058416070191641634,False
20251105,256950.0,-0.011198337566381888,256868.0,234718.0,200981.0,246597.62058571406,229694.02085923828,78.6637279885644,16903.599726475775,15851.478417375036,3794.04087367077,0.5695699739607744,0.25568098519278704,-0.019873359780286814,False,False,3,UP,-0.0670947655185834,False
20251108,261360.0,0.017162872154115494,259198.0,237378.0,203212.8,248868.7558802196,232039.64894373916,80.41486379387412,16829.106936480443,16047.004121196118,3838.0379541228576,0.6176238998299296,0.2555726364335127,-0.0030515715593530945,False,False,3,UP,-0.06221303948576673,False
20251109,254040.0,-0.02800734618916434,258874.0,239373.5,205255.6,249664.33189864736,233669.30457753627,70.12661744309632,15995.02732111109,16036.608761179114,4086.749528828368,0.18821084997775137,0.18638210432914581,-0.030973451327433676,False,False,1,NEUTRAL,-0.016375373956857175,
20251110,247150.0,-0.02712171311604472,255872.0,240770.5,207220.0,249277.51160654775,234667.87460882988,62.07612498887967,14609.63699771787,15751.214408486865,4286.981705340628,0.9033240418999604,0.12745768897404308,-0.057255111382361945,False,False,2,UP,0.02783734574145247,True
20251111,244680.0,-0.00999393081124822,252836.0,242166.0,209046.4,248570.20212861733,235409.51352669433,59.44165727733701,13160.688601923,15233.109247174094,4157.197297816298,0.8161446927039361,0.128753978871615,-0.06667683857186446,False,False,2,UP,0.03747752166094487,True
20251112,239710.0,-0.020312244564328896,249388.0,243570.0,210681.4,247207.09410883003,235728.06808027253,54.435604223075956,11479.026028557506,14482.292603450778,4215.254633686562,0.6065482123532236,0.13268440202239762,-0.08563472688434548,False,False,0,NEUTRAL,0.06979266613825041,
20251115,245100.0,0.02248550331650745,246136.0,244926.5,212329.6,246882.92578439464,236422.2852595116,58.515999440466025,10460.640524883027,13677.962187737228,4299.165016994664,0.5831976757815185,0.12446666972519149,-0.06507476350320418,False,False,2,UP,0.07062423500611992,True
20251116,249880.0,0.01950224398204825,245304.0,246249.0,213997.6,247344.01412525697,237419.1530180663,61.784440456941105,9924.861107190663,12927.341971627917,4333.510372923617,0.8856460741636374,0.11838159602560094,-0.04684162343606957,False,False,2,UP,0.0641507923803426,True
20251117,254030.0,0.016607971826476664,246680.0,247804.0,215681.4,248372.62733675592,238649.58612783917,64.40646091687714,9723.041208916751,12286.481819085686,4320.402489143359,0.49985282162621847,0.13950567442695005,-0.031011595971925487,False,False,2,UP,0.05554462071408883,True
20251118,253850.0,-0.0007085777270401383,248514.0,249065.0,217259.8,249215.30005417808,239775.5427109622,64.20070858469754,9439.757343215868,11717.136923911723,4024.659454204548,0.5563849356420221,0.11030923325897746,-0.03169819957277997,False,False,2,UP,0.03127831396493996,True
20251119,256440.0,0.010202875714004245,251860.0,250164.0,218790.0,250326.7923535353,241009.94695459463,65.88927528252862,9316.84539894067,11237.078618917512,3922.1837789042233,0.38477126806661155,0.09374733430009385,-0.021818736649374393,False,False,2,UP,-0.004913430042115086,False
20251122,262410.0,0.02328029948525967,255322.0,251531.0,220361.6,252185.74737606832,242595.13606906912,69.46453486569024,9590.611306999199,10907.78515653385,4068.45636612535,0.7381461202579713,0.11630578125664703,0.0,True,False,3,UP,-0.03292557448267974,False
20251123,265910.0,0.013337906329789151,258528.0,252910.0,221911.0,254297.1708566732,244322.16302691586,71.35980451294539,9975.00782975735,10721.22969117855,4027.852339973539,1.1779212358401925,0.11572189820836654,0.0,True,False,2,UP,-0.033244330788612664,False
20251125,268140.0,0.00838629611522701,261350.0,254174.5,223528.0,256426.8368787235,246086.44724714433,72.52971112660022,10340.389631579164,10645.061679258673,3899.434315689715,1.3029854152985965,0.10413835701050034,0.0,True,False,2,UP,-0.04296263146117696,False
20251126,261790.0,-0.023681658834937003,262938.0,254866.0,225128.4,257251.93889738142,247249.6733769855,64.45568761768926,10002.265520395915,10516.502447486122,4074.474721711878,0.9965620895721958,0.05577512502016457,-0.023681658834937003,False,False,2,UP,-0.026624393597922014,False
20251129,255180.0,-0.025249245578517154,262686.0,255200.5,226701.8,256933.17906701504,247837.10497869027,57.30454341053712,9096.074088324764,10232.416775653852,4255.58367016103,0.6181242838711346,0.026922612579983074,-0.048332960393824176,False,False,0,NEUTRAL,0.02178854142174158,
20251130,253770.0,-0.005525511403715044,260958.0,255403.5,228352.8,256446.5361336281,248276.57868397248,55.88032834354779,8169.957449655631,9819.924910454207,4052.327693720956,0.7317113332295971,0.016258860277922338,-0.05359140747370772,False,False,0,NEUTRAL,0.04310990266776993,
20251201,257070.0,0.013003901170351106,259190.0,255474.0,230158.6,256542.45365153148,248927.94322590044,58.481154356476424,7614.510425631044,9378.842013489575,3998.5900013123164,0.7742473906553138,0.005515137291715488,-0.041284403669724745,False,False,2,UP,0.06060606060606055,True
20251202,256620.0,-0.001750495973859234,256886.0,255197.0,231855.4,256554.38385898818,249497.72520916705,57.979234058079456,7056.658649821125,8914.405340755886,3745.119286932865,0.5187493375686498,-0.02113213304852002,-0.04296263146117696,False,False,2,UP,0.06612890655443837,True
20251203,254820.0,-0.007014262333411292,255492.0,254945.0,233489.2,256287.55557298998,249891.9677862658,55.91209697314753,6395.58778672418,8410.641829949545,3606.182195009089,0.698355907083198,-0.019395058877857307,-0.049675542626985925,False,False,0,NEUTRAL,0.07346362137979745,
20251206,260740.0,0.023232085393611213,256604.0,255134.5,235245.6,256972.5470232992,250695.5257280239,60.85525159801292,6277.021295275306,7983.917723014698,3771.4548953655826,1.2303236996116833,0.014749951352403201,-0.027597523681658798,False,False,2,UP,0.061747334509473006,True
20251207,264710.0,0.015225895528112376,258792.0,255302.0,236977.8,258162.9244043301,251733.63493335547,63.787474930215815,6429.289470974618,7672.992072606682,3785.636688553755,1.3091669890990683,0.012817569635751536,-0.012791825165958115,False,False,2,UP,0.034075025499603395,True
20251208,272650.0,0.02999508896528269,261908.0,256232.5,238762.0,260391.70526520238,253282.99530866247,68.81828793678403,7108.709956539911,7560.135649393328,4082.37692508563,0.8387585960211088,0.07325618012911361,0.0,True,False,3,UP,0.02743443975793136,True
20251209,273590.0,0.003447643498991404,265302.0,257554.5,240455.0,262422.21214747895,254787.21787839118,69.3609711604528,7634.994269087765,7575.1073733322155,3857.9214304366565,1.277483915153375,0.10697956706453571,0.0,True,False,5,UP,0.04726049928725473,True
20251210,273540.0,-0.00018275521766142333,269046.0,258997.5,242040.8,264132.6410478668,256176.3128503622,69.291890626687,7956.328197504568,7651.351538166687,3585.9270425483237,1.2989642515988484,0.11794997547817565,-0.00018275521766142333,False,False,4,UP,0.05929662937778746,True
20251213,276840.0,0.012064049133581944,272266.0,260854.0,243704.0,266087.619348195,257706.95634292797,71.32199372330274,8380.663005267008,7797.2138315867505,3565.5036823663004,0.7993728381211899,0.1548954987276292,0.0,True,False,4,UP,0.07766218754515242,True
20251214,273730.0,-0.01123392573327553,274070.0,262285.5,245188.8,267263.37021770346,258893.84846567403,66.83747170512729,8369.521752029425,7911.675415675285,3532.967705054422,0.9027767827192339,0.11680946552427574,-0.01123392573327553,False,False,4,UP,0.10196178716253246,True
20251215,280130.0,0.023380703613049336,275566.0,263798.0,246682.0,269242.8517226722,260466.89672747595,70.8933849444143,8775.954995196225,8084.531331579474,3737.755726121963,1.1524857831759168,0.12105810789178806,0.0,True,False,4,UP,0.05929389926105744,True
20251216,286520.0,0.02281083782529536,278152.0,265422.5,248260.4,271900.87453456875,262396.7562291444,74.27622381780306,9504.118305424345,8368.448726348448,3927.20174568468,1.9463303686303828,0.12789827973074042,0.0,True,False,5,UP,0.03975289683093686,True
20251217,289760.0,0.011308111126622888,281396.0,267218.0,249863.0,274648.43229848123,264423.6631751337,75.81130345874368,10224.769123347534,8739.712805748266,3878.115906707203,0.8741681376596081,0.14146149300768163,0.0,True,False,4,UP,0.0566330756488127,True
20251220,298340.0,0.029610712313638876,285696.0,269313.0,251737.2,278293.28886794567,266935.9844214201,79.32918181298183,11357.30444652558,9263.23113390373,4213.964770513831,0.9154018015077326,0.16339104663858994,0.0,True,False,4,UP,0.05466916940403577,True
20251221,301640.0,0.011061205336193591,291278.0,271274.5,253606.8,281885.0905805694,269506.6522420556,80.50362893763928,12378.438338513777,9886.27257482574,4148.681572619987,1.241608784651733,0.14949887580503796,0.0,True,False,4,UP,0.07154223577774821,True
20251222,296740.0,-0.016244529903195914,294600.0,272816.0,255259.0,284170.4612604818,271523.9372611626,73.7987402271965,12646.523999319179,10438.322859724427,4202.347174575702,1.1633905325384895,0.11594148396073867,-0.016244529903195914,False,False,3,UP,0.07076902338747715,True
20251223,297910.0,0.0039428455887309255,296878.0,274304.5,256833.0,286284.2364511769,273478.4604270024,74.34811642712734,12805.776024174527,10911.813492614448,3985.750947820295,0.7074003946401056,0.11102409189229512,-0.012365733987534822,False,False,3,UP,0.03467490181598465,True
20251224,306170.0,0.027726494578899752,300160.0,276523.5,258621.0,289343.5846894574,275900.05595092813,77.87513093577267,13443.528738529247,11418.156541797409,4291.054451547417,1.0209025835404975,0.1695251919477443,0.0,True,False,4,UP,0.02554136590782896,True
20251227,314650.0,0.02769703106117527,303422.0,279497.0,260681.4,293236.8793526178,278770.4221767853,80.79464641165907,14466.457175832475,12027.816668604422,4590.264847865458,1.2353990662026784,0.2330511795595267,0.0,True,False,4,UP,0.020626092483712055,True
20251228,323220.0,0.027236612108692215,307738.0,282969.5,262786.4,297849.66714452277,282062.98349702347,83.20645145787307,15786.683647499303,12779.5900643834,4874.531644446497,1.0232000763639948,0.2736730109942074,0.0,True,False,4,UP,0.023358703050553764,True
20251229,317740.0,-0.016954396386362203,311938.0,286003.0,264672.6,300909.71835305775,284705.7254602069,76.58366912385725,16203.99289285083,13464.470630076887,4917.77938412889,1.693589210349382,0.23600575718675842,-0.016954396386362203,False,False,2,UP,0.07222886636872916,True
20251230,308240.0,-0.0298986592811733,314004.0,288584.0,266378.8,302037.45399104885,286449.0050557471,66.67581618841147,15588.448935301742,13889.266291121858,5245.080856691113,0.2870721927189544,0.2011534564726054,-0.046346141946661756,False,False,4,UP,0.13843109265507403,True
20251231,313990.0,0.018654295354269435,315568.0,291542.5,268086.0,303876.3072231952,288489.07875532145,69.2674349450262,15387.228467873763,14188.85872647224,5281.146509784604,0.972121110767835,0.23220312377364416,-0.028556401212796234,False,False,4,UP,0.10981241440810208,True
20260104,321140.0,0.022771425841587423,316866.0,294562.5,269819.6,306532.2599580883,290907.66551418655,72.16616348012178,15624.594443901733,14476.005869958139,5414.63604479999,1.4414968053158945,0.2316483853647311,-0.006435245343728746,False,False,3,UP,0.11471632309895985,True
20260105,330770.0,0.02998692159182914,318376.0,297865.5,271733.6,310261.1430414593,293860.4310316542,75.51581289313788,16400.71200980514,14860.94709792754,5715.733470171419,0.2553755206910059,0.24955611801594202,0.0,True,False,4,UP,0.11470205883242124,True
20260106,340690.0,0.029990627928772273,322966.0,301267.5,273780.8,314942.5056504656,297329.2879922724,78.39957040840861,17613.2176581932,15411.401209980671,6016.038222302032,0.2048697474860441,0.24955070603337615,0.0,True,False,4,UP,0.09190172884440395,True
20260107,350910.0,0.029997945346209143,331500.0,305133.5,275942.0,320475.96631962474,301298.22962247446,80.8960098842583,19177.736697150278,16164.668307414593,6316.321206423316,0.6332471348464783,0.2826126685916883,0.0,True,False,4,UP,0.028297854150636903,True
20260110,348470.0,-0.006953349861787972,338396.0,308880.0,277952.2,324782.7407319902,304792.4348356245,78.56151922778544,19990.305896365724,16929.79582520482,6039.4411202502215,2.6918224810643254,0.2739270307816042,-0.006953349861787972,False,False,2,UP,0.06620369041811336,True
20260111,357980.0,0.02729072803971655,345764.0,312937.0,280142.0,329890.0113886071,308732.2544774301,80.87773847677109,21157.756911177014,17775.38804239926,6287.338183089491,1.0691555302826175,0.2930934836006358,0.0,True,False,4,UP,0.06586960165372369,True
20260112,368710.0,0.029973741549807142,353352.0,317686.0,282522.0,335862.31732882134,313175.0504420649,83.09675093090755,22687.266886756464,18757.763811270703,6604.671170011671,0.2860543650982632,0.34698425455741067,0.0,True,False,4,UP,0.04334029454042465,True
20260113,372000.0,0.008923001817146226,359614.0,322279.5,284848.8,341421.960816695,317532.45411302306,83.72054495284311,23889.50670367194,19784.112389750953,6367.908943582266,1.6041140411318127,0.3279548780923143,0.0,True,False,5,UP,0.008118279569892417,True
20260114,360840.0,-0.030000000000000027,361600.0,325995.5,286822.4,344409.35146028036,320740.42047502135,73.77490654423372,23668.93098525901,20561.076108852565,6710.201161897819,0.29984035217389526,0.2593885243613012,-0.030000000000000027,False,False,3,UP,0.008119942356723309,True
20260118,371540.0,0.029653031814654618,366214.0,330084.5,289056.0,348583.297389468,324503.3522916864,76.64022878317098,24079.9450977816,21264.849906638374,6995.186793190832,0.7223553222160175,0.2822335726118166,-0.0012365591397849318,False,False,3,UP,-0.050277224524950204,False
20260119,381560.0,0.026968832427194833,370930.0,334245.5,291548.2,353656.6362526268,328729.77064045036,78.95868034743305,24926.86561217642,21997.253047745984,7211.244879391487,1.6063462299279627,0.2789434872963732,0.0,True,False,5,UP,-0.10294580144669252,False
20260120,384690.0,0.008203165950309232,374126.0,338398.0,294014.8,358430.99990606884,332874.9728152318,79.63851029303264,25556.027090837015,22709.00785636419,6919.727388006381,1.7312888957717827,0.27532820580824824,0.0,True,False,5,UP,-0.13691543840494946,False
20260121,375020.0,-0.025137123398060734,374730.0,342312.0,296434.4,360983.15376667364,335996.8266807702,71.90859170400978,24986.32708590344,23164.471702272043,7116.175431720211,1.1362151106454055,0.263799959560558,-0.025137123398060734,False,False,3,UP,-0.1412191349794678,False
20260124,363770.0,-0.029998400085328836,375316.0,345605.0,298766.8,361411.8993410315,338054.0987784909,64.11204709275972,23357.800562540593,23203.137474325755,7411.448615168768,0.23227043269868428,0.2210734785673525,-0.054381449998700204,False,False,4,UP,-0.13772438628803918,False
20260125,352860.0,-0.029991478131786597,371580.0,347939.5,300930.4,360096.22251933435,339150.83220230637,57.59078986146423,20945.39031702798,22751.5880428662,7661.345142656713,0.16159583852100937,0.15249697880262603,-0.08274194806207591,False,False,2,UP,-0.13056169585671373,False
20260126,342280.0,-0.029983562886130466,363724.0,349321.0,302981.8,357355.26520866755,339382.6224095429,52.06052615578779,17972.642799124646,21795.79899411789,7869.820489609804,0.17567183407565012,0.0878118544414428,-0.11024461254516627,False,False,0,NEUTRAL,-0.07861984340306183,
20260127,332020.0,-0.02997545868879281,353190.0,349761.0,304720.2,353457.53209964174,338837.242971799,47.31546022693769,14620.289127842756,20360.697020862863,8040.547597494819,0.18308933561449975,0.027226037992698515,-0.13691543840494946,False,False,0,NEUTRAL,-0.06517679657851938,
20260128,322060.0,-0.029998192879946983,342598.0,349977.0,306163.8,348627.1425458507,337594.48423314723,43.19917195858136,11032.658312703483,18495.089279230986,8177.651340530902,0.3920883364711244,0.013596021904701994,-0.16280641555538222,False,False,0,NEUTRAL,-0.007358877227845784,
20260131,313670.0,-0.02605104638887168,332578.0,350248.5,307356.6,343249.1206157198,335822.30021587707,40.039252729109066,7426.820399842749,16281.43550335334,8192.819101921552,0.9623677187226058,0.017616143264988393,-0.18461618446021477,False,False,0,NEUTRAL,0.028341887971434998,
20260201,306790.0,-0.0219338795549463,323364.0,349888.5,308415.4,337640.0251363783,333671.7594591454,37.60977745273667,3968.2656772328774,13818.801538129248,8099.046308927155,2.2565515482130007,-0.022930666581738257,-0.20250071486131693,False,True,-4,DOWN,0.020274454838814737,False
20260202,315370.0,0.02796701326640383,317982.0,349600.0,309594.0,334213.86742308934,332316.0735732828,42.31092246657521,1897.7938498065341,11434.600000464705,8133.400144003787,0.8331320318817019,-0.017967241701438597,-0.18019704177389584,False,False,0,NEUTRAL,-0.036021181469385155,
20260203,310380.0,-0.015822684465865544,313654.0,348580.5,310553.4,330547.1185887679,330691.1792345211,40.404099030158044,-144.0606457532267,9118.867871221119,7908.871562289231,1.091041394410991,-0.06164404268827284,-0.19316852530609063,False,False,-4,DOWN,-0.03202525935949485,True
20260207,319690.0,0.029995489400090225,313180.0,347530.5,311629.0,328876.7926520344,329876.27706900105,45.35247096802811,-999.4844169666758,7095.19741358356,8008.952164982858,0.24921579428574414,-0.061639613725087306,-0.16896722035925027,False,False,-2,DOWN,-0.08836685539116018,True
20260208,322560.0,0.008977446901686115,314958.0,346113.0,312717.4,327904.9783978752,329334.3306194454,46.81843711289116,-1429.3522215702105,5390.287486552806,7641.884153198369,1.1235851983548062,-0.08078994614003587,-0.16150666770646493,False,False,-2,DOWN,-0.1194196428571429,True
20260209,313010.0,-0.029606894841269882,316202.0,344340.0,313741.8,325613.44325974054,328125.12094393093,42.71248043832607,-2511.677684190392,3809.894452404166,7778.178142255629,0.2882086595742654,-0.1017591184320028,-0.18633185162078558,False,False,-4,DOWN,-0.0842784575572666,True
20260210,304010.0,-0.028753074981629934,313930.0,341641.5,314718.4,322289.8366043959,326338.8156888249,39.22151435414521,-4048.97908442904,2238.119745037525,7865.451132094512,1.117243445976301,-0.15076261243644895,-0.2097273129012972,False,True,-5,DOWN,-0.07733298246768194,True
20260214,300440.0,-0.011743034768593175,311942.0,338228.0,315651.8,318928.3232806426,324420.3848970601,37.89832722447605,-5492.061616417486,692.0834727465226,7558.633194087762,0.7384887725460324,-0.18515906810230265,-0.21900751254256678,False,True,-5,DOWN,-0.09436160298229268,True
20260215,291440.0,-0.029956064438823038,306292.0,334200.0,316339.2,314699.350468236,321977.3934232038,34.71841067624817,-7278.042954967765,-901.9418127963348,7661.5879659386355,0.4297119772044245,-0.21655913978494623,-0.2424029738230783,False,True,-5,DOWN,-0.0944002195992314,True
20260216,284040.0,-0.02539116113093609,298588.0,330360.0,316887.6,309982.52731927665,319167.2161325961,32.31733877178911,-9184.68881331943,-2558.491212900954,7642.903111228733,0.6575109983759427,-0.2128367143332225,-0.26163924198705446,False,True,-5,DOWN,-0.06883889593015069,True
20260217,286630.0,0.009118434023376976,293312.0,326114.5,317523.8,306389.8308086187,316757.051974626,34.0368285006857,-10367.221166007337,-4120.237203522231,7281.98146042668,0.4058633260043358,-0.2285352855681757,-0.25490654812966285,False,False,-4,DOWN,-0.10454593029340964,True
20260218,280500.0,-0.021386456407214927,288610.0,321061.5,317919.0,302406.77991498506,314071.34442095,31.96684300914214,-11664.564505964925,-5629.10266401077,7199.697070396202,0.643560360787644,-0.2648600482230842,-0.270841456757389,False,True,-5,DOWN,-0.08139037433155083,True
20260221,272090.0,-0.029982174688057084,282940.0,315431.5,318066.6,297742.65992806427,310961.61520458333,29.33130209461777,-13218.95527651906,-7147.073186512429,7286.147279653616,0.3292078145158094,-0.2927032155761782,-0.2927032155761782,False,True,-4,DOWN,-0.052997170054026266,True
20260222,263928.0,-0.029997427321842074,277437.6,309876.9,317892.16,292540.4045545159,307477.6437079476,27.00434221498824,-14937.23915343167,-8705.106379896279,7348.708188249787,0.3882340866415424,-0.2962295344248307,-0.31392029946190436,False,True,-4,DOWN,-0.023711012094207562,True
20260223,264487.0,0.0021180018793003352,273527.0,304912.75,317710.1,288224.49616151344,304293.1515814329,27.428981987665566,-16068.655419919465,-10177.816187900917,6863.729031946231,1.177004521190781,-0.2729279489787503,-0.31246718136681484,False,False,-3,DOWN,-0.025774423695682613,True
20260224,256664.0,-0.029578013286097216,267533.8,300102.95,317372.58,283369.0352135883,300765.06627910456,25.218022074388898,-17396.03106551629,-11621.459163423991,6932.248386807215,0.7657101813265742,-0.2726180354814941,-0.33280303621097507,False,True,-4,DOWN,0.003919521241779078,False
20260225,257670.0,0.003919521241779078,262967.8,295872.45,316989.18,279415.33748842083,297572.8391473191,26.043596622680468,-18157.501658898254,-12928.667662518845,6508.944930606699,0.7678334158555988,-0.24719527871917724,-0.3301879435389534,False,False,-3,DOWN,0.0,False
20260228,257670.0,0.0,260083.8,292154.95,316667.98,276069.9009517407,294617.0732845547,26.043596622680468,-18547.17233281402,-14052.368596577882,6044.02029270622,0.0,-0.22393229323534725,-0.3301879435389534,False,False,-3,DOWN,0.0,False
20260302,257670.0,0.0,258832.2,288935.45,316218.78,273239.14695916517,291880.25304125436,26.043596622680468,-18641.106082089187,-14970.116093680144,5612.304557512919,0.0,-0.19993168974725206,-0.3301879435389534,False,False,-3,DOWN,0.0,False
20260303,257670.0,0.0,257468.8,286135.45,315641.78,270843.89358083205,289346.1602233837,26.043596622680468,-18502.266642551636,-15676.546203454443,5211.425660547711,0.0,-0.17853157777281858,-0.3301879435389534,False,False,-3,DOWN,0.0,False
20260304,257670.0,0.0,257670.0,283679.45,314999.98,268817.1407222425,286999.77798461454,26.043596622680468,-18182.637262372067,-16177.764415237969,4839.180970508589,0.0,-0.16010952117083344,-0.3301879435389534,False,False,-3,DOWN,0.0,False
20260307,257670.0,0.0,257670.0,280794.45,314186.58,267102.1959957436,284827.2018376061,26.043596622680468,-17725.00584186247,-16487.21270056287,4493.5251869008325,0.0,-0.18295969813235247,-0.3301879435389534,False,False,-3,DOWN,0.0,False
20260308,257670.0,0.0,257670.0,278158.95,313307.18,265651.0889194754,282815.5572570427,26.043596622680468,-17164.46833756729,-16622.663827963755,4172.559102122202,0.0,-0.16982408660351822,-0.3301879435389534,False,False,-3,DOWN,0.0,False
20260309,257670.0,0.0,257670.0,275057.95,312525.78,264423.22908570996,280952.9233861506,26.043596622680468,-16529.694300440664,-16604.069922459137,3874.51916625633,0.0,-0.19400043792423916,-0.3301879435389534,False,False,-1,NEUTRAL,0.0,
20260310,257670.0,0.0,257670.0,271813.45,311720.98,263384.2707648315,279228.2623945839,26.043596622680468,-15843.991629752389,-16452.054263917787,3597.767797238021,0.0,-0.201171875,-0.3301879435389534,False,False,-1,NEUTRAL,0.0,
20260314,257670.0,0.0,257670.0,269046.45,310750.98,262505.1521856267,277631.3540690592,26.043596622680468,-15126.201883432514,-16186.883787820734,3340.784383149591,0.0,-0.17679946327593365,-0.3301879435389534,False,False,-1,NEUTRAL,0.0,
20260315,257670.0,0.0,257670.0,266729.45,309611.38,261761.2826186072,276152.7352491289,26.043596622680468,-14391.4526305217,-15827.797556360927,3102.1569272103343,0.0,-0.1524291964080129,-0.3301879435389534,False,False,-1,NEUTRAL,0.0,
20260316,257670.0,0.0,257670.0,264590.95,308300.38,261131.85452343686,274783.6437491934,26.043596622680468,-13651.78922575654,-15392.59589024005,2880.574289552453,0.0,-0.14235787511649578,-0.3301879435389534,False,False,-1,NEUTRAL,0.0,
20260317,257670.0,0.0,257670.0,262902.45,307098.98,260599.2615198312,273515.96643443836,26.043596622680468,-12916.704914607166,-14897.417695113476,2674.8189831558493,0.0,-0.11587290694482566,-0.3301879435389534,False,False,-1,NEUTRAL,0.0,
20260318,257670.0,0.0,257670.0,261583.95,306087.58,260148.60590139564,272342.1911429985,26.043596622680468,-12193.58524160288,-14356.651204411357,2483.760484359003,0.0,-0.09283903675538652,-0.3301879435389534,False,False,-1,NEUTRAL,0.0,
20260325,257670.0,0.0,257670.0,260135.95,304961.18,259767.28191656555,271255.3621694431,26.043596622680468,-11488.080252877553,-13782.937014104597,2306.3490211905028,0.0,-0.10103617904615703,-0.3301879435389534,False,False,-1,NEUTRAL,0.0,
20260328,257670.0,0.0,257670.0,258994.45,303691.78,259444.62316017086,270249.03904578066,26.043596622680468,-10804.415885609807,-13187.23278840564,2141.609805391181,0.0,-0.08139037433155083,-0.3301879435389534,False,False,-1,NEUTRAL,0.0,
20260329,257670.0,0.0,257670.0,258273.45,302229.78,259171.60421245228,269317.25837572286,26.043596622680468,-10145.654163270578,-12578.917063378627,1988.637676434668,0.0,-0.052997170054026266,-0.3301879435389534,False,False,-1,NEUTRAL,0.0,
20260330,257670.0,0.0,257670.0,257960.55,300569.38,258940.5881797673,268454.4984960397,26.043596622680468,-9513.910316272406,-11965.915713957384,1846.592128117906,0.0,-0.023711012094207562,-0.3301879435389534,False,False,-1,NEUTRAL,0.0,
20260331,257670.0,0.0,257670.0,257619.7,298704.58,258745.11307518772,267655.6467555923,26.043596622680468,-8910.533680404595,-11354.839307246826,1714.6926903951985,0.0,-0.025774423695682613,-0.3301879435389534,False,False,1,NEUTRAL,0.0,
20260404,257670.0,0.0,257670.0,257670.0,296888.58,258579.71106362037,266915.96921814105,26.043596622680468,-8336.258154520678,-10751.123076701599,1592.2146410812559,0.0,0.003919521241779078,-0.3301879435389534,False,False,-1,NEUTRAL,0.0,
20260405,257670.0,0.0,257670.0,257670.0,294882.38,258439.7555153711,266231.08260938985,26.043596622680468,-7791.32709401875,-10159.16388016503,1478.4850238611664,,0.0,-0.3301879435389534,False,False,-1,NEUTRAL,0.0,
20260406,257670.0,0.0,257670.0,257670.0,292661.58,258321.3315899294,265596.92834202765,26.043596622680468,-7275.596752098238,-9582.450454551672,1372.8789507282258,,0.0,-0.3301879435389534,False,False,-1,NEUTRAL,0.0,
20260407,257670.0,0.0,257670.0,257670.0,290374.98,258221.12672994027,265009.7484648404,26.043596622680468,-6788.621734900138,-9023.684710621365,1274.8161685333525,,0.0,-0.3301879435389534,False,False,-1,NEUTRAL,0.0,
20260408,257670.0,0.0,257670.0,257670.0,288311.58,258136.33800225717,264466.0633933708,26.043596622680468,-6329.725391113607,-8484.892846719813,1183.7578707809703,,0.0,-0.3301879435389534,False,False,-1,NEUTRAL,0.0,
20260411,257670.0,0.0,257670.0,257670.0,286034.18,258064.59369421762,263962.6512901581,26.043596622680468,-5898.057595940481,-7967.525796563947,1099.203737153758,,0.0,-0.3301879435389534,False,False,-1,NEUTRAL,0.0,
20260412,257670.0,0.0,257670.0,257670.0,283556.38,258003.8869720303,263496.52897236863,26.043596622680468,-5492.642000338325,-7472.549037318822,1020.6891844999183,,0.0,-0.3301879435389534,False,False,-1,NEUTRAL,0.0,
20260413,257670.0,0.0,257670.0,257670.0,281015.98,257952.51974556412,263064.93423367466,26.043596622680468,-5112.414488110546,-7000.522127477167,947.7828141784955,,0.0,-0.3301879435389534,False,False,-1,NEUTRAL,0.0,
20260415,257670.0,0.0,257670.0,257670.0,278668.98,257909.0551693235,262665.3094756247,26.043596622680468,-4756.254306301213,-6551.668563241976,880.0840417371744,,0.0,-0.3301879435389534,False,False,-1,NEUTRAL,0.0,
20260418,257670.0,0.0,257670.0,257670.0,276546.98,257872.27745096604,262295.28655150434,26.043596622680468,-4423.0091005383,-6125.936670701241,817.2208958988048,,0.0,-0.3301879435389534,False,False,-1,NEUTRAL,0.0,
20260419,257670.0,0.0,257670.0,257670.0,274643.18,257841.1578431251,261952.67273287437,26.043596622680468,-4111.514889749262,-5723.0523145108455,758.8479747631758,,0.0,-0.3301879435389534,False,False,-1,NEUTRAL,0.0,
20260420,257670.0,0.0,257670.0,257670.0,272950.98,257814.8258672597,261635.4377156244,26.043596622680468,-3820.6118483647006,-5342.5642212816165,704.6445479943775,,0.0,-0.3301879435389534,False,False,-1,NEUTRAL,0.0,
20260421,257670.0,0.0,257670.0,257670.0,271463.98,257792.54496460437,261341.7015885411,26.043596622680468,-3549.156623936724,-4983.8827018126385,654.3127945662076,,0.0,-0.3301879435389534,False,False,-1,NEUTRAL,0.0,
20260422,257670.0,0.0,257670.0,257670.0,270176.18,257773.6918931268,261069.7236930936,26.043596622680468,-3296.0317999668187,-4646.312521443475,607.576166382907,,0.0,-0.3301879435389534,False,False,-1,NEUTRAL,0.0,
20260425,257670.0,0.0,257670.0,257670.0,269056.18,257757.7392941842,260817.89230842,26.043596622680468,-3060.1530142358097,-4329.080620001942,564.1778687841279,,0.0,-0.3301879435389534,False,False,-1,NEUTRAL,0.0,
20260426,257670.0,0.0,257670.0,257670.0,268073.78,257744.2409412328,260584.7151003889,26.043596622680468,-2840.4741591560887,-4031.3593278327717,523.8794495852616,,0.0,-0.3301879435389534,False,False,-1,NEUTRAL,0.0,
20260427,257670.0,0.0,257670.0,257670.0,266919.78,257732.8192579662,260368.81027813785,26.043596622680468,-2635.991020171641,-3752.285666300546,486.4594889006,,0.0,-0.3301879435389534,False,False,-1,NEUTRAL,0.0,
20260428,257670.0,0.0,257670.0,257670.0,265865.58,257723.15475674064,260168.8984056832,26.043596622680468,-2445.74364894256,-3490.977262828949,451.71238255055715,,0.0,-0.3129166444456296,False,False,-1,NEUTRAL,0.0,
20260429,257670.0,0.0,257670.0,257670.0,264625.18,257714.97710185745,259983.79482007702,26.043596622680468,-2268.817718219565,-3246.5453539070722,419.4472123683745,,0.0,-0.2916678120790609,False,False,-1,NEUTRAL,0.0,
20260502,257670.0,0.0,257670.0,257670.0,263327.38,257708.05754772553,259812.40261118242,26.043596622680468,-2104.345063456887,-3018.1052958170353,389.4866971992049,,0.0,-0.2697670464206767,False,False,-1,NEUTRAL,0.0,
20260503,257670.0,0.0,257670.0,257670.0,262220.58,257702.20254038315,259653.7061214652,26.043596622680468,-1951.503581082041,-2804.7849528700362,361.6662188278332,,0.0,-0.24719527871917724,False,False,-1,NEUTRAL,0.0,
20260504,257670.0,0.0,257670.0,257670.0,261293.78,257697.24830340114,259506.76492728258,26.043596622680468,-1809.5166238814418,-2605.731287072317,335.8329174829879,,0.0,-0.22393229323534725,False,False,-1,NEUTRAL,0.0,
20260505,257670.0,0.0,257670.0,257670.0,260438.38,257693.05625672406,259370.7082660024,26.043596622680468,-1677.6520092783321,-2420.11543151352,311.8448519484888,,0.0,-0.201171875,False,False,-1,NEUTRAL,0.0,
20260506,257670.0,0.0,257670.0,257670.0,259762.98,257689.509140305,259244.72987592814,26.043596622680468,-1555.220735623152,-2247.1364923354467,289.57021966645385,,0.0,-0.201171875,False,False,-1,NEUTRAL,0.0,
20260509,257670.0,0.0,257670.0,257670.0,259235.58,257686.50773410423,259128.08321845197,26.043596622680468,-1441.5754843477334,-2086.0242907379043,268.88663254742147,,0.0,-0.201171875,False,False,-1,NEUTRAL,0.0,
20260510,257670.0,0.0,257670.0,257670.0,258656.38,257683.9680827036,259020.07705412217,26.043596622680468,-1336.10897141858,-1936.0412268740395,249.68044450831994,,0.0,-0.201171875,False,False,-1,NEUTRAL,0.0,
20260511,257670.0,0.0,257670.0,257670.0,258199.78,257681.81914690306,258920.07134640942,26.043596622680468,-1238.252199506358,-1796.4834214005032,231.84612704343994,,0.0,-0.201171875,False,False,-1,NEUTRAL,0.0,
20260512,257670.0,0.0,257670.0,257670.0,257911.38,257680.0008166103,258827.4734688976,26.043596622680468,-1147.4726522873098,-1666.6812675778644,215.28568939747993,,0.0,-0.201171875,False,False,-1,NEUTRAL,-0.019245546629409693,
20260513,257670.0,0.0,257670.0,257670.0,257786.22,257678.4622294395,258741.7346934237,26.043596622680468,-1063.2724639842054,-1545.999506859133,199.9081401548028,,0.0,-0.201171875,False,False,-1,NEUTRAL,0.003830480847595741,
20260516,257670.0,0.0,257670.0,257670.0,257649.88,257677.16034798726,258662.34693835527,26.043596622680468,-985.1865903680155,-1433.8369235609096,185.62898728660258,,0.0,-0.17679946327593365,False,False,1,NEUTRAL,0.03394263981061041,
20260517,257670.0,0.0,257670.0,257670.0,257670.0,257676.05875598922,258588.83975773636,26.043596622680468,-912.7810017471493,-1329.6257391981576,172.3697739089881,,0.0,-0.1524291964080129,False,False,-1,NEUTRAL,0.06495905615710007,
20260518,257670.0,0.0,257670.0,257670.0,257670.0,257675.12663968318,258520.7775534596,26.043596622680468,-845.6509137764224,-1232.8307741138105,160.05764720120322,,0.0,-0.14235787511649578,False,False,-1,NEUTRAL,0.09690689641789896,
20260519,252711.0,-0.019245546629409693,256678.2,257422.05,257570.82,256911.41484896268,258090.42366061074,7.697745362395281,-1179.008811648062,-1222.0663816206609,502.8392438296887,20.0,-0.019245546629409693,-0.13288841614054347,False,True,-3,DOWN,0.15198388673227514,False
20260520,258657.0,0.023528853116801418,256875.6,257471.4,257590.56,257179.96641066074,258132.3922783433,51.66419217730564,-952.4258676825557,-1168.13827883304,891.6364406989967,10.246852243697965,0.003830480847595741,-0.09759271534731184,True,False,4,UP,0.15926497253118987,True
20260523,266416.0,0.029997255052057303,258624.8,257908.7,257765.48,258600.89465517446,258745.99285031785,71.04570264826793,-145.09819514339324,-963.5302620951106,1382.1624092204968,1.4392043533842769,0.03394263981061041,-0.07052297386875062,True,False,2,UP,0.15926596000240223,True
20260524,274408.0,0.02999819830640793,261972.4,258745.6,258100.24,261032.75701591687,259906.14152807207,79.95948354788824,1126.6154878447996,-545.5011121071286,1854.293665704747,0.9261189576288045,0.06495905615710007,-0.021718360071301235,True,False,4,UP,0.15926649368823065,True
20260525,282640.0,0.029999125389930326,266966.4,259994.1,258599.64,264356.94824423734,261590.13104451116,85.06105017795899,2766.8171997261816,116.96255025953343,2309.844118154408,1.0215171621255466,0.09690689641789896,0.0,True,False,4,UP,0.1592662043589017,True
20260526,291119.0,0.029999292386074128,274648.0,261666.55,259268.62,268474.1869758931,263777.45467084367,88.3505155373345,4696.732305049431,1032.9165012175129,2750.498109714808,1.1173745223379037,0.12981332712384064,0.0,True,False,4,UP,0.15926476801582856,True
20260530,299852.0,0.029998042037792105,282887.0,263775.65,260112.26,273301.5428257557,266449.64321374416,90.63723496564079,6851.899612011563,2196.713123376323,3177.8196733066075,0.8099272011058215,0.16370551480575934,0.0,True,False,4,UP,0.15926523751717503,True
20260531,308847.0,0.02999813241199001,291373.2,266334.5,261135.8,278770.0746987164,269590.18816087424,92.3113289840861,9179.886537842161,3593.3478062694912,3593.332553784707,0.7563356879999932,0.1986145069274654,0.0,True,False,4,UP,0.1592665624079237,True
20260601,318112.0,0.029998672481843736,300114.0,269356.6,262344.64,284822.6785912216,273184.3964452539,93.58388473229863,11638.282145967649,5202.3346742091235,3998.4516570857995,0.7991178890934502,0.23457135095276915,0.0,True,False,4,UP,0.11621692988632937,True
20260602,327655.0,0.029998868323106276,309117.0,272855.85,263744.34,291412.2665002644,277219.2559678277,94.57910791458718,14193.010532436718,7000.469845854643,4394.490824436813,0.8581944028713635,0.2716070943454807,0.0,True,False,4,UP,0.11621675237673768,True
20260603,337484.0,0.029998016206070455,318390.0,276846.55,265340.62,298500.22550022375,281683.3110813219,95.37486706371195,16816.91441890184,8963.758760464083,4782.670051262756,1.8268778011155962,0.3097527845694106,0.0,True,False,5,UP,0.11621884296737028,True
20260606,347608.0,0.029998459186213244,327941.2,281343.45,267139.38,306055.2677309586,286566.6213715944,96.02252516736789,19488.64635936421,11068.73628024411,5164.193619029703,0.7135517697960916,0.34904335002134523,0.0,True,False,4,UP,0.11621999493682544,True
20260607,358036.0,0.02999930956709851,337779.0,286361.75,269146.7,314052.3034646573,291860.6494181429,96.55728227858113,22191.654046514363,13293.31983349816,5540.17978909901,0.6305468419916381,0.3895137190980711,0.0,True,False,4,UP,0.11622015663229401,True
20260608,355082.0,-0.008250566982091145,345173.0,291232.35,271094.94,320364.5644700946,296543.71242420643,92.7530125278685,23820.852045888198,15398.826275976171,5355.452661306224,9.056404408518564,0.3780494430861179,-0.008250566982091145,False,False,2,UP,0.15927025306830545,True
20260609,365734.0,0.029998704524588637,352788.8,296635.55,273256.22,327344.47762854164,301668.9189113023,93.71466864550662,25675.558717239357,17454.17276422881,5733.777471212923,0.2032079684257908,0.4193891411495323,0.0,True,False,4,UP,0.15927149239611293,True
20260610,376706.0,0.029999945315447807,360633.2,302587.35,275636.94,334938.5579933814,307227.22121416876,94.52114464540301,27711.336779212637,19505.605567225575,6107.936223269143,0.23529211868598796,0.4619707377653588,0.0,True,False,4,UP,0.15927009391939606,True
20260613,388007.0,0.02999952217379076,368713.0,309104.2,278243.68,343102.93368670734,313210.90853163775,95.20376534240334,29892.025155069598,21582.88948479438,6478.869350178489,0.16504319795225764,0.5058291613303838,0.0,True,False,4,UP,0.12550546768486126,True
20260614,399647.0,0.02999945877265109,377035.2,316203.05,281083.22,351802.0208118293,319613.5819737386,95.78612590989142,32188.43883809069,23703.999355453645,6847.521539451454,0.16438615883282656,0.5510032211743703,0.0,True,False,4,UP,0.09272432922053708,True
20260615,411636.0,0.029998974094638475,388346.0,323901.35,284162.54,361007.24837924016,326430.0573830913,96.2862917052952,34577.190996148856,25878.63768359269,7214.770000919208,0.20836262454186005,0.5975317266270812,0.0,True,False,4,UP,0.05086532761954743,True
20260616,423985.0,0.029999805653538658,399996.2,332217.1,287488.84,370696.13324397244,333656.34942878823,96.71836394321858,37039.7838151842,28110.866909910994,7581.500715139264,0.2722887243678809,0.6454573679512554,0.0,True,False,4,UP,0.05086500701675756,True
20260617,436704.0,0.029998702784296505,411995.8,341416.75,291069.52,380851.18966797664,341289.5087303595,97.09345100423296,39561.680937617144,30401.029715452227,7948.464949772174,0.30814878272618484,0.7280767358761588,0.0,True,False,4,UP,0.05086511687550388,True
20260620,436704.0,0.0,421735.2,350319.1,294650.2,389443.9297190571,348357.24882440694,97.09345100423296,41086.68089465017,32538.15995129182,7380.717453359875,0.0,0.6883517554135399,0.0,False,False,3,UP,0.07940618817322487,True
20260621,436704.0,0.0,429146.6,358833.5,298230.88,396714.70976227906,354901.4526151916,97.09345100423296,41813.25714708748,34393.179390450954,6853.523349548456,0.0,0.6391808299801813,0.0,False,False,3,UP,0.10909906939254044,True
20260622,432574.0,-0.009457206712097932,433334.2,366741.8,301728.96,402231.5236450053,360654.9746436959,92.79211020154774,41576.54900130938,35829.85331262264,6658.985967437852,4.525810879867733,0.5763899011690621,-0.009457206712097932,False,False,2,UP,0.15283858946677342,True
20260623,445551.0,0.029999491416497603,437647.4,374887.35,305486.58,408896.0584688506,366943.56911453325,93.73176459889342,41952.48935431737,37054.38052096158,7110.272684049434,0.3915118642064625,0.5763904613642796,0.0,True,False,4,UP,0.14734340176545446,True
20260627,458917.0,0.02999881046165309,442090.0,383277.25,309511.52,416591.5879351813,373756.41584679007,94.52365112785917,42835.172088391206,38210.53883444751,7557.110349474475,0.3144748210777655,0.5763897237899278,0.0,True,False,4,UP,0.1473447268242405,True
20260628,471381.0,0.027159595308084095,449025.4,391853.7,313785.74,425020.7282528457,380987.86652480566,95.14021160714863,44032.861728040036,39375.003413166014,7907.602467369155,6.790003306529478,0.5720455424676174,0.0,True,False,5,UP,0.11752913248518704,True
20260629,484348.0,0.027508533436858995,458554.2,400628.75,318319.3,434148.000829331,388644.1727081534,95.68455940787833,45503.82812117762,40600.768354768334,8268.988005414216,2.1722495947456757,0.5682457657027589,0.0,True,False,5,UP,0.08761056100159381,True
20260630,498688.0,0.029606811631306407,471777.0,409657.55,323139.66,444077.2314709724,396795.56732236425,96.19247980390627,47281.664148608164,41936.9475135363,8702.6317193132,0.6892084588158951,0.5676491298662107,0.0,True,False,4,UP,0.05633582520533875,True
20260701,511200.0,0.025089835728952847,484906.8,418834.8,328210.26,454403.8112446689,405269.9697429299,96.57163721583376,49133.84150173899,43376.32631117685,8974.729453647971,1.3471294600584711,0.5601776258564648,0.0,True,False,4,UP,-0.0004323161189357938,False
20260707,526536.0,0.030000000000000027,498430.6,428287.4,333587.58,465501.0710531814,414252.63865086104,96.96992805892808,51248.43240232038,44950.747529405555,9429.105921244543,0.14983633845901942,0.5601806307854595,0.0,True,False,4,UP,-0.05865885713417507,False
20260708,526782.0,0.0004672045216280729,509510.8,437246.1,338969.82,474928.9062757689,422588.1468989454,96.97599686803467,52340.759376823495,46428.749898889146,8773.16978401279,2.0376989804975465,0.5154484361694782,0.0,True,False,5,UP,-0.08732454791545652,False
20260711,526782.0,0.0,517997.6,445683.4,344352.06,482906.305310266,430306.2100916161,96.97599686803466,52600.09521864989,47663.01896284129,8146.514799440449,0.0,0.47131014758292467,0.0,False,False,3,UP,-0.1147039952010509,False
20260712,526782.0,0.0,523616.4,454268.4,349734.3,489656.4121856097,437452.5648996445,96.97599686803466,52203.84728596517,48571.18462746607,7564.620885194702,0.0,0.48355027852721344,0.0,False,False,3,UP,-0.1412614705893519,False
20260713,510979.0,-0.029999126773504026,523572.2,461530.65,354800.48,492936.81031090044,442898.96749967086,83.54976207108129,50037.84281122958,48864.51626421878,8153.076536252223,0.25645678678435574,0.39713288893020615,-0.029999126773504026,False,False,3,UP,-0.11930822988811673,False
20260714,495650.0,-0.029999275899792344,517395.0,467477.85,359560.08,493354.22410922346,446806.45138858416,72.99301204944777,46547.7727206393,48401.167555502885,8665.642497948493,0.2427854172148314,0.3157475591044474,-0.05909845059246521,False,False,1,NEUTRAL,-0.06483405628972061,
20260715,480781.0,-0.029998991223645688,508194.8,472116.55,364022.3,491419.8819385737,449323.0846190594,64.4820876890285,42096.79731951427,47140.29350830516,9108.739462380743,0.35381810066022024,0.23910393369191785,-0.08732454791545652,False,False,2,UP,-0.021550352447372134,False
20260718,466358.0,-0.02999910562189434,496110.0,475452.1,368196.06,487564.20779417775,450584.9302028328,57.480816505893195,36979.27759134496,45108.09032491312,9488.329500782118,0.23239455147586938,0.16692481114583613,-0.1147039952010509,False,False,0,NEUTRAL,0.018925374926558547,
20260719,452368.0,-0.029998413236183352,481227.2,477488.7,372090.02,482149.40659507347,450717.0094470674,51.625518169811166,31432.39714800607,42372.95168953172,9809.877393583394,0.5162073147163774,0.09895150084054838,-0.1412614705893519,False,False,0,NEUTRAL,0.08194876737523438,
20260720,450015.0,-0.005201517348707219,469034.4,478790.2,375936.92,477205.6517342929,450665.0087472846,50.69024307628064,26540.642987008323,39206.48994902704,9277.243294041724,4.521173734639157,0.0613936813802376,-0.14572821394808477,False,False,-1,NEUTRAL,0.11911825161383516,
20260721,463515.0,0.029999000033332113,462607.4,480130.75,380053.82,475099.39762132475,451616.8599511894,55.654158472039796,23482.537670135323,36061.6994932487,9578.868773038745,0.33733541800796024,0.061393987689602136,-0.12010091460983863,False,False,0,NEUTRAL,0.0920466435821925,
20260722,470420.0,0.014897036773351413,460535.2,481816.55,384308.82,474379.4902949671,453009.6851399902,57.983971685690754,21369.8051549769,33123.320625594344,9387.878146393121,2.982606794201736,0.07720561295522832,-0.1069930255779431,False,False,1,NEUTRAL,0.04373751116023983,
20260725,475184.0,0.010127120445559301,462300.4,483740.55,388659.1,474503.26101881836,454652.2269814724,59.56247508761886,19851.034037345962,30468.86330794467,9057.60113593647,1.5513043654781118,0.08811460394225845,-0.09794943638924636,False,False,1,NEUTRAL,0.002277012694030134,
20260726,489439.0,0.029998905687060207,469714.6,486583.8,393294.48,476801.0670159232,457229.0249828448,63.92929523325405,19572.04203307838,28289.499052971412,9428.843911941007,0.3642287905037703,0.13145727667404894,-0.07088890660652791,False,False,2,UP,-0.0021473564632160658,False
20260727,503620.0,0.02897398858693312,480435.6,489487.25,398213.48,480927.0567057812,460665.3935026341,67.66967059747641,20261.663203147124,26683.931883006557,9768.283632516648,1.771950279752884,0.13033075899279778,-0.04396885239055248,False,False,3,UP,-0.0013402962551130049,False
20260728,506180.0,0.005083197649021098,488968.6,491850.4,403183.68,484812.1249048918,464036.8458357723,68.30855227143614,20775.27906911954,25502.201320229156,9253.40623019403,1.0576918181377613,0.10298812203513918,-0.039109157108633164,False,False,2,UP,0.023416571180212564,True
20260729,490995.0,-0.029999209767276436,493083.6,492831.1,407850.18,485763.3364579854,466033.7461442336,60.652286614852024,19729.590313751774,24347.679118933684,9677.091499465885,0.35320344273427223,0.04160965333774591,-0.06793512306798632,False,False,0,NEUTRAL,0.08671778735017677,
20260801,476266.0,-0.029998268821474716,493300.0,492427.0,412222.1,484302.2077721415,466791.6908742904,54.295352380019445,17510.516897851077,22980.246674717164,10037.942106646893,0.20080947418995668,-0.01668634948425507,-0.09589545580524772,False,False,0,NEUTRAL,0.10012262055238041,
20260802,488388.0,0.025452163286902696,493089.8,491912.0,416836.46,484930.791191812,468391.4174761948,58.18015255813982,16539.37371561723,21692.072082897175,10186.803384743544,1.552160924348487,-0.020654196611909703,-0.07288403931797216,False,False,1,NEUTRAL,0.06864214517965217,
20260803,502945.0,0.02980621964503638,492954.8,491499.25,421741.96,487702.2079315332,470950.94210758776,62.321865523977834,16751.26582394546,20703.910831106834,10498.960285833291,0.5931978420148408,-0.016148278560250362,-0.045250217357464706,False,False,2,UP,0.06695960790941347,True
20260805,518033.0,0.02999930409885776,495325.4,491074.1,427048.4,492368.4836343743,474438.50195147016,66.07241561023119,17929.981682904123,20149.125001466295,10826.7488368452,0.2418034760695509,-0.01614894328213079,-0.016608388289653053,False,False,2,UP,0.005767972310644298,True
20260808,533573.0,0.029998088924836797,503841.0,491413.65,432546.72,498707.63999831665,478818.83514025016,69.44590273527808,19888.80485806649,20097.060972786334,11163.4096342134,0.12453906315019503,0.012891480726372473,0.0,True,False,3,UP,,
20260809,523951.0,-0.018033146354856755,513378.0,491272.1,437697.42,502591.2338447295,482161.95846319455,65.12781327459533,20429.275381534942,20163.50385453606,11053.3089460553,2.132301617590931,-0.0053741395871537145,-0.018033146354856755,False,False,3,UP,,
20260810,521912.0,-0.003891585281829757,520082.8,491028.6,442647.5,505563.65940707875,485106.4059844394,64.21658172342609,20457.253422639333,20222.253768156712,10409.429735622778,2.606894194255317,-0.009244810946463677,-0.021854554109746904,False,False,3,UP,,
20260811,536622.0,0.028184828093624992,526818.2,492310.75,447727.14,510341.8656521436,488922.37591151794,67.72498009811542,21419.489740625664,20461.700962650502,10716.613325935437,1.4930119483022528,0.050184058444672,0.0,True,False,5,UP,,
20260815,521021.0,-0.029072606042987448,527415.8,493579.3,452325.18,511984.80939796765,491300.051769924,60.90469828888335,20684.757628043648,20506.31229572913,11065.49808836862,0.6831272270272281,0.05118732976899021,-0.029072606042987448,False,False,4,UP,,
